o bmg_sunscar_environment
s 1
v -200.00000 -3.00000 -190.00000
v 200.00000 -3.00000 -190.00000
v 200.00000 0.00000 -190.00000
v -200.00000 0.00000 -190.00000
v -200.00000 -3.00000 210.00000
v 200.00000 -3.00000 210.00000
v 200.00000 0.00000 210.00000
v -200.00000 0.00000 210.00000
v -85.00000 0.00000 16.50000
v -77.00000 0.00000 16.50000
v -77.00000 4.80000 16.50000
v -85.00000 4.80000 16.50000
v -85.00000 0.00000 23.50000
v -77.00000 0.00000 23.50000
v -77.00000 4.80000 23.50000
v -85.00000 4.80000 23.50000
v -85.30000 4.82500 16.20000
v -76.70000 4.82500 16.20000
v -76.70000 5.17500 16.20000
v -85.30000 5.17500 16.20000
v -85.30000 4.82500 23.80000
v -76.70000 4.82500 23.80000
v -76.70000 5.17500 23.80000
v -85.30000 5.17500 23.80000
v -74.00000 0.00000 15.50000
v -66.00000 0.00000 15.50000
v -66.00000 4.80000 15.50000
v -74.00000 4.80000 15.50000
v -74.00000 0.00000 24.50000
v -66.00000 0.00000 24.50000
v -66.00000 4.80000 24.50000
v -74.00000 4.80000 24.50000
v -74.30000 4.82500 15.20000
v -65.70000 4.82500 15.20000
v -65.70000 5.17500 15.20000
v -74.30000 5.17500 15.20000
v -74.30000 4.82500 24.80000
v -65.70000 4.82500 24.80000
v -65.70000 5.17500 24.80000
v -74.30000 5.17500 24.80000
v -63.00000 0.00000 16.50000
v -55.00000 0.00000 16.50000
v -55.00000 4.80000 16.50000
v -63.00000 4.80000 16.50000
v -63.00000 0.00000 23.50000
v -55.00000 0.00000 23.50000
v -55.00000 4.80000 23.50000
v -63.00000 4.80000 23.50000
v -63.30000 4.82500 16.20000
v -54.70000 4.82500 16.20000
v -54.70000 5.17500 16.20000
v -63.30000 5.17500 16.20000
v -63.30000 4.82500 23.80000
v -54.70000 4.82500 23.80000
v -54.70000 5.17500 23.80000
v -63.30000 5.17500 23.80000
v -85.00000 0.00000 27.50000
v -77.00000 0.00000 27.50000
v -77.00000 4.80000 27.50000
v -85.00000 4.80000 27.50000
v -85.00000 0.00000 36.50000
v -77.00000 0.00000 36.50000
v -77.00000 4.80000 36.50000
v -85.00000 4.80000 36.50000
v -85.30000 4.82500 27.20000
v -76.70000 4.82500 27.20000
v -76.70000 5.17500 27.20000
v -85.30000 5.17500 27.20000
v -85.30000 4.82500 36.80000
v -76.70000 4.82500 36.80000
v -76.70000 5.17500 36.80000
v -85.30000 5.17500 36.80000
v -74.00000 0.00000 28.50000
v -66.00000 0.00000 28.50000
v -66.00000 4.80000 28.50000
v -74.00000 4.80000 28.50000
v -74.00000 0.00000 35.50000
v -66.00000 0.00000 35.50000
v -66.00000 4.80000 35.50000
v -74.00000 4.80000 35.50000
v -74.30000 4.82500 28.20000
v -65.70000 4.82500 28.20000
v -65.70000 5.17500 28.20000
v -74.30000 5.17500 28.20000
v -74.30000 4.82500 35.80000
v -65.70000 4.82500 35.80000
v -65.70000 5.17500 35.80000
v -74.30000 5.17500 35.80000
v -49.60000 0.00000 34.00000
v -49.60000 8.00000 34.00000
v -49.71746 0.00000 34.74164
v -49.71746 8.00000 34.74164
v -50.05836 0.00000 35.41068
v -50.05836 8.00000 35.41068
v -50.58932 0.00000 35.94164
v -50.58932 8.00000 35.94164
v -51.25836 0.00000 36.28254
v -51.25836 8.00000 36.28254
v -52.00000 0.00000 36.40000
v -52.00000 8.00000 36.40000
v -52.74164 0.00000 36.28254
v -52.74164 8.00000 36.28254
v -53.41068 0.00000 35.94164
v -53.41068 8.00000 35.94164
v -53.94164 0.00000 35.41068
v -53.94164 8.00000 35.41068
v -54.28254 0.00000 34.74164
v -54.28254 8.00000 34.74164
v -54.40000 0.00000 34.00000
v -54.40000 8.00000 34.00000
v -54.28254 0.00000 33.25836
v -54.28254 8.00000 33.25836
v -53.94164 0.00000 32.58932
v -53.94164 8.00000 32.58932
v -53.41068 0.00000 32.05836
v -53.41068 8.00000 32.05836
v -52.74164 0.00000 31.71746
v -52.74164 8.00000 31.71746
v -52.00000 0.00000 31.60000
v -52.00000 8.00000 31.60000
v -51.25836 0.00000 31.71746
v -51.25836 8.00000 31.71746
v -50.58932 0.00000 32.05836
v -50.58932 8.00000 32.05836
v -50.05836 0.00000 32.58932
v -50.05836 8.00000 32.58932
v -49.71746 0.00000 33.25836
v -49.71746 8.00000 33.25836
v 44.50000 0.00000 -44.50000
v 53.50000 0.00000 -44.50000
v 53.50000 4.80000 -44.50000
v 44.50000 4.80000 -44.50000
v 44.50000 0.00000 -35.50000
v 53.50000 0.00000 -35.50000
v 53.50000 4.80000 -35.50000
v 44.50000 4.80000 -35.50000
v 44.20000 4.82500 -44.80000
v 53.80000 4.82500 -44.80000
v 53.80000 5.17500 -44.80000
v 44.20000 5.17500 -44.80000
v 44.20000 4.82500 -35.20000
v 53.80000 4.82500 -35.20000
v 53.80000 5.17500 -35.20000
v 44.20000 5.17500 -35.20000
v 55.50000 0.00000 -43.50000
v 64.50000 0.00000 -43.50000
v 64.50000 4.80000 -43.50000
v 55.50000 4.80000 -43.50000
v 55.50000 0.00000 -36.50000
v 64.50000 0.00000 -36.50000
v 64.50000 4.80000 -36.50000
v 55.50000 4.80000 -36.50000
v 55.20000 4.82500 -43.80000
v 64.80000 4.82500 -43.80000
v 64.80000 5.17500 -43.80000
v 55.20000 5.17500 -43.80000
v 55.20000 4.82500 -36.20000
v 64.80000 4.82500 -36.20000
v 64.80000 5.17500 -36.20000
v 55.20000 5.17500 -36.20000
v 66.50000 0.00000 -44.50000
v 75.50000 0.00000 -44.50000
v 75.50000 4.80000 -44.50000
v 66.50000 4.80000 -44.50000
v 66.50000 0.00000 -35.50000
v 75.50000 0.00000 -35.50000
v 75.50000 4.80000 -35.50000
v 66.50000 4.80000 -35.50000
v 66.20000 4.82500 -44.80000
v 75.80000 4.82500 -44.80000
v 75.80000 5.17500 -44.80000
v 66.20000 5.17500 -44.80000
v 66.20000 4.82500 -35.20000
v 75.80000 4.82500 -35.20000
v 75.80000 5.17500 -35.20000
v 66.20000 5.17500 -35.20000
v 44.50000 0.00000 -31.50000
v 53.50000 0.00000 -31.50000
v 53.50000 4.80000 -31.50000
v 44.50000 4.80000 -31.50000
v 44.50000 0.00000 -24.50000
v 53.50000 0.00000 -24.50000
v 53.50000 4.80000 -24.50000
v 44.50000 4.80000 -24.50000
v 44.20000 4.82500 -31.80000
v 53.80000 4.82500 -31.80000
v 53.80000 5.17500 -31.80000
v 44.20000 5.17500 -31.80000
v 44.20000 4.82500 -24.20000
v 53.80000 4.82500 -24.20000
v 53.80000 5.17500 -24.20000
v 44.20000 5.17500 -24.20000
v 55.50000 0.00000 -32.50000
v 64.50000 0.00000 -32.50000
v 64.50000 4.80000 -32.50000
v 55.50000 4.80000 -32.50000
v 55.50000 0.00000 -23.50000
v 64.50000 0.00000 -23.50000
v 64.50000 4.80000 -23.50000
v 55.50000 4.80000 -23.50000
v 55.20000 4.82500 -32.80000
v 64.80000 4.82500 -32.80000
v 64.80000 5.17500 -32.80000
v 55.20000 5.17500 -32.80000
v 55.20000 4.82500 -23.20000
v 64.80000 4.82500 -23.20000
v 64.80000 5.17500 -23.20000
v 55.20000 5.17500 -23.20000
v 80.40000 0.00000 -26.00000
v 80.40000 8.00000 -26.00000
v 80.28254 0.00000 -25.25836
v 80.28254 8.00000 -25.25836
v 79.94164 0.00000 -24.58932
v 79.94164 8.00000 -24.58932
v 79.41068 0.00000 -24.05836
v 79.41068 8.00000 -24.05836
v 78.74164 0.00000 -23.71746
v 78.74164 8.00000 -23.71746
v 78.00000 0.00000 -23.60000
v 78.00000 8.00000 -23.60000
v 77.25836 0.00000 -23.71746
v 77.25836 8.00000 -23.71746
v 76.58932 0.00000 -24.05836
v 76.58932 8.00000 -24.05836
v 76.05836 0.00000 -24.58932
v 76.05836 8.00000 -24.58932
v 75.71746 0.00000 -25.25836
v 75.71746 8.00000 -25.25836
v 75.60000 0.00000 -26.00000
v 75.60000 8.00000 -26.00000
v 75.71746 0.00000 -26.74164
v 75.71746 8.00000 -26.74164
v 76.05836 0.00000 -27.41068
v 76.05836 8.00000 -27.41068
v 76.58932 0.00000 -27.94164
v 76.58932 8.00000 -27.94164
v 77.25836 0.00000 -28.28254
v 77.25836 8.00000 -28.28254
v 78.00000 0.00000 -28.40000
v 78.00000 8.00000 -28.40000
v 78.74164 0.00000 -28.28254
v 78.74164 8.00000 -28.28254
v 79.41068 0.00000 -27.94164
v 79.41068 8.00000 -27.94164
v 79.94164 0.00000 -27.41068
v 79.94164 8.00000 -27.41068
v 80.28254 0.00000 -26.74164
v 80.28254 8.00000 -26.74164
v 66.00000 0.00000 74.50000
v 76.00000 0.00000 74.50000
v 76.00000 4.80000 74.50000
v 66.00000 4.80000 74.50000
v 66.00000 0.00000 81.50000
v 76.00000 0.00000 81.50000
v 76.00000 4.80000 81.50000
v 66.00000 4.80000 81.50000
v 65.70000 4.82500 74.20000
v 76.30000 4.82500 74.20000
v 76.30000 5.17500 74.20000
v 65.70000 5.17500 74.20000
v 65.70000 4.82500 81.80000
v 76.30000 4.82500 81.80000
v 76.30000 5.17500 81.80000
v 65.70000 5.17500 81.80000
v 77.00000 0.00000 73.50000
v 87.00000 0.00000 73.50000
v 87.00000 4.80000 73.50000
v 77.00000 4.80000 73.50000
v 77.00000 0.00000 82.50000
v 87.00000 0.00000 82.50000
v 87.00000 4.80000 82.50000
v 77.00000 4.80000 82.50000
v 76.70000 4.82500 73.20000
v 87.30000 4.82500 73.20000
v 87.30000 5.17500 73.20000
v 76.70000 5.17500 73.20000
v 76.70000 4.82500 82.80000
v 87.30000 4.82500 82.80000
v 87.30000 5.17500 82.80000
v 76.70000 5.17500 82.80000
v 88.00000 0.00000 74.50000
v 98.00000 0.00000 74.50000
v 98.00000 4.80000 74.50000
v 88.00000 4.80000 74.50000
v 88.00000 0.00000 81.50000
v 98.00000 0.00000 81.50000
v 98.00000 4.80000 81.50000
v 88.00000 4.80000 81.50000
v 87.70000 4.82500 74.20000
v 98.30000 4.82500 74.20000
v 98.30000 5.17500 74.20000
v 87.70000 5.17500 74.20000
v 87.70000 4.82500 81.80000
v 98.30000 4.82500 81.80000
v 98.30000 5.17500 81.80000
v 87.70000 5.17500 81.80000
v 66.00000 0.00000 85.50000
v 76.00000 0.00000 85.50000
v 76.00000 4.80000 85.50000
v 66.00000 4.80000 85.50000
v 66.00000 0.00000 94.50000
v 76.00000 0.00000 94.50000
v 76.00000 4.80000 94.50000
v 66.00000 4.80000 94.50000
v 65.70000 4.82500 85.20000
v 76.30000 4.82500 85.20000
v 76.30000 5.17500 85.20000
v 65.70000 5.17500 85.20000
v 65.70000 4.82500 94.80000
v 76.30000 4.82500 94.80000
v 76.30000 5.17500 94.80000
v 65.70000 5.17500 94.80000
v 77.00000 0.00000 86.50000
v 87.00000 0.00000 86.50000
v 87.00000 4.80000 86.50000
v 77.00000 4.80000 86.50000
v 77.00000 0.00000 93.50000
v 87.00000 0.00000 93.50000
v 87.00000 4.80000 93.50000
v 77.00000 4.80000 93.50000
v 76.70000 4.82500 86.20000
v 87.30000 4.82500 86.20000
v 87.30000 5.17500 86.20000
v 76.70000 5.17500 86.20000
v 76.70000 4.82500 93.80000
v 87.30000 4.82500 93.80000
v 87.30000 5.17500 93.80000
v 76.70000 5.17500 93.80000
v 102.40000 0.00000 92.00000
v 102.40000 8.00000 92.00000
v 102.28254 0.00000 92.74164
v 102.28254 8.00000 92.74164
v 101.94164 0.00000 93.41068
v 101.94164 8.00000 93.41068
v 101.41068 0.00000 93.94164
v 101.41068 8.00000 93.94164
v 100.74164 0.00000 94.28254
v 100.74164 8.00000 94.28254
v 100.00000 0.00000 94.40000
v 100.00000 8.00000 94.40000
v 99.25836 0.00000 94.28254
v 99.25836 8.00000 94.28254
v 98.58932 0.00000 93.94164
v 98.58932 8.00000 93.94164
v 98.05836 0.00000 93.41068
v 98.05836 8.00000 93.41068
v 97.71746 0.00000 92.74164
v 97.71746 8.00000 92.74164
v 97.60000 0.00000 92.00000
v 97.60000 8.00000 92.00000
v 97.71746 0.00000 91.25836
v 97.71746 8.00000 91.25836
v 98.05836 0.00000 90.58932
v 98.05836 8.00000 90.58932
v 98.58932 0.00000 90.05836
v 98.58932 8.00000 90.05836
v 99.25836 0.00000 89.71746
v 99.25836 8.00000 89.71746
v 100.00000 0.00000 89.60000
v 100.00000 8.00000 89.60000
v 100.74164 0.00000 89.71746
v 100.74164 8.00000 89.71746
v 101.41068 0.00000 90.05836
v 101.41068 8.00000 90.05836
v 101.94164 0.00000 90.58932
v 101.94164 8.00000 90.58932
v 102.28254 0.00000 91.25836
v 102.28254 8.00000 91.25836
v -120.00000 0.00000 -67.50000
v -112.00000 0.00000 -67.50000
v -112.00000 4.80000 -67.50000
v -120.00000 4.80000 -67.50000
v -120.00000 0.00000 -58.50000
v -112.00000 0.00000 -58.50000
v -112.00000 4.80000 -58.50000
v -120.00000 4.80000 -58.50000
v -120.30000 4.82500 -67.80000
v -111.70000 4.82500 -67.80000
v -111.70000 5.17500 -67.80000
v -120.30000 5.17500 -67.80000
v -120.30000 4.82500 -58.20000
v -111.70000 4.82500 -58.20000
v -111.70000 5.17500 -58.20000
v -120.30000 5.17500 -58.20000
v -109.00000 0.00000 -66.50000
v -101.00000 0.00000 -66.50000
v -101.00000 4.80000 -66.50000
v -109.00000 4.80000 -66.50000
v -109.00000 0.00000 -59.50000
v -101.00000 0.00000 -59.50000
v -101.00000 4.80000 -59.50000
v -109.00000 4.80000 -59.50000
v -109.30000 4.82500 -66.80000
v -100.70000 4.82500 -66.80000
v -100.70000 5.17500 -66.80000
v -109.30000 5.17500 -66.80000
v -109.30000 4.82500 -59.20000
v -100.70000 4.82500 -59.20000
v -100.70000 5.17500 -59.20000
v -109.30000 5.17500 -59.20000
v -98.00000 0.00000 -67.50000
v -90.00000 0.00000 -67.50000
v -90.00000 4.80000 -67.50000
v -98.00000 4.80000 -67.50000
v -98.00000 0.00000 -58.50000
v -90.00000 0.00000 -58.50000
v -90.00000 4.80000 -58.50000
v -98.00000 4.80000 -58.50000
v -98.30000 4.82500 -67.80000
v -89.70000 4.82500 -67.80000
v -89.70000 5.17500 -67.80000
v -98.30000 5.17500 -67.80000
v -98.30000 4.82500 -58.20000
v -89.70000 4.82500 -58.20000
v -89.70000 5.17500 -58.20000
v -98.30000 5.17500 -58.20000
v -120.00000 0.00000 -54.50000
v -112.00000 0.00000 -54.50000
v -112.00000 4.80000 -54.50000
v -120.00000 4.80000 -54.50000
v -120.00000 0.00000 -47.50000
v -112.00000 0.00000 -47.50000
v -112.00000 4.80000 -47.50000
v -120.00000 4.80000 -47.50000
v -120.30000 4.82500 -54.80000
v -111.70000 4.82500 -54.80000
v -111.70000 5.17500 -54.80000
v -120.30000 5.17500 -54.80000
v -120.30000 4.82500 -47.20000
v -111.70000 4.82500 -47.20000
v -111.70000 5.17500 -47.20000
v -120.30000 5.17500 -47.20000
v -109.00000 0.00000 -55.50000
v -101.00000 0.00000 -55.50000
v -101.00000 4.80000 -55.50000
v -109.00000 4.80000 -55.50000
v -109.00000 0.00000 -46.50000
v -101.00000 0.00000 -46.50000
v -101.00000 4.80000 -46.50000
v -109.00000 4.80000 -46.50000
v -109.30000 4.82500 -55.80000
v -100.70000 4.82500 -55.80000
v -100.70000 5.17500 -55.80000
v -109.30000 5.17500 -55.80000
v -109.30000 4.82500 -46.20000
v -100.70000 4.82500 -46.20000
v -100.70000 5.17500 -46.20000
v -109.30000 5.17500 -46.20000
v -84.60000 0.00000 -49.00000
v -84.60000 8.00000 -49.00000
v -84.71746 0.00000 -48.25836
v -84.71746 8.00000 -48.25836
v -85.05836 0.00000 -47.58932
v -85.05836 8.00000 -47.58932
v -85.58932 0.00000 -47.05836
v -85.58932 8.00000 -47.05836
v -86.25836 0.00000 -46.71746
v -86.25836 8.00000 -46.71746
v -87.00000 0.00000 -46.60000
v -87.00000 8.00000 -46.60000
v -87.74164 0.00000 -46.71746
v -87.74164 8.00000 -46.71746
v -88.41068 0.00000 -47.05836
v -88.41068 8.00000 -47.05836
v -88.94164 0.00000 -47.58932
v -88.94164 8.00000 -47.58932
v -89.28254 0.00000 -48.25836
v -89.28254 8.00000 -48.25836
v -89.40000 0.00000 -49.00000
v -89.40000 8.00000 -49.00000
v -89.28254 0.00000 -49.74164
v -89.28254 8.00000 -49.74164
v -88.94164 0.00000 -50.41068
v -88.94164 8.00000 -50.41068
v -88.41068 0.00000 -50.94164
v -88.41068 8.00000 -50.94164
v -87.74164 0.00000 -51.28254
v -87.74164 8.00000 -51.28254
v -87.00000 0.00000 -51.40000
v -87.00000 8.00000 -51.40000
v -86.25836 0.00000 -51.28254
v -86.25836 8.00000 -51.28254
v -85.58932 0.00000 -50.94164
v -85.58932 8.00000 -50.94164
v -85.05836 0.00000 -50.41068
v -85.05836 8.00000 -50.41068
v -84.71746 0.00000 -49.74164
v -84.71746 8.00000 -49.74164
v 134.50000 0.00000 -123.50000
v 143.50000 0.00000 -123.50000
v 143.50000 4.80000 -123.50000
v 134.50000 4.80000 -123.50000
v 134.50000 0.00000 -116.50000
v 143.50000 0.00000 -116.50000
v 143.50000 4.80000 -116.50000
v 134.50000 4.80000 -116.50000
v 134.20000 4.82500 -123.80000
v 143.80000 4.82500 -123.80000
v 143.80000 5.17500 -123.80000
v 134.20000 5.17500 -123.80000
v 134.20000 4.82500 -116.20000
v 143.80000 4.82500 -116.20000
v 143.80000 5.17500 -116.20000
v 134.20000 5.17500 -116.20000
v 145.50000 0.00000 -124.50000
v 154.50000 0.00000 -124.50000
v 154.50000 4.80000 -124.50000
v 145.50000 4.80000 -124.50000
v 145.50000 0.00000 -115.50000
v 154.50000 0.00000 -115.50000
v 154.50000 4.80000 -115.50000
v 145.50000 4.80000 -115.50000
v 145.20000 4.82500 -124.80000
v 154.80000 4.82500 -124.80000
v 154.80000 5.17500 -124.80000
v 145.20000 5.17500 -124.80000
v 145.20000 4.82500 -115.20000
v 154.80000 4.82500 -115.20000
v 154.80000 5.17500 -115.20000
v 145.20000 5.17500 -115.20000
v 156.50000 0.00000 -123.50000
v 165.50000 0.00000 -123.50000
v 165.50000 4.80000 -123.50000
v 156.50000 4.80000 -123.50000
v 156.50000 0.00000 -116.50000
v 165.50000 0.00000 -116.50000
v 165.50000 4.80000 -116.50000
v 156.50000 4.80000 -116.50000
v 156.20000 4.82500 -123.80000
v 165.80000 4.82500 -123.80000
v 165.80000 5.17500 -123.80000
v 156.20000 5.17500 -123.80000
v 156.20000 4.82500 -116.20000
v 165.80000 4.82500 -116.20000
v 165.80000 5.17500 -116.20000
v 156.20000 5.17500 -116.20000
v 134.50000 0.00000 -112.50000
v 143.50000 0.00000 -112.50000
v 143.50000 4.80000 -112.50000
v 134.50000 4.80000 -112.50000
v 134.50000 0.00000 -103.50000
v 143.50000 0.00000 -103.50000
v 143.50000 4.80000 -103.50000
v 134.50000 4.80000 -103.50000
v 134.20000 4.82500 -112.80000
v 143.80000 4.82500 -112.80000
v 143.80000 5.17500 -112.80000
v 134.20000 5.17500 -112.80000
v 134.20000 4.82500 -103.20000
v 143.80000 4.82500 -103.20000
v 143.80000 5.17500 -103.20000
v 134.20000 5.17500 -103.20000
v 145.50000 0.00000 -111.50000
v 154.50000 0.00000 -111.50000
v 154.50000 4.80000 -111.50000
v 145.50000 4.80000 -111.50000
v 145.50000 0.00000 -104.50000
v 154.50000 0.00000 -104.50000
v 154.50000 4.80000 -104.50000
v 145.50000 4.80000 -104.50000
v 145.20000 4.82500 -111.80000
v 154.80000 4.82500 -111.80000
v 154.80000 5.17500 -111.80000
v 145.20000 5.17500 -111.80000
v 145.20000 4.82500 -104.20000
v 154.80000 4.82500 -104.20000
v 154.80000 5.17500 -104.20000
v 145.20000 5.17500 -104.20000
v 170.40000 0.00000 -106.00000
v 170.40000 8.00000 -106.00000
v 170.28254 0.00000 -105.25836
v 170.28254 8.00000 -105.25836
v 169.94164 0.00000 -104.58932
v 169.94164 8.00000 -104.58932
v 169.41068 0.00000 -104.05836
v 169.41068 8.00000 -104.05836
v 168.74164 0.00000 -103.71746
v 168.74164 8.00000 -103.71746
v 168.00000 0.00000 -103.60000
v 168.00000 8.00000 -103.60000
v 167.25836 0.00000 -103.71746
v 167.25836 8.00000 -103.71746
v 166.58932 0.00000 -104.05836
v 166.58932 8.00000 -104.05836
v 166.05836 0.00000 -104.58932
v 166.05836 8.00000 -104.58932
v 165.71746 0.00000 -105.25836
v 165.71746 8.00000 -105.25836
v 165.60000 0.00000 -106.00000
v 165.60000 8.00000 -106.00000
v 165.71746 0.00000 -106.74164
v 165.71746 8.00000 -106.74164
v 166.05836 0.00000 -107.41068
v 166.05836 8.00000 -107.41068
v 166.58932 0.00000 -107.94164
v 166.58932 8.00000 -107.94164
v 167.25836 0.00000 -108.28254
v 167.25836 8.00000 -108.28254
v 168.00000 0.00000 -108.40000
v 168.00000 8.00000 -108.40000
v 168.74164 0.00000 -108.28254
v 168.74164 8.00000 -108.28254
v 169.41068 0.00000 -107.94164
v 169.41068 8.00000 -107.94164
v 169.94164 0.00000 -107.41068
v 169.94164 8.00000 -107.41068
v 170.28254 0.00000 -106.74164
v 170.28254 8.00000 -106.74164
v -26.00000 0.00000 133.50000
v -16.00000 0.00000 133.50000
v -16.00000 4.80000 133.50000
v -26.00000 4.80000 133.50000
v -26.00000 0.00000 142.50000
v -16.00000 0.00000 142.50000
v -16.00000 4.80000 142.50000
v -26.00000 4.80000 142.50000
v -26.30000 4.82500 133.20000
v -15.70000 4.82500 133.20000
v -15.70000 5.17500 133.20000
v -26.30000 5.17500 133.20000
v -26.30000 4.82500 142.80000
v -15.70000 4.82500 142.80000
v -15.70000 5.17500 142.80000
v -26.30000 5.17500 142.80000
v -15.00000 0.00000 134.50000
v -5.00000 0.00000 134.50000
v -5.00000 4.80000 134.50000
v -15.00000 4.80000 134.50000
v -15.00000 0.00000 141.50000
v -5.00000 0.00000 141.50000
v -5.00000 4.80000 141.50000
v -15.00000 4.80000 141.50000
v -15.30000 4.82500 134.20000
v -4.70000 4.82500 134.20000
v -4.70000 5.17500 134.20000
v -15.30000 5.17500 134.20000
v -15.30000 4.82500 141.80000
v -4.70000 4.82500 141.80000
v -4.70000 5.17500 141.80000
v -15.30000 5.17500 141.80000
v -4.00000 0.00000 133.50000
v 6.00000 0.00000 133.50000
v 6.00000 4.80000 133.50000
v -4.00000 4.80000 133.50000
v -4.00000 0.00000 142.50000
v 6.00000 0.00000 142.50000
v 6.00000 4.80000 142.50000
v -4.00000 4.80000 142.50000
v -4.30000 4.82500 133.20000
v 6.30000 4.82500 133.20000
v 6.30000 5.17500 133.20000
v -4.30000 5.17500 133.20000
v -4.30000 4.82500 142.80000
v 6.30000 4.82500 142.80000
v 6.30000 5.17500 142.80000
v -4.30000 5.17500 142.80000
v -26.00000 0.00000 146.50000
v -16.00000 0.00000 146.50000
v -16.00000 4.80000 146.50000
v -26.00000 4.80000 146.50000
v -26.00000 0.00000 153.50000
v -16.00000 0.00000 153.50000
v -16.00000 4.80000 153.50000
v -26.00000 4.80000 153.50000
v -26.30000 4.82500 146.20000
v -15.70000 4.82500 146.20000
v -15.70000 5.17500 146.20000
v -26.30000 5.17500 146.20000
v -26.30000 4.82500 153.80000
v -15.70000 4.82500 153.80000
v -15.70000 5.17500 153.80000
v -26.30000 5.17500 153.80000
v -15.00000 0.00000 145.50000
v -5.00000 0.00000 145.50000
v -5.00000 4.80000 145.50000
v -15.00000 4.80000 145.50000
v -15.00000 0.00000 154.50000
v -5.00000 0.00000 154.50000
v -5.00000 4.80000 154.50000
v -15.00000 4.80000 154.50000
v -15.30000 4.82500 145.20000
v -4.70000 4.82500 145.20000
v -4.70000 5.17500 145.20000
v -15.30000 5.17500 145.20000
v -15.30000 4.82500 154.80000
v -4.70000 4.82500 154.80000
v -4.70000 5.17500 154.80000
v -15.30000 5.17500 154.80000
v 10.40000 0.00000 152.00000
v 10.40000 8.00000 152.00000
v 10.28254 0.00000 152.74164
v 10.28254 8.00000 152.74164
v 9.94164 0.00000 153.41068
v 9.94164 8.00000 153.41068
v 9.41068 0.00000 153.94164
v 9.41068 8.00000 153.94164
v 8.74164 0.00000 154.28254
v 8.74164 8.00000 154.28254
v 8.00000 0.00000 154.40000
v 8.00000 8.00000 154.40000
v 7.25836 0.00000 154.28254
v 7.25836 8.00000 154.28254
v 6.58932 0.00000 153.94164
v 6.58932 8.00000 153.94164
v 6.05836 0.00000 153.41068
v 6.05836 8.00000 153.41068
v 5.71746 0.00000 152.74164
v 5.71746 8.00000 152.74164
v 5.60000 0.00000 152.00000
v 5.60000 8.00000 152.00000
v 5.71746 0.00000 151.25836
v 5.71746 8.00000 151.25836
v 6.05836 0.00000 150.58932
v 6.05836 8.00000 150.58932
v 6.58932 0.00000 150.05836
v 6.58932 8.00000 150.05836
v 7.25836 0.00000 149.71746
v 7.25836 8.00000 149.71746
v 8.00000 0.00000 149.60000
v 8.00000 8.00000 149.60000
v 8.74164 0.00000 149.71746
v 8.74164 8.00000 149.71746
v 9.41068 0.00000 150.05836
v 9.41068 8.00000 150.05836
v 9.94164 0.00000 150.58932
v 9.94164 8.00000 150.58932
v 10.28254 0.00000 151.25836
v 10.28254 8.00000 151.25836
v -147.00000 0.00000 82.50000
v -139.00000 0.00000 82.50000
v -139.00000 4.80000 82.50000
v -147.00000 4.80000 82.50000
v -147.00000 0.00000 89.50000
v -139.00000 0.00000 89.50000
v -139.00000 4.80000 89.50000
v -147.00000 4.80000 89.50000
v -147.30000 4.82500 82.20000
v -138.70000 4.82500 82.20000
v -138.70000 5.17500 82.20000
v -147.30000 5.17500 82.20000
v -147.30000 4.82500 89.80000
v -138.70000 4.82500 89.80000
v -138.70000 5.17500 89.80000
v -147.30000 5.17500 89.80000
v -136.00000 0.00000 81.50000
v -128.00000 0.00000 81.50000
v -128.00000 4.80000 81.50000
v -136.00000 4.80000 81.50000
v -136.00000 0.00000 90.50000
v -128.00000 0.00000 90.50000
v -128.00000 4.80000 90.50000
v -136.00000 4.80000 90.50000
v -136.30000 4.82500 81.20000
v -127.70000 4.82500 81.20000
v -127.70000 5.17500 81.20000
v -136.30000 5.17500 81.20000
v -136.30000 4.82500 90.80000
v -127.70000 4.82500 90.80000
v -127.70000 5.17500 90.80000
v -136.30000 5.17500 90.80000
v -125.00000 0.00000 82.50000
v -117.00000 0.00000 82.50000
v -117.00000 4.80000 82.50000
v -125.00000 4.80000 82.50000
v -125.00000 0.00000 89.50000
v -117.00000 0.00000 89.50000
v -117.00000 4.80000 89.50000
v -125.00000 4.80000 89.50000
v -125.30000 4.82500 82.20000
v -116.70000 4.82500 82.20000
v -116.70000 5.17500 82.20000
v -125.30000 5.17500 82.20000
v -125.30000 4.82500 89.80000
v -116.70000 4.82500 89.80000
v -116.70000 5.17500 89.80000
v -125.30000 5.17500 89.80000
v -147.00000 0.00000 93.50000
v -139.00000 0.00000 93.50000
v -139.00000 4.80000 93.50000
v -147.00000 4.80000 93.50000
v -147.00000 0.00000 102.50000
v -139.00000 0.00000 102.50000
v -139.00000 4.80000 102.50000
v -147.00000 4.80000 102.50000
v -147.30000 4.82500 93.20000
v -138.70000 4.82500 93.20000
v -138.70000 5.17500 93.20000
v -147.30000 5.17500 93.20000
v -147.30000 4.82500 102.80000
v -138.70000 4.82500 102.80000
v -138.70000 5.17500 102.80000
v -147.30000 5.17500 102.80000
v -136.00000 0.00000 94.50000
v -128.00000 0.00000 94.50000
v -128.00000 4.80000 94.50000
v -136.00000 4.80000 94.50000
v -136.00000 0.00000 101.50000
v -128.00000 0.00000 101.50000
v -128.00000 4.80000 101.50000
v -136.00000 4.80000 101.50000
v -136.30000 4.82500 94.20000
v -127.70000 4.82500 94.20000
v -127.70000 5.17500 94.20000
v -136.30000 5.17500 94.20000
v -136.30000 4.82500 101.80000
v -127.70000 4.82500 101.80000
v -127.70000 5.17500 101.80000
v -136.30000 5.17500 101.80000
v -111.60000 0.00000 100.00000
v -111.60000 8.00000 100.00000
v -111.71746 0.00000 100.74164
v -111.71746 8.00000 100.74164
v -112.05836 0.00000 101.41068
v -112.05836 8.00000 101.41068
v -112.58932 0.00000 101.94164
v -112.58932 8.00000 101.94164
v -113.25836 0.00000 102.28254
v -113.25836 8.00000 102.28254
v -114.00000 0.00000 102.40000
v -114.00000 8.00000 102.40000
v -114.74164 0.00000 102.28254
v -114.74164 8.00000 102.28254
v -115.41068 0.00000 101.94164
v -115.41068 8.00000 101.94164
v -115.94164 0.00000 101.41068
v -115.94164 8.00000 101.41068
v -116.28254 0.00000 100.74164
v -116.28254 8.00000 100.74164
v -116.40000 0.00000 100.00000
v -116.40000 8.00000 100.00000
v -116.28254 0.00000 99.25836
v -116.28254 8.00000 99.25836
v -115.94164 0.00000 98.58932
v -115.94164 8.00000 98.58932
v -115.41068 0.00000 98.05836
v -115.41068 8.00000 98.05836
v -114.74164 0.00000 97.71746
v -114.74164 8.00000 97.71746
v -114.00000 0.00000 97.60000
v -114.00000 8.00000 97.60000
v -113.25836 0.00000 97.71746
v -113.25836 8.00000 97.71746
v -112.58932 0.00000 98.05836
v -112.58932 8.00000 98.05836
v -112.05836 0.00000 98.58932
v -112.05836 8.00000 98.58932
v -111.71746 0.00000 99.25836
v -111.71746 8.00000 99.25836
v 178.57954 5.42096 8.00000
v 178.22505 5.42096 9.03540
v 177.23181 5.42096 9.86573
v 175.79652 5.42096 10.32653
v 174.20348 5.42096 10.32653
v 172.76819 5.42096 9.86573
v 171.77495 5.42096 9.03540
v 171.42046 5.42096 8.00000
v 171.77495 5.42096 6.96460
v 172.76819 5.42096 6.13427
v 174.20348 5.42096 5.67347
v 175.79652 5.42096 5.67347
v 177.23181 5.42096 6.13427
v 178.22505 5.42096 6.96460
v 181.45011 4.42898 8.00000
v 180.81135 4.42898 9.86573
v 179.02158 4.42898 11.36193
v 176.43528 4.42898 12.19226
v 173.56472 4.42898 12.19226
v 170.97842 4.42898 11.36193
v 169.18865 4.42898 9.86573
v 168.54989 4.42898 8.00000
v 169.18865 4.42898 6.13427
v 170.97842 4.42898 4.63807
v 173.56472 4.42898 3.80774
v 176.43528 4.42898 3.80774
v 179.02158 4.42898 4.63807
v 180.81135 4.42898 6.13427
v 183.04316 2.99551 8.00000
v 182.24663 2.99551 10.32653
v 180.01483 2.99551 12.19226
v 176.78977 2.99551 13.22766
v 173.21023 2.99551 13.22766
v 169.98517 2.99551 12.19226
v 167.75337 2.99551 10.32653
v 166.95684 2.99551 8.00000
v 167.75337 2.99551 5.67347
v 169.98517 2.99551 3.80774
v 173.21023 2.99551 2.77234
v 176.78977 2.99551 2.77234
v 180.01483 2.99551 3.80774
v 182.24663 2.99551 5.67347
v 183.04316 1.40449 8.00000
v 182.24663 1.40449 10.32653
v 180.01483 1.40449 12.19226
v 176.78977 1.40449 13.22766
v 173.21023 1.40449 13.22766
v 169.98517 1.40449 12.19226
v 167.75337 1.40449 10.32653
v 166.95684 1.40449 8.00000
v 167.75337 1.40449 5.67347
v 169.98517 1.40449 3.80774
v 173.21023 1.40449 2.77234
v 176.78977 1.40449 2.77234
v 180.01483 1.40449 3.80774
v 182.24663 1.40449 5.67347
v 181.45011 -0.02898 8.00000
v 180.81135 -0.02898 9.86573
v 179.02158 -0.02898 11.36193
v 176.43528 -0.02898 12.19226
v 173.56472 -0.02898 12.19226
v 170.97842 -0.02898 11.36193
v 169.18865 -0.02898 9.86573
v 168.54989 -0.02898 8.00000
v 169.18865 -0.02898 6.13427
v 170.97842 -0.02898 4.63807
v 173.56472 -0.02898 3.80774
v 176.43528 -0.02898 3.80774
v 179.02158 -0.02898 4.63807
v 180.81135 -0.02898 6.13427
v 178.57954 -1.02096 8.00000
v 178.22505 -1.02096 9.03540
v 177.23181 -1.02096 9.86573
v 175.79652 -1.02096 10.32653
v 174.20348 -1.02096 10.32653
v 172.76819 -1.02096 9.86573
v 171.77495 -1.02096 9.03540
v 171.42046 -1.02096 8.00000
v 171.77495 -1.02096 6.96460
v 172.76819 -1.02096 6.13427
v 174.20348 -1.02096 5.67347
v 175.79652 -1.02096 5.67347
v 177.23181 -1.02096 6.13427
v 178.22505 -1.02096 6.96460
v 175.00000 5.77500 8.00000
v 175.00000 -1.37500 8.00000
v 181.69900 6.00659 31.36419
v 181.28006 6.00659 32.58785
v 180.10622 6.00659 33.56914
v 178.40998 6.00659 34.11372
v 176.52729 6.00659 34.11372
v 174.83104 6.00659 33.56914
v 173.65720 6.00659 32.58785
v 173.23826 6.00659 31.36419
v 173.65720 6.00659 30.14053
v 174.83104 6.00659 29.15923
v 176.52729 6.00659 28.61465
v 178.40998 6.00659 28.61465
v 180.10622 6.00659 29.15923
v 181.28006 6.00659 30.14053
v 185.09149 4.83424 31.36419
v 184.33659 4.83424 33.56914
v 182.22140 4.83424 35.33738
v 179.16488 4.83424 36.31868
v 175.77238 4.83424 36.31868
v 172.71586 4.83424 35.33738
v 170.60067 4.83424 33.56914
v 169.84577 4.83424 31.36419
v 170.60067 4.83424 29.15923
v 172.71586 4.83424 27.39100
v 175.77238 4.83424 26.40970
v 179.16488 4.83424 26.40970
v 182.22140 4.83424 27.39100
v 184.33659 4.83424 29.15923
v 186.97418 3.14015 31.36419
v 186.03283 3.14015 34.11372
v 183.39524 3.14015 36.31868
v 179.58381 3.14015 37.54234
v 175.35345 3.14015 37.54234
v 171.54202 3.14015 36.31868
v 168.90443 3.14015 34.11372
v 167.96308 3.14015 31.36419
v 168.90443 3.14015 28.61465
v 171.54202 3.14015 26.40970
v 175.35345 3.14015 25.18604
v 179.58381 3.14015 25.18604
v 183.39524 3.14015 26.40970
v 186.03283 3.14015 28.61465
v 186.97418 1.25985 31.36419
v 186.03283 1.25985 34.11372
v 183.39524 1.25985 36.31868
v 179.58381 1.25985 37.54234
v 175.35345 1.25985 37.54234
v 171.54202 1.25985 36.31868
v 168.90443 1.25985 34.11372
v 167.96308 1.25985 31.36419
v 168.90443 1.25985 28.61465
v 171.54202 1.25985 26.40970
v 175.35345 1.25985 25.18604
v 179.58381 1.25985 25.18604
v 183.39524 1.25985 26.40970
v 186.03283 1.25985 28.61465
v 185.09149 -0.43424 31.36419
v 184.33659 -0.43424 33.56914
v 182.22140 -0.43424 35.33738
v 179.16488 -0.43424 36.31868
v 175.77238 -0.43424 36.31868
v 172.71586 -0.43424 35.33738
v 170.60067 -0.43424 33.56914
v 169.84577 -0.43424 31.36419
v 170.60067 -0.43424 29.15923
v 172.71586 -0.43424 27.39100
v 175.77238 -0.43424 26.40970
v 179.16488 -0.43424 26.40970
v 182.22140 -0.43424 27.39100
v 184.33659 -0.43424 29.15923
v 181.69900 -1.60659 31.36419
v 181.28006 -1.60659 32.58785
v 180.10622 -1.60659 33.56914
v 178.40998 -1.60659 34.11372
v 176.52729 -1.60659 34.11372
v 174.83104 -1.60659 33.56914
v 173.65720 -1.60659 32.58785
v 173.23826 -1.60659 31.36419
v 173.65720 -1.60659 30.14053
v 174.83104 -1.60659 29.15923
v 176.52729 -1.60659 28.61465
v 178.40998 -1.60659 28.61465
v 180.10622 -1.60659 29.15923
v 181.28006 -1.60659 30.14053
v 177.46863 6.42500 31.36419
v 177.46863 -2.02500 31.36419
v 181.64562 6.59222 55.36389
v 181.16223 6.59222 56.77580
v 179.80780 6.59222 57.90807
v 177.85059 6.59222 58.53643
v 175.67826 6.59222 58.53643
v 173.72105 6.59222 57.90807
v 172.36662 6.59222 56.77580
v 171.88323 6.59222 55.36389
v 172.36662 6.59222 53.95197
v 173.72105 6.59222 52.81971
v 175.67826 6.59222 52.19134
v 177.85059 6.59222 52.19134
v 179.80780 6.59222 52.81971
v 181.16223 6.59222 53.95197
v 185.56003 5.23951 55.36389
v 184.68899 5.23951 57.90807
v 182.24840 5.23951 59.94834
v 178.72163 5.23951 61.08061
v 174.80722 5.23951 61.08061
v 171.28046 5.23951 59.94834
v 168.83986 5.23951 57.90807
v 167.96882 5.23951 55.36389
v 168.83986 5.23951 52.81971
v 171.28046 5.23951 50.77943
v 174.80722 5.23951 49.64717
v 178.72163 5.23951 49.64717
v 182.24840 5.23951 50.77943
v 184.68899 5.23951 52.81971
v 187.73237 3.28479 55.36389
v 186.64620 3.28479 58.53643
v 183.60282 3.28479 61.08061
v 179.20502 3.28479 62.49252
v 174.32383 3.28479 62.49252
v 169.92603 3.28479 61.08061
v 166.88265 3.28479 58.53643
v 165.79649 3.28479 55.36389
v 166.88265 3.28479 52.19134
v 169.92603 3.28479 49.64717
v 174.32383 3.28479 48.23525
v 179.20502 3.28479 48.23525
v 183.60282 3.28479 49.64717
v 186.64620 3.28479 52.19134
v 187.73237 1.11521 55.36389
v 186.64620 1.11521 58.53643
v 183.60282 1.11521 61.08061
v 179.20502 1.11521 62.49252
v 174.32383 1.11521 62.49252
v 169.92603 1.11521 61.08061
v 166.88265 1.11521 58.53643
v 165.79649 1.11521 55.36389
v 166.88265 1.11521 52.19134
v 169.92603 1.11521 49.64717
v 174.32383 1.11521 48.23525
v 179.20502 1.11521 48.23525
v 183.60282 1.11521 49.64717
v 186.64620 1.11521 52.19134
v 185.56003 -0.83951 55.36389
v 184.68899 -0.83951 57.90807
v 182.24840 -0.83951 59.94834
v 178.72163 -0.83951 61.08061
v 174.80722 -0.83951 61.08061
v 171.28046 -0.83951 59.94834
v 168.83986 -0.83951 57.90807
v 167.96882 -0.83951 55.36389
v 168.83986 -0.83951 52.81971
v 171.28046 -0.83951 50.77943
v 174.80722 -0.83951 49.64717
v 178.72163 -0.83951 49.64717
v 182.24840 -0.83951 50.77943
v 184.68899 -0.83951 52.81971
v 181.64562 -2.19222 55.36389
v 181.16223 -2.19222 56.77580
v 179.80780 -2.19222 57.90807
v 177.85059 -2.19222 58.53643
v 175.67826 -2.19222 58.53643
v 173.72105 -2.19222 57.90807
v 172.36662 -2.19222 56.77580
v 171.88323 -2.19222 55.36389
v 172.36662 -2.19222 53.95197
v 173.72105 -2.19222 52.81971
v 175.67826 -2.19222 52.19134
v 177.85059 -2.19222 52.19134
v 179.80780 -2.19222 52.81971
v 181.16223 -2.19222 53.95197
v 176.76443 7.07500 55.36389
v 176.76443 -2.67500 55.36389
v 178.29749 7.17785 79.56180
v 177.74965 7.17785 81.16197
v 176.21463 7.17785 82.44521
v 173.99646 7.17785 83.15735
v 171.53448 7.17785 83.15735
v 169.31632 7.17785 82.44521
v 167.78130 7.17785 81.16197
v 167.23345 7.17785 79.56180
v 167.78130 7.17785 77.96163
v 169.31632 7.17785 76.67840
v 171.53448 7.17785 75.96626
v 173.99646 7.17785 75.96626
v 176.21463 7.17785 76.67840
v 177.74965 7.17785 77.96163
v 182.73382 5.64478 79.56180
v 181.74665 5.64478 82.44521
v 178.98064 5.64478 84.75752
v 174.98364 5.64478 86.04075
v 170.54731 5.64478 86.04075
v 166.55031 5.64478 84.75752
v 163.78430 5.64478 82.44521
v 162.79712 5.64478 79.56180
v 163.78430 5.64478 76.67840
v 166.55031 5.64478 74.36609
v 170.54731 5.64478 73.08285
v 174.98364 5.64478 73.08285
v 178.98064 5.64478 74.36609
v 181.74665 5.64478 76.67840
v 185.19580 3.42943 79.56180
v 183.96481 3.42943 83.15735
v 180.51566 3.42943 86.04075
v 175.53148 3.42943 87.64092
v 169.99946 3.42943 87.64092
v 165.01529 3.42943 86.04075
v 161.56613 3.42943 83.15735
v 160.33514 3.42943 79.56180
v 161.56613 3.42943 75.96626
v 165.01529 3.42943 73.08285
v 169.99946 3.42943 71.48268
v 175.53148 3.42943 71.48268
v 180.51566 3.42943 73.08285
v 183.96481 3.42943 75.96626
v 185.19580 0.97057 79.56180
v 183.96481 0.97057 83.15735
v 180.51566 0.97057 86.04075
v 175.53148 0.97057 87.64092
v 169.99946 0.97057 87.64092
v 165.01529 0.97057 86.04075
v 161.56613 0.97057 83.15735
v 160.33514 0.97057 79.56180
v 161.56613 0.97057 75.96626
v 165.01529 0.97057 73.08285
v 169.99946 0.97057 71.48268
v 175.53148 0.97057 71.48268
v 180.51566 0.97057 73.08285
v 183.96481 0.97057 75.96626
v 182.73382 -1.24478 79.56180
v 181.74665 -1.24478 82.44521
v 178.98064 -1.24478 84.75752
v 174.98364 -1.24478 86.04075
v 170.54731 -1.24478 86.04075
v 166.55031 -1.24478 84.75752
v 163.78430 -1.24478 82.44521
v 162.79712 -1.24478 79.56180
v 163.78430 -1.24478 76.67840
v 166.55031 -1.24478 74.36609
v 170.54731 -1.24478 73.08285
v 174.98364 -1.24478 73.08285
v 178.98064 -1.24478 74.36609
v 181.74665 -1.24478 76.67840
v 178.29749 -2.77785 79.56180
v 177.74965 -2.77785 81.16197
v 176.21463 -2.77785 82.44521
v 173.99646 -2.77785 83.15735
v 171.53448 -2.77785 83.15735
v 169.31632 -2.77785 82.44521
v 167.78130 -2.77785 81.16197
v 167.23345 -2.77785 79.56180
v 167.78130 -2.77785 77.96163
v 169.31632 -2.77785 76.67840
v 171.53448 -2.77785 75.96626
v 173.99646 -2.77785 75.96626
v 176.21463 -2.77785 76.67840
v 177.74965 -2.77785 77.96163
v 172.76547 7.72500 79.56180
v 172.76547 -3.32500 79.56180
v 168.99039 5.42096 103.50000
v 168.63591 5.42096 104.53540
v 167.64266 5.42096 105.36573
v 166.20737 5.42096 105.82653
v 164.61433 5.42096 105.82653
v 163.17904 5.42096 105.36573
v 162.18580 5.42096 104.53540
v 161.83131 5.42096 103.50000
v 162.18580 5.42096 102.46460
v 163.17904 5.42096 101.63427
v 164.61433 5.42096 101.17347
v 166.20737 5.42096 101.17347
v 167.64266 5.42096 101.63427
v 168.63591 5.42096 102.46460
v 171.86096 4.42898 103.50000
v 171.22220 4.42898 105.36573
v 169.43243 4.42898 106.86193
v 166.84614 4.42898 107.69226
v 163.97557 4.42898 107.69226
v 161.38927 4.42898 106.86193
v 159.59950 4.42898 105.36573
v 158.96074 4.42898 103.50000
v 159.59950 4.42898 101.63427
v 161.38927 4.42898 100.13807
v 163.97557 4.42898 99.30774
v 166.84614 4.42898 99.30774
v 169.43243 4.42898 100.13807
v 171.22220 4.42898 101.63427
v 173.45401 2.99551 103.50000
v 172.65748 2.99551 105.82653
v 170.42568 2.99551 107.69226
v 167.20062 2.99551 108.72766
v 163.62108 2.99551 108.72766
v 160.39603 2.99551 107.69226
v 158.16422 2.99551 105.82653
v 157.36770 2.99551 103.50000
v 158.16422 2.99551 101.17347
v 160.39603 2.99551 99.30774
v 163.62108 2.99551 98.27234
v 167.20062 2.99551 98.27234
v 170.42568 2.99551 99.30774
v 172.65748 2.99551 101.17347
v 173.45401 1.40449 103.50000
v 172.65748 1.40449 105.82653
v 170.42568 1.40449 107.69226
v 167.20062 1.40449 108.72766
v 163.62108 1.40449 108.72766
v 160.39603 1.40449 107.69226
v 158.16422 1.40449 105.82653
v 157.36770 1.40449 103.50000
v 158.16422 1.40449 101.17347
v 160.39603 1.40449 99.30774
v 163.62108 1.40449 98.27234
v 167.20062 1.40449 98.27234
v 170.42568 1.40449 99.30774
v 172.65748 1.40449 101.17347
v 171.86096 -0.02898 103.50000
v 171.22220 -0.02898 105.36573
v 169.43243 -0.02898 106.86193
v 166.84614 -0.02898 107.69226
v 163.97557 -0.02898 107.69226
v 161.38927 -0.02898 106.86193
v 159.59950 -0.02898 105.36573
v 158.96074 -0.02898 103.50000
v 159.59950 -0.02898 101.63427
v 161.38927 -0.02898 100.13807
v 163.97557 -0.02898 99.30774
v 166.84614 -0.02898 99.30774
v 169.43243 -0.02898 100.13807
v 171.22220 -0.02898 101.63427
v 168.99039 -1.02096 103.50000
v 168.63591 -1.02096 104.53540
v 167.64266 -1.02096 105.36573
v 166.20737 -1.02096 105.82653
v 164.61433 -1.02096 105.82653
v 163.17904 -1.02096 105.36573
v 162.18580 -1.02096 104.53540
v 161.83131 -1.02096 103.50000
v 162.18580 -1.02096 102.46460
v 163.17904 -1.02096 101.63427
v 164.61433 -1.02096 101.17347
v 166.20737 -1.02096 101.17347
v 167.64266 -1.02096 101.63427
v 168.63591 -1.02096 102.46460
v 165.41085 5.77500 103.50000
v 165.41085 -1.37500 103.50000
v 143.06720 6.00659 114.53325
v 142.64826 6.00659 115.75691
v 141.47442 6.00659 116.73821
v 139.77818 6.00659 117.28278
v 137.89549 6.00659 117.28278
v 136.19924 6.00659 116.73821
v 135.02541 6.00659 115.75691
v 134.60647 6.00659 114.53325
v 135.02541 6.00659 113.30959
v 136.19924 6.00659 112.32829
v 137.89549 6.00659 111.78372
v 139.77818 6.00659 111.78372
v 141.47442 6.00659 112.32829
v 142.64826 6.00659 113.30959
v 146.45969 4.83424 114.53325
v 145.70479 4.83424 116.73821
v 143.58961 4.83424 118.50644
v 140.53308 4.83424 119.48774
v 137.14059 4.83424 119.48774
v 134.08406 4.83424 118.50644
v 131.96888 4.83424 116.73821
v 131.21398 4.83424 114.53325
v 131.96888 4.83424 112.32829
v 134.08406 4.83424 110.56006
v 137.14059 4.83424 109.57876
v 140.53308 4.83424 109.57876
v 143.58961 4.83424 110.56006
v 145.70479 4.83424 112.32829
v 148.34238 3.14015 114.53325
v 147.40104 3.14015 117.28278
v 144.76345 3.14015 119.48774
v 140.95202 3.14015 120.71140
v 136.72165 3.14015 120.71140
v 132.91022 3.14015 119.48774
v 130.27263 3.14015 117.28278
v 129.33129 3.14015 114.53325
v 130.27263 3.14015 111.78372
v 132.91022 3.14015 109.57876
v 136.72165 3.14015 108.35510
v 140.95202 3.14015 108.35510
v 144.76345 3.14015 109.57876
v 147.40104 3.14015 111.78372
v 148.34238 1.25985 114.53325
v 147.40104 1.25985 117.28278
v 144.76345 1.25985 119.48774
v 140.95202 1.25985 120.71140
v 136.72165 1.25985 120.71140
v 132.91022 1.25985 119.48774
v 130.27263 1.25985 117.28278
v 129.33129 1.25985 114.53325
v 130.27263 1.25985 111.78372
v 132.91022 1.25985 109.57876
v 136.72165 1.25985 108.35510
v 140.95202 1.25985 108.35510
v 144.76345 1.25985 109.57876
v 147.40104 1.25985 111.78372
v 146.45969 -0.43424 114.53325
v 145.70479 -0.43424 116.73821
v 143.58961 -0.43424 118.50644
v 140.53308 -0.43424 119.48774
v 137.14059 -0.43424 119.48774
v 134.08406 -0.43424 118.50644
v 131.96888 -0.43424 116.73821
v 131.21398 -0.43424 114.53325
v 131.96888 -0.43424 112.32829
v 134.08406 -0.43424 110.56006
v 137.14059 -0.43424 109.57876
v 140.53308 -0.43424 109.57876
v 143.58961 -0.43424 110.56006
v 145.70479 -0.43424 112.32829
v 143.06720 -1.60659 114.53325
v 142.64826 -1.60659 115.75691
v 141.47442 -1.60659 116.73821
v 139.77818 -1.60659 117.28278
v 137.89549 -1.60659 117.28278
v 136.19924 -1.60659 116.73821
v 135.02541 -1.60659 115.75691
v 134.60647 -1.60659 114.53325
v 135.02541 -1.60659 113.30959
v 136.19924 -1.60659 112.32829
v 137.89549 -1.60659 111.78372
v 139.77818 -1.60659 111.78372
v 141.47442 -1.60659 112.32829
v 142.64826 -1.60659 113.30959
v 138.83683 6.42500 114.53325
v 138.83683 -2.02500 114.53325
v 131.45331 6.59222 134.57211
v 130.96992 6.59222 135.98403
v 129.61549 6.59222 137.11629
v 127.65828 6.59222 137.74465
v 125.48595 6.59222 137.74465
v 123.52874 6.59222 137.11629
v 122.17431 6.59222 135.98403
v 121.69092 6.59222 134.57211
v 122.17431 6.59222 133.16020
v 123.52874 6.59222 132.02793
v 125.48595 6.59222 131.39957
v 127.65828 6.59222 131.39957
v 129.61549 6.59222 132.02793
v 130.96992 6.59222 133.16020
v 135.36772 5.23951 134.57211
v 134.49668 5.23951 137.11629
v 132.05608 5.23951 139.15657
v 128.52932 5.23951 140.28883
v 124.61491 5.23951 140.28883
v 121.08814 5.23951 139.15657
v 118.64755 5.23951 137.11629
v 117.77651 5.23951 134.57211
v 118.64755 5.23951 132.02793
v 121.08814 5.23951 129.98766
v 124.61491 5.23951 128.85539
v 128.52932 5.23951 128.85539
v 132.05608 5.23951 129.98766
v 134.49668 5.23951 132.02793
v 137.54005 3.28479 134.57211
v 136.45389 3.28479 137.74465
v 133.41051 3.28479 140.28883
v 129.01271 3.28479 141.70075
v 124.13152 3.28479 141.70075
v 119.73372 3.28479 140.28883
v 116.69034 3.28479 137.74465
v 115.60417 3.28479 134.57211
v 116.69034 3.28479 131.39957
v 119.73372 3.28479 128.85539
v 124.13152 3.28479 127.44348
v 129.01271 3.28479 127.44348
v 133.41051 3.28479 128.85539
v 136.45389 3.28479 131.39957
v 137.54005 1.11521 134.57211
v 136.45389 1.11521 137.74465
v 133.41051 1.11521 140.28883
v 129.01271 1.11521 141.70075
v 124.13152 1.11521 141.70075
v 119.73372 1.11521 140.28883
v 116.69034 1.11521 137.74465
v 115.60417 1.11521 134.57211
v 116.69034 1.11521 131.39957
v 119.73372 1.11521 128.85539
v 124.13152 1.11521 127.44348
v 129.01271 1.11521 127.44348
v 133.41051 1.11521 128.85539
v 136.45389 1.11521 131.39957
v 135.36772 -0.83951 134.57211
v 134.49668 -0.83951 137.11629
v 132.05608 -0.83951 139.15657
v 128.52932 -0.83951 140.28883
v 124.61491 -0.83951 140.28883
v 121.08814 -0.83951 139.15657
v 118.64755 -0.83951 137.11629
v 117.77651 -0.83951 134.57211
v 118.64755 -0.83951 132.02793
v 121.08814 -0.83951 129.98766
v 124.61491 -0.83951 128.85539
v 128.52932 -0.83951 128.85539
v 132.05608 -0.83951 129.98766
v 134.49668 -0.83951 132.02793
v 131.45331 -2.19222 134.57211
v 130.96992 -2.19222 135.98403
v 129.61549 -2.19222 137.11629
v 127.65828 -2.19222 137.74465
v 125.48595 -2.19222 137.74465
v 123.52874 -2.19222 137.11629
v 122.17431 -2.19222 135.98403
v 121.69092 -2.19222 134.57211
v 122.17431 -2.19222 133.16020
v 123.52874 -2.19222 132.02793
v 125.48595 -2.19222 131.39957
v 127.65828 -2.19222 131.39957
v 129.61549 -2.19222 132.02793
v 130.96992 -2.19222 133.16020
v 126.57211 7.07500 134.57211
v 126.57211 -2.67500 134.57211
v 116.93536 7.17785 153.18366
v 116.38752 7.17785 154.78383
v 114.85250 7.17785 156.06706
v 112.63433 7.17785 156.77921
v 110.17235 7.17785 156.77921
v 107.95418 7.17785 156.06706
v 106.41917 7.17785 154.78383
v 105.87132 7.17785 153.18366
v 106.41917 7.17785 151.58349
v 107.95418 7.17785 150.30026
v 110.17235 7.17785 149.58812
v 112.63433 7.17785 149.58812
v 114.85250 7.17785 150.30026
v 116.38752 7.17785 151.58349
v 121.37169 5.64478 153.18366
v 120.38452 5.64478 156.06706
v 117.61851 5.64478 158.37938
v 113.62151 5.64478 159.66261
v 109.18517 5.64478 159.66261
v 105.18818 5.64478 158.37938
v 102.42217 5.64478 156.06706
v 101.43499 5.64478 153.18366
v 102.42217 5.64478 150.30026
v 105.18818 5.64478 147.98795
v 109.18517 5.64478 146.70471
v 113.62151 5.64478 146.70471
v 117.61851 5.64478 147.98795
v 120.38452 5.64478 150.30026
v 123.83367 3.42943 153.18366
v 122.60268 3.42943 156.77921
v 119.15353 3.42943 159.66261
v 114.16935 3.42943 161.26278
v 108.63733 3.42943 161.26278
v 103.65316 3.42943 159.66261
v 100.20400 3.42943 156.77921
v 98.97301 3.42943 153.18366
v 100.20400 3.42943 149.58812
v 103.65316 3.42943 146.70471
v 108.63733 3.42943 145.10454
v 114.16935 3.42943 145.10454
v 119.15353 3.42943 146.70471
v 122.60268 3.42943 149.58812
v 123.83367 0.97057 153.18366
v 122.60268 0.97057 156.77921
v 119.15353 0.97057 159.66261
v 114.16935 0.97057 161.26278
v 108.63733 0.97057 161.26278
v 103.65316 0.97057 159.66261
v 100.20400 0.97057 156.77921
v 98.97301 0.97057 153.18366
v 100.20400 0.97057 149.58812
v 103.65316 0.97057 146.70471
v 108.63733 0.97057 145.10454
v 114.16935 0.97057 145.10454
v 119.15353 0.97057 146.70471
v 122.60268 0.97057 149.58812
v 121.37169 -1.24478 153.18366
v 120.38452 -1.24478 156.06706
v 117.61851 -1.24478 158.37938
v 113.62151 -1.24478 159.66261
v 109.18517 -1.24478 159.66261
v 105.18818 -1.24478 158.37938
v 102.42217 -1.24478 156.06706
v 101.43499 -1.24478 153.18366
v 102.42217 -1.24478 150.30026
v 105.18818 -1.24478 147.98795
v 109.18517 -1.24478 146.70471
v 113.62151 -1.24478 146.70471
v 117.61851 -1.24478 147.98795
v 120.38452 -1.24478 150.30026
v 116.93536 -2.77785 153.18366
v 116.38752 -2.77785 154.78383
v 114.85250 -2.77785 156.06706
v 112.63433 -2.77785 156.77921
v 110.17235 -2.77785 156.77921
v 107.95418 -2.77785 156.06706
v 106.41917 -2.77785 154.78383
v 105.87132 -2.77785 153.18366
v 106.41917 -2.77785 151.58349
v 107.95418 -2.77785 150.30026
v 110.17235 -2.77785 149.58812
v 112.63433 -2.77785 149.58812
v 114.85250 -2.77785 150.30026
v 116.38752 -2.77785 151.58349
v 111.40334 7.72500 153.18366
v 111.40334 -3.32500 153.18366
v 97.07954 5.42096 169.94675
v 96.72505 5.42096 170.98215
v 95.73181 5.42096 171.81248
v 94.29652 5.42096 172.27328
v 92.70348 5.42096 172.27328
v 91.26819 5.42096 171.81248
v 90.27495 5.42096 170.98215
v 89.92046 5.42096 169.94675
v 90.27495 5.42096 168.91135
v 91.26819 5.42096 168.08102
v 92.70348 5.42096 167.62022
v 94.29652 5.42096 167.62022
v 95.73181 5.42096 168.08102
v 96.72505 5.42096 168.91135
v 99.95011 4.42898 169.94675
v 99.31135 4.42898 171.81248
v 97.52158 4.42898 173.30868
v 94.93528 4.42898 174.13901
v 92.06472 4.42898 174.13901
v 89.47842 4.42898 173.30868
v 87.68865 4.42898 171.81248
v 87.04989 4.42898 169.94675
v 87.68865 4.42898 168.08102
v 89.47842 4.42898 166.58482
v 92.06472 4.42898 165.75449
v 94.93528 4.42898 165.75449
v 97.52158 4.42898 166.58482
v 99.31135 4.42898 168.08102
v 101.54316 2.99551 169.94675
v 100.74663 2.99551 172.27328
v 98.51483 2.99551 174.13901
v 95.28977 2.99551 175.17441
v 91.71023 2.99551 175.17441
v 88.48517 2.99551 174.13901
v 86.25337 2.99551 172.27328
v 85.45684 2.99551 169.94675
v 86.25337 2.99551 167.62022
v 88.48517 2.99551 165.75449
v 91.71023 2.99551 164.71909
v 95.28977 2.99551 164.71909
v 98.51483 2.99551 165.75449
v 100.74663 2.99551 167.62022
v 101.54316 1.40449 169.94675
v 100.74663 1.40449 172.27328
v 98.51483 1.40449 174.13901
v 95.28977 1.40449 175.17441
v 91.71023 1.40449 175.17441
v 88.48517 1.40449 174.13901
v 86.25337 1.40449 172.27328
v 85.45684 1.40449 169.94675
v 86.25337 1.40449 167.62022
v 88.48517 1.40449 165.75449
v 91.71023 1.40449 164.71909
v 95.28977 1.40449 164.71909
v 98.51483 1.40449 165.75449
v 100.74663 1.40449 167.62022
v 99.95011 -0.02898 169.94675
v 99.31135 -0.02898 171.81248
v 97.52158 -0.02898 173.30868
v 94.93528 -0.02898 174.13901
v 92.06472 -0.02898 174.13901
v 89.47842 -0.02898 173.30868
v 87.68865 -0.02898 171.81248
v 87.04989 -0.02898 169.94675
v 87.68865 -0.02898 168.08102
v 89.47842 -0.02898 166.58482
v 92.06472 -0.02898 165.75449
v 94.93528 -0.02898 165.75449
v 97.52158 -0.02898 166.58482
v 99.31135 -0.02898 168.08102
v 97.07954 -1.02096 169.94675
v 96.72505 -1.02096 170.98215
v 95.73181 -1.02096 171.81248
v 94.29652 -1.02096 172.27328
v 92.70348 -1.02096 172.27328
v 91.26819 -1.02096 171.81248
v 90.27495 -1.02096 170.98215
v 89.92046 -1.02096 169.94675
v 90.27495 -1.02096 168.91135
v 91.26819 -1.02096 168.08102
v 92.70348 -1.02096 167.62022
v 94.29652 -1.02096 167.62022
v 95.73181 -1.02096 168.08102
v 96.72505 -1.02096 168.91135
v 93.50000 5.77500 169.94675
v 93.50000 -1.37500 169.94675
v 77.32290 6.00659 184.46099
v 76.90396 6.00659 185.68465
v 75.73013 6.00659 186.66595
v 74.03388 6.00659 187.21053
v 72.15119 6.00659 187.21053
v 70.45495 6.00659 186.66595
v 69.28111 6.00659 185.68465
v 68.86217 6.00659 184.46099
v 69.28111 6.00659 183.23733
v 70.45495 6.00659 182.25603
v 72.15119 6.00659 181.71146
v 74.03388 6.00659 181.71146
v 75.73013 6.00659 182.25603
v 76.90396 6.00659 183.23733
v 80.71539 4.83424 184.46099
v 79.96049 4.83424 186.66595
v 77.84531 4.83424 188.43418
v 74.78878 4.83424 189.41548
v 71.39629 4.83424 189.41548
v 68.33976 4.83424 188.43418
v 66.22458 4.83424 186.66595
v 65.46968 4.83424 184.46099
v 66.22458 4.83424 182.25603
v 68.33976 4.83424 180.48780
v 71.39629 4.83424 179.50650
v 74.78878 4.83424 179.50650
v 77.84531 4.83424 180.48780
v 79.96049 4.83424 182.25603
v 82.59808 3.14015 184.46099
v 81.65674 3.14015 187.21053
v 79.01915 3.14015 189.41548
v 75.20772 3.14015 190.63914
v 70.97735 3.14015 190.63914
v 67.16592 3.14015 189.41548
v 64.52833 3.14015 187.21053
v 63.58699 3.14015 184.46099
v 64.52833 3.14015 181.71146
v 67.16592 3.14015 179.50650
v 70.97735 3.14015 178.28284
v 75.20772 3.14015 178.28284
v 79.01915 3.14015 179.50650
v 81.65674 3.14015 181.71146
v 82.59808 1.25985 184.46099
v 81.65674 1.25985 187.21053
v 79.01915 1.25985 189.41548
v 75.20772 1.25985 190.63914
v 70.97735 1.25985 190.63914
v 67.16592 1.25985 189.41548
v 64.52833 1.25985 187.21053
v 63.58699 1.25985 184.46099
v 64.52833 1.25985 181.71146
v 67.16592 1.25985 179.50650
v 70.97735 1.25985 178.28284
v 75.20772 1.25985 178.28284
v 79.01915 1.25985 179.50650
v 81.65674 1.25985 181.71146
v 80.71539 -0.43424 184.46099
v 79.96049 -0.43424 186.66595
v 77.84531 -0.43424 188.43418
v 74.78878 -0.43424 189.41548
v 71.39629 -0.43424 189.41548
v 68.33976 -0.43424 188.43418
v 66.22458 -0.43424 186.66595
v 65.46968 -0.43424 184.46099
v 66.22458 -0.43424 182.25603
v 68.33976 -0.43424 180.48780
v 71.39629 -0.43424 179.50650
v 74.78878 -0.43424 179.50650
v 77.84531 -0.43424 180.48780
v 79.96049 -0.43424 182.25603
v 77.32290 -1.60659 184.46099
v 76.90396 -1.60659 185.68465
v 75.73013 -1.60659 186.66595
v 74.03388 -1.60659 187.21053
v 72.15119 -1.60659 187.21053
v 70.45495 -1.60659 186.66595
v 69.28111 -1.60659 185.68465
v 68.86217 -1.60659 184.46099
v 69.28111 -1.60659 183.23733
v 70.45495 -1.60659 182.25603
v 72.15119 -1.60659 181.71146
v 74.03388 -1.60659 181.71146
v 75.73013 -1.60659 182.25603
v 76.90396 -1.60659 183.23733
v 73.09254 6.42500 184.46099
v 73.09254 -2.02500 184.46099
v 50.17452 6.59222 177.03702
v 49.69113 6.59222 178.44893
v 48.33671 6.59222 179.58120
v 46.37950 6.59222 180.20956
v 44.20717 6.59222 180.20956
v 42.24996 6.59222 179.58120
v 40.89553 6.59222 178.44893
v 40.41214 6.59222 177.03702
v 40.89553 6.59222 175.62511
v 42.24996 6.59222 174.49284
v 44.20717 6.59222 173.86448
v 46.37950 6.59222 173.86448
v 48.33671 6.59222 174.49284
v 49.69113 6.59222 175.62511
v 54.08894 5.23951 177.03702
v 53.21790 5.23951 179.58120
v 50.77730 5.23951 181.62147
v 47.25054 5.23951 182.75374
v 43.33613 5.23951 182.75374
v 39.80936 5.23951 181.62147
v 37.36877 5.23951 179.58120
v 36.49773 5.23951 177.03702
v 37.36877 5.23951 174.49284
v 39.80936 5.23951 172.45257
v 43.33613 5.23951 171.32030
v 47.25054 5.23951 171.32030
v 50.77730 5.23951 172.45257
v 53.21790 5.23951 174.49284
v 56.26127 3.28479 177.03702
v 55.17510 3.28479 180.20956
v 52.13173 3.28479 182.75374
v 47.73393 3.28479 184.16565
v 42.85274 3.28479 184.16565
v 38.45493 3.28479 182.75374
v 35.41156 3.28479 180.20956
v 34.32539 3.28479 177.03702
v 35.41156 3.28479 173.86448
v 38.45493 3.28479 171.32030
v 42.85274 3.28479 169.90839
v 47.73393 3.28479 169.90839
v 52.13173 3.28479 171.32030
v 55.17510 3.28479 173.86448
v 56.26127 1.11521 177.03702
v 55.17510 1.11521 180.20956
v 52.13173 1.11521 182.75374
v 47.73393 1.11521 184.16565
v 42.85274 1.11521 184.16565
v 38.45493 1.11521 182.75374
v 35.41156 1.11521 180.20956
v 34.32539 1.11521 177.03702
v 35.41156 1.11521 173.86448
v 38.45493 1.11521 171.32030
v 42.85274 1.11521 169.90839
v 47.73393 1.11521 169.90839
v 52.13173 1.11521 171.32030
v 55.17510 1.11521 173.86448
v 54.08894 -0.83951 177.03702
v 53.21790 -0.83951 179.58120
v 50.77730 -0.83951 181.62147
v 47.25054 -0.83951 182.75374
v 43.33613 -0.83951 182.75374
v 39.80936 -0.83951 181.62147
v 37.36877 -0.83951 179.58120
v 36.49773 -0.83951 177.03702
v 37.36877 -0.83951 174.49284
v 39.80936 -0.83951 172.45257
v 43.33613 -0.83951 171.32030
v 47.25054 -0.83951 171.32030
v 50.77730 -0.83951 172.45257
v 53.21790 -0.83951 174.49284
v 50.17452 -2.19222 177.03702
v 49.69113 -2.19222 178.44893
v 48.33671 -2.19222 179.58120
v 46.37950 -2.19222 180.20956
v 44.20717 -2.19222 180.20956
v 42.24996 -2.19222 179.58120
v 40.89553 -2.19222 178.44893
v 40.41214 -2.19222 177.03702
v 40.89553 -2.19222 175.62511
v 42.24996 -2.19222 174.49284
v 44.20717 -2.19222 173.86448
v 46.37950 -2.19222 173.86448
v 48.33671 -2.19222 174.49284
v 49.69113 -2.19222 175.62511
v 45.29333 7.07500 177.03702
v 45.29333 -2.67500 177.03702
v 28.89621 7.17785 185.46863
v 28.34836 7.17785 187.06880
v 26.81335 7.17785 188.35203
v 24.59518 7.17785 189.06418
v 22.13320 7.17785 189.06418
v 19.91503 7.17785 188.35203
v 18.38001 7.17785 187.06880
v 17.83217 7.17785 185.46863
v 18.38001 7.17785 183.86846
v 19.91503 7.17785 182.58523
v 22.13320 7.17785 181.87308
v 24.59518 7.17785 181.87308
v 26.81335 7.17785 182.58523
v 28.34836 7.17785 183.86846
v 33.33254 5.64478 185.46863
v 32.34536 5.64478 188.35203
v 29.57935 5.64478 190.66434
v 25.58236 5.64478 191.94758
v 21.14602 5.64478 191.94758
v 17.14902 5.64478 190.66434
v 14.38301 5.64478 188.35203
v 13.39584 5.64478 185.46863
v 14.38301 5.64478 182.58523
v 17.14902 5.64478 180.27292
v 21.14602 5.64478 178.98968
v 25.58236 5.64478 178.98968
v 29.57935 5.64478 180.27292
v 32.34536 5.64478 182.58523
v 35.79452 3.42943 185.46863
v 34.56353 3.42943 189.06418
v 31.11437 3.42943 191.94758
v 26.13020 3.42943 193.54775
v 20.59818 3.42943 193.54775
v 15.61400 3.42943 191.94758
v 12.16485 3.42943 189.06418
v 10.93386 3.42943 185.46863
v 12.16485 3.42943 181.87308
v 15.61400 3.42943 178.98968
v 20.59818 3.42943 177.38951
v 26.13020 3.42943 177.38951
v 31.11437 3.42943 178.98968
v 34.56353 3.42943 181.87308
v 35.79452 0.97057 185.46863
v 34.56353 0.97057 189.06418
v 31.11437 0.97057 191.94758
v 26.13020 0.97057 193.54775
v 20.59818 0.97057 193.54775
v 15.61400 0.97057 191.94758
v 12.16485 0.97057 189.06418
v 10.93386 0.97057 185.46863
v 12.16485 0.97057 181.87308
v 15.61400 0.97057 178.98968
v 20.59818 0.97057 177.38951
v 26.13020 0.97057 177.38951
v 31.11437 0.97057 178.98968
v 34.56353 0.97057 181.87308
v 33.33254 -1.24478 185.46863
v 32.34536 -1.24478 188.35203
v 29.57935 -1.24478 190.66434
v 25.58236 -1.24478 191.94758
v 21.14602 -1.24478 191.94758
v 17.14902 -1.24478 190.66434
v 14.38301 -1.24478 188.35203
v 13.39584 -1.24478 185.46863
v 14.38301 -1.24478 182.58523
v 17.14902 -1.24478 180.27292
v 21.14602 -1.24478 178.98968
v 25.58236 -1.24478 178.98968
v 29.57935 -1.24478 180.27292
v 32.34536 -1.24478 182.58523
v 28.89621 -2.77785 185.46863
v 28.34836 -2.77785 187.06880
v 26.81335 -2.77785 188.35203
v 24.59518 -2.77785 189.06418
v 22.13320 -2.77785 189.06418
v 19.91503 -2.77785 188.35203
v 18.38001 -2.77785 187.06880
v 17.83217 -2.77785 185.46863
v 18.38001 -2.77785 183.86846
v 19.91503 -2.77785 182.58523
v 22.13320 -2.77785 181.87308
v 24.59518 -2.77785 181.87308
v 26.81335 -2.77785 182.58523
v 28.34836 -2.77785 183.86846
v 23.36419 7.72500 185.46863
v 23.36419 -3.32500 185.46863
v 3.57954 5.42096 191.00000
v 3.22505 5.42096 192.03540
v 2.23181 5.42096 192.86573
v 0.79652 5.42096 193.32653
v -0.79652 5.42096 193.32653
v -2.23181 5.42096 192.86573
v -3.22505 5.42096 192.03540
v -3.57954 5.42096 191.00000
v -3.22505 5.42096 189.96460
v -2.23181 5.42096 189.13427
v -0.79652 5.42096 188.67347
v 0.79652 5.42096 188.67347
v 2.23181 5.42096 189.13427
v 3.22505 5.42096 189.96460
v 6.45011 4.42898 191.00000
v 5.81135 4.42898 192.86573
v 4.02158 4.42898 194.36193
v 1.43528 4.42898 195.19226
v -1.43528 4.42898 195.19226
v -4.02158 4.42898 194.36193
v -5.81135 4.42898 192.86573
v -6.45011 4.42898 191.00000
v -5.81135 4.42898 189.13427
v -4.02158 4.42898 187.63807
v -1.43528 4.42898 186.80774
v 1.43528 4.42898 186.80774
v 4.02158 4.42898 187.63807
v 5.81135 4.42898 189.13427
v 8.04316 2.99551 191.00000
v 7.24663 2.99551 193.32653
v 5.01483 2.99551 195.19226
v 1.78977 2.99551 196.22766
v -1.78977 2.99551 196.22766
v -5.01483 2.99551 195.19226
v -7.24663 2.99551 193.32653
v -8.04316 2.99551 191.00000
v -7.24663 2.99551 188.67347
v -5.01483 2.99551 186.80774
v -1.78977 2.99551 185.77234
v 1.78977 2.99551 185.77234
v 5.01483 2.99551 186.80774
v 7.24663 2.99551 188.67347
v 8.04316 1.40449 191.00000
v 7.24663 1.40449 193.32653
v 5.01483 1.40449 195.19226
v 1.78977 1.40449 196.22766
v -1.78977 1.40449 196.22766
v -5.01483 1.40449 195.19226
v -7.24663 1.40449 193.32653
v -8.04316 1.40449 191.00000
v -7.24663 1.40449 188.67347
v -5.01483 1.40449 186.80774
v -1.78977 1.40449 185.77234
v 1.78977 1.40449 185.77234
v 5.01483 1.40449 186.80774
v 7.24663 1.40449 188.67347
v 6.45011 -0.02898 191.00000
v 5.81135 -0.02898 192.86573
v 4.02158 -0.02898 194.36193
v 1.43528 -0.02898 195.19226
v -1.43528 -0.02898 195.19226
v -4.02158 -0.02898 194.36193
v -5.81135 -0.02898 192.86573
v -6.45011 -0.02898 191.00000
v -5.81135 -0.02898 189.13427
v -4.02158 -0.02898 187.63807
v -1.43528 -0.02898 186.80774
v 1.43528 -0.02898 186.80774
v 4.02158 -0.02898 187.63807
v 5.81135 -0.02898 189.13427
v 3.57954 -1.02096 191.00000
v 3.22505 -1.02096 192.03540
v 2.23181 -1.02096 192.86573
v 0.79652 -1.02096 193.32653
v -0.79652 -1.02096 193.32653
v -2.23181 -1.02096 192.86573
v -3.22505 -1.02096 192.03540
v -3.57954 -1.02096 191.00000
v -3.22505 -1.02096 189.96460
v -2.23181 -1.02096 189.13427
v -0.79652 -1.02096 188.67347
v 0.79652 -1.02096 188.67347
v 2.23181 -1.02096 189.13427
v 3.22505 -1.02096 189.96460
v 0.00000 5.77500 191.00000
v 0.00000 -1.37500 191.00000
v -20.17803 6.00659 193.40019
v -20.59697 6.00659 194.62385
v -21.77081 6.00659 195.60514
v -23.46705 6.00659 196.14972
v -25.34974 6.00659 196.14972
v -27.04599 6.00659 195.60514
v -28.21983 6.00659 194.62385
v -28.63876 6.00659 193.40019
v -28.21983 6.00659 192.17653
v -27.04599 6.00659 191.19523
v -25.34974 6.00659 190.65065
v -23.46705 6.00659 190.65065
v -21.77081 6.00659 191.19523
v -20.59697 6.00659 192.17653
v -16.78554 4.83424 193.40019
v -17.54044 4.83424 195.60514
v -19.65562 4.83424 197.37338
v -22.71215 4.83424 198.35468
v -26.10464 4.83424 198.35468
v -29.16117 4.83424 197.37338
v -31.27635 4.83424 195.60514
v -32.03125 4.83424 193.40019
v -31.27635 4.83424 191.19523
v -29.16117 4.83424 189.42700
v -26.10464 4.83424 188.44570
v -22.71215 4.83424 188.44570
v -19.65562 4.83424 189.42700
v -17.54044 4.83424 191.19523
v -14.90285 3.14015 193.40019
v -15.84420 3.14015 196.14972
v -18.48179 3.14015 198.35468
v -22.29321 3.14015 199.57834
v -26.52358 3.14015 199.57834
v -30.33501 3.14015 198.35468
v -32.97260 3.14015 196.14972
v -33.91395 3.14015 193.40019
v -32.97260 3.14015 190.65065
v -30.33501 3.14015 188.44570
v -26.52358 3.14015 187.22204
v -22.29321 3.14015 187.22204
v -18.48179 3.14015 188.44570
v -15.84420 3.14015 190.65065
v -14.90285 1.25985 193.40019
v -15.84420 1.25985 196.14972
v -18.48179 1.25985 198.35468
v -22.29321 1.25985 199.57834
v -26.52358 1.25985 199.57834
v -30.33501 1.25985 198.35468
v -32.97260 1.25985 196.14972
v -33.91395 1.25985 193.40019
v -32.97260 1.25985 190.65065
v -30.33501 1.25985 188.44570
v -26.52358 1.25985 187.22204
v -22.29321 1.25985 187.22204
v -18.48179 1.25985 188.44570
v -15.84420 1.25985 190.65065
v -16.78554 -0.43424 193.40019
v -17.54044 -0.43424 195.60514
v -19.65562 -0.43424 197.37338
v -22.71215 -0.43424 198.35468
v -26.10464 -0.43424 198.35468
v -29.16117 -0.43424 197.37338
v -31.27635 -0.43424 195.60514
v -32.03125 -0.43424 193.40019
v -31.27635 -0.43424 191.19523
v -29.16117 -0.43424 189.42700
v -26.10464 -0.43424 188.44570
v -22.71215 -0.43424 188.44570
v -19.65562 -0.43424 189.42700
v -17.54044 -0.43424 191.19523
v -20.17803 -1.60659 193.40019
v -20.59697 -1.60659 194.62385
v -21.77081 -1.60659 195.60514
v -23.46705 -1.60659 196.14972
v -25.34974 -1.60659 196.14972
v -27.04599 -1.60659 195.60514
v -28.21983 -1.60659 194.62385
v -28.63876 -1.60659 193.40019
v -28.21983 -1.60659 192.17653
v -27.04599 -1.60659 191.19523
v -25.34974 -1.60659 190.65065
v -23.46705 -1.60659 190.65065
v -21.77081 -1.60659 191.19523
v -20.59697 -1.60659 192.17653
v -24.40840 6.42500 193.40019
v -24.40840 -2.02500 193.40019
v -44.55325 6.59222 192.49183
v -45.03664 6.59222 193.90375
v -46.39106 6.59222 195.03601
v -48.34827 6.59222 195.66437
v -50.52061 6.59222 195.66437
v -52.47781 6.59222 195.03601
v -53.83224 6.59222 193.90375
v -54.31563 6.59222 192.49183
v -53.83224 6.59222 191.07992
v -52.47781 6.59222 189.94765
v -50.52061 6.59222 189.31929
v -48.34827 6.59222 189.31929
v -46.39106 6.59222 189.94765
v -45.03664 6.59222 191.07992
v -40.63883 5.23951 192.49183
v -41.50987 5.23951 195.03601
v -43.95047 5.23951 197.07629
v -47.47723 5.23951 198.20855
v -51.39164 5.23951 198.20855
v -54.91841 5.23951 197.07629
v -57.35900 5.23951 195.03601
v -58.23004 5.23951 192.49183
v -57.35900 5.23951 189.94765
v -54.91841 5.23951 187.90738
v -51.39164 5.23951 186.77511
v -47.47723 5.23951 186.77511
v -43.95047 5.23951 187.90738
v -41.50987 5.23951 189.94765
v -38.46650 3.28479 192.49183
v -39.55267 3.28479 195.66437
v -42.59604 3.28479 198.20855
v -46.99384 3.28479 199.62047
v -51.87503 3.28479 199.62047
v -56.27284 3.28479 198.20855
v -59.31621 3.28479 195.66437
v -60.40238 3.28479 192.49183
v -59.31621 3.28479 189.31929
v -56.27284 3.28479 186.77511
v -51.87503 3.28479 185.36320
v -46.99384 3.28479 185.36320
v -42.59604 3.28479 186.77511
v -39.55267 3.28479 189.31929
v -38.46650 1.11521 192.49183
v -39.55267 1.11521 195.66437
v -42.59604 1.11521 198.20855
v -46.99384 1.11521 199.62047
v -51.87503 1.11521 199.62047
v -56.27284 1.11521 198.20855
v -59.31621 1.11521 195.66437
v -60.40238 1.11521 192.49183
v -59.31621 1.11521 189.31929
v -56.27284 1.11521 186.77511
v -51.87503 1.11521 185.36320
v -46.99384 1.11521 185.36320
v -42.59604 1.11521 186.77511
v -39.55267 1.11521 189.31929
v -40.63883 -0.83951 192.49183
v -41.50987 -0.83951 195.03601
v -43.95047 -0.83951 197.07629
v -47.47723 -0.83951 198.20855
v -51.39164 -0.83951 198.20855
v -54.91841 -0.83951 197.07629
v -57.35900 -0.83951 195.03601
v -58.23004 -0.83951 192.49183
v -57.35900 -0.83951 189.94765
v -54.91841 -0.83951 187.90738
v -51.39164 -0.83951 186.77511
v -47.47723 -0.83951 186.77511
v -43.95047 -0.83951 187.90738
v -41.50987 -0.83951 189.94765
v -44.55325 -2.19222 192.49183
v -45.03664 -2.19222 193.90375
v -46.39106 -2.19222 195.03601
v -48.34827 -2.19222 195.66437
v -50.52061 -2.19222 195.66437
v -52.47781 -2.19222 195.03601
v -53.83224 -2.19222 193.90375
v -54.31563 -2.19222 192.49183
v -53.83224 -2.19222 191.07992
v -52.47781 -2.19222 189.94765
v -50.52061 -2.19222 189.31929
v -48.34827 -2.19222 189.31929
v -46.39106 -2.19222 189.94765
v -45.03664 -2.19222 191.07992
v -49.43444 7.07500 192.49183
v -49.43444 -2.67500 192.49183
v -61.43758 7.17785 169.67892
v -61.98542 7.17785 171.27909
v -63.52044 7.17785 172.56232
v -65.73861 7.17785 173.27446
v -68.20059 7.17785 173.27446
v -70.41876 7.17785 172.56232
v -71.95378 7.17785 171.27909
v -72.50162 7.17785 169.67892
v -71.95378 7.17785 168.07875
v -70.41876 7.17785 166.79551
v -68.20059 7.17785 166.08337
v -65.73861 7.17785 166.08337
v -63.52044 7.17785 166.79551
v -61.98542 7.17785 168.07875
v -57.00125 5.64478 169.67892
v -57.98843 5.64478 172.56232
v -60.75444 5.64478 174.87463
v -64.75143 5.64478 176.15787
v -69.18777 5.64478 176.15787
v -73.18477 5.64478 174.87463
v -75.95077 5.64478 172.56232
v -76.93795 5.64478 169.67892
v -75.95077 5.64478 166.79551
v -73.18477 5.64478 164.48320
v -69.18777 5.64478 163.19997
v -64.75143 5.64478 163.19997
v -60.75444 5.64478 164.48320
v -57.98843 5.64478 166.79551
v -54.53927 3.42943 169.67892
v -55.77026 3.42943 173.27446
v -59.21942 3.42943 176.15787
v -64.20359 3.42943 177.75804
v -69.73561 3.42943 177.75804
v -74.71979 3.42943 176.15787
v -78.16894 3.42943 173.27446
v -79.39993 3.42943 169.67892
v -78.16894 3.42943 166.08337
v -74.71979 3.42943 163.19997
v -69.73561 3.42943 161.59980
v -64.20359 3.42943 161.59980
v -59.21942 3.42943 163.19997
v -55.77026 3.42943 166.08337
v -54.53927 0.97057 169.67892
v -55.77026 0.97057 173.27446
v -59.21942 0.97057 176.15787
v -64.20359 0.97057 177.75804
v -69.73561 0.97057 177.75804
v -74.71979 0.97057 176.15787
v -78.16894 0.97057 173.27446
v -79.39993 0.97057 169.67892
v -78.16894 0.97057 166.08337
v -74.71979 0.97057 163.19997
v -69.73561 0.97057 161.59980
v -64.20359 0.97057 161.59980
v -59.21942 0.97057 163.19997
v -55.77026 0.97057 166.08337
v -57.00125 -1.24478 169.67892
v -57.98843 -1.24478 172.56232
v -60.75444 -1.24478 174.87463
v -64.75143 -1.24478 176.15787
v -69.18777 -1.24478 176.15787
v -73.18477 -1.24478 174.87463
v -75.95077 -1.24478 172.56232
v -76.93795 -1.24478 169.67892
v -75.95077 -1.24478 166.79551
v -73.18477 -1.24478 164.48320
v -69.18777 -1.24478 163.19997
v -64.75143 -1.24478 163.19997
v -60.75444 -1.24478 164.48320
v -57.98843 -1.24478 166.79551
v -61.43758 -2.77785 169.67892
v -61.98542 -2.77785 171.27909
v -63.52044 -2.77785 172.56232
v -65.73861 -2.77785 173.27446
v -68.20059 -2.77785 173.27446
v -70.41876 -2.77785 172.56232
v -71.95378 -2.77785 171.27909
v -72.50162 -2.77785 169.67892
v -71.95378 -2.77785 168.07875
v -70.41876 -2.77785 166.79551
v -68.20059 -2.77785 166.08337
v -65.73861 -2.77785 166.08337
v -63.52044 -2.77785 166.79551
v -61.98542 -2.77785 168.07875
v -66.96960 7.72500 169.67892
v -66.96960 -3.32500 169.67892
v -85.92046 5.42096 163.01855
v -86.27495 5.42096 164.05395
v -87.26819 5.42096 164.88428
v -88.70348 5.42096 165.34508
v -90.29652 5.42096 165.34508
v -91.73181 5.42096 164.88428
v -92.72505 5.42096 164.05395
v -93.07954 5.42096 163.01855
v -92.72505 5.42096 161.98314
v -91.73181 5.42096 161.15282
v -90.29652 5.42096 160.69202
v -88.70348 5.42096 160.69202
v -87.26819 5.42096 161.15282
v -86.27495 5.42096 161.98314
v -83.04989 4.42898 163.01855
v -83.68865 4.42898 164.88428
v -85.47842 4.42898 166.38048
v -88.06472 4.42898 167.21081
v -90.93528 4.42898 167.21081
v -93.52158 4.42898 166.38048
v -95.31135 4.42898 164.88428
v -95.95011 4.42898 163.01855
v -95.31135 4.42898 161.15282
v -93.52158 4.42898 159.65661
v -90.93528 4.42898 158.82629
v -88.06472 4.42898 158.82629
v -85.47842 4.42898 159.65661
v -83.68865 4.42898 161.15282
v -81.45684 2.99551 163.01855
v -82.25337 2.99551 165.34508
v -84.48517 2.99551 167.21081
v -87.71023 2.99551 168.24621
v -91.28977 2.99551 168.24621
v -94.51483 2.99551 167.21081
v -96.74663 2.99551 165.34508
v -97.54316 2.99551 163.01855
v -96.74663 2.99551 160.69202
v -94.51483 2.99551 158.82629
v -91.28977 2.99551 157.79088
v -87.71023 2.99551 157.79088
v -84.48517 2.99551 158.82629
v -82.25337 2.99551 160.69202
v -81.45684 1.40449 163.01855
v -82.25337 1.40449 165.34508
v -84.48517 1.40449 167.21081
v -87.71023 1.40449 168.24621
v -91.28977 1.40449 168.24621
v -94.51483 1.40449 167.21081
v -96.74663 1.40449 165.34508
v -97.54316 1.40449 163.01855
v -96.74663 1.40449 160.69202
v -94.51483 1.40449 158.82629
v -91.28977 1.40449 157.79088
v -87.71023 1.40449 157.79088
v -84.48517 1.40449 158.82629
v -82.25337 1.40449 160.69202
v -83.04989 -0.02898 163.01855
v -83.68865 -0.02898 164.88428
v -85.47842 -0.02898 166.38048
v -88.06472 -0.02898 167.21081
v -90.93528 -0.02898 167.21081
v -93.52158 -0.02898 166.38048
v -95.31135 -0.02898 164.88428
v -95.95011 -0.02898 163.01855
v -95.31135 -0.02898 161.15282
v -93.52158 -0.02898 159.65661
v -90.93528 -0.02898 158.82629
v -88.06472 -0.02898 158.82629
v -85.47842 -0.02898 159.65661
v -83.68865 -0.02898 161.15282
v -85.92046 -1.02096 163.01855
v -86.27495 -1.02096 164.05395
v -87.26819 -1.02096 164.88428
v -88.70348 -1.02096 165.34508
v -90.29652 -1.02096 165.34508
v -91.73181 -1.02096 164.88428
v -92.72505 -1.02096 164.05395
v -93.07954 -1.02096 163.01855
v -92.72505 -1.02096 161.98314
v -91.73181 -1.02096 161.15282
v -90.29652 -1.02096 160.69202
v -88.70348 -1.02096 160.69202
v -87.26819 -1.02096 161.15282
v -86.27495 -1.02096 161.98314
v -89.50000 5.77500 163.01855
v -89.50000 -1.37500 163.01855
v -107.17298 6.00659 153.18366
v -107.59191 6.00659 154.40732
v -108.76575 6.00659 155.38862
v -110.46200 6.00659 155.93320
v -112.34469 6.00659 155.93320
v -114.04093 6.00659 155.38862
v -115.21477 6.00659 154.40732
v -115.63371 6.00659 153.18366
v -115.21477 6.00659 151.96000
v -114.04093 6.00659 150.97871
v -112.34469 6.00659 150.43413
v -110.46200 6.00659 150.43413
v -108.76575 6.00659 150.97871
v -107.59191 6.00659 151.96000
v -103.78048 4.83424 153.18366
v -104.53538 4.83424 155.38862
v -106.65057 4.83424 157.15685
v -109.70710 4.83424 158.13815
v -113.09959 4.83424 158.13815
v -116.15612 4.83424 157.15685
v -118.27130 4.83424 155.38862
v -119.02620 4.83424 153.18366
v -118.27130 4.83424 150.97871
v -116.15612 4.83424 149.21047
v -113.09959 4.83424 148.22917
v -109.70710 4.83424 148.22917
v -106.65057 4.83424 149.21047
v -104.53538 4.83424 150.97871
v -101.89779 3.14015 153.18366
v -102.83914 3.14015 155.93320
v -105.47673 3.14015 158.13815
v -109.28816 3.14015 159.36181
v -113.51852 3.14015 159.36181
v -117.32995 3.14015 158.13815
v -119.96754 3.14015 155.93320
v -120.90889 3.14015 153.18366
v -119.96754 3.14015 150.43413
v -117.32995 3.14015 148.22917
v -113.51852 3.14015 147.00551
v -109.28816 3.14015 147.00551
v -105.47673 3.14015 148.22917
v -102.83914 3.14015 150.43413
v -101.89779 1.25985 153.18366
v -102.83914 1.25985 155.93320
v -105.47673 1.25985 158.13815
v -109.28816 1.25985 159.36181
v -113.51852 1.25985 159.36181
v -117.32995 1.25985 158.13815
v -119.96754 1.25985 155.93320
v -120.90889 1.25985 153.18366
v -119.96754 1.25985 150.43413
v -117.32995 1.25985 148.22917
v -113.51852 1.25985 147.00551
v -109.28816 1.25985 147.00551
v -105.47673 1.25985 148.22917
v -102.83914 1.25985 150.43413
v -103.78048 -0.43424 153.18366
v -104.53538 -0.43424 155.38862
v -106.65057 -0.43424 157.15685
v -109.70710 -0.43424 158.13815
v -113.09959 -0.43424 158.13815
v -116.15612 -0.43424 157.15685
v -118.27130 -0.43424 155.38862
v -119.02620 -0.43424 153.18366
v -118.27130 -0.43424 150.97871
v -116.15612 -0.43424 149.21047
v -113.09959 -0.43424 148.22917
v -109.70710 -0.43424 148.22917
v -106.65057 -0.43424 149.21047
v -104.53538 -0.43424 150.97871
v -107.17298 -1.60659 153.18366
v -107.59191 -1.60659 154.40732
v -108.76575 -1.60659 155.38862
v -110.46200 -1.60659 155.93320
v -112.34469 -1.60659 155.93320
v -114.04093 -1.60659 155.38862
v -115.21477 -1.60659 154.40732
v -115.63371 -1.60659 153.18366
v -115.21477 -1.60659 151.96000
v -114.04093 -1.60659 150.97871
v -112.34469 -1.60659 150.43413
v -110.46200 -1.60659 150.43413
v -108.76575 -1.60659 150.97871
v -107.59191 -1.60659 151.96000
v -111.40334 6.42500 153.18366
v -111.40334 -2.02500 153.18366
v -127.34778 6.59222 140.22897
v -127.83117 6.59222 141.64088
v -129.18559 6.59222 142.77315
v -131.14280 6.59222 143.40151
v -133.31514 6.59222 143.40151
v -135.27234 6.59222 142.77315
v -136.62677 6.59222 141.64088
v -137.11016 6.59222 140.22897
v -136.62677 6.59222 138.81705
v -135.27234 6.59222 137.68479
v -133.31514 6.59222 137.05643
v -131.14280 6.59222 137.05643
v -129.18559 6.59222 137.68479
v -127.83117 6.59222 138.81705
v -123.43336 5.23951 140.22897
v -124.30440 5.23951 142.77315
v -126.74500 5.23951 144.81342
v -130.27176 5.23951 145.94569
v -134.18617 5.23951 145.94569
v -137.71294 5.23951 144.81342
v -140.15353 5.23951 142.77315
v -141.02457 5.23951 140.22897
v -140.15353 5.23951 137.68479
v -137.71294 5.23951 135.64451
v -134.18617 5.23951 134.51225
v -130.27176 5.23951 134.51225
v -126.74500 5.23951 135.64451
v -124.30440 5.23951 137.68479
v -121.26103 3.28479 140.22897
v -122.34720 3.28479 143.40151
v -125.39057 3.28479 145.94569
v -129.78837 3.28479 147.35760
v -134.66956 3.28479 147.35760
v -139.06737 3.28479 145.94569
v -142.11074 3.28479 143.40151
v -143.19691 3.28479 140.22897
v -142.11074 3.28479 137.05643
v -139.06737 3.28479 134.51225
v -134.66956 3.28479 133.10033
v -129.78837 3.28479 133.10033
v -125.39057 3.28479 134.51225
v -122.34720 3.28479 137.05643
v -121.26103 1.11521 140.22897
v -122.34720 1.11521 143.40151
v -125.39057 1.11521 145.94569
v -129.78837 1.11521 147.35760
v -134.66956 1.11521 147.35760
v -139.06737 1.11521 145.94569
v -142.11074 1.11521 143.40151
v -143.19691 1.11521 140.22897
v -142.11074 1.11521 137.05643
v -139.06737 1.11521 134.51225
v -134.66956 1.11521 133.10033
v -129.78837 1.11521 133.10033
v -125.39057 1.11521 134.51225
v -122.34720 1.11521 137.05643
v -123.43336 -0.83951 140.22897
v -124.30440 -0.83951 142.77315
v -126.74500 -0.83951 144.81342
v -130.27176 -0.83951 145.94569
v -134.18617 -0.83951 145.94569
v -137.71294 -0.83951 144.81342
v -140.15353 -0.83951 142.77315
v -141.02457 -0.83951 140.22897
v -140.15353 -0.83951 137.68479
v -137.71294 -0.83951 135.64451
v -134.18617 -0.83951 134.51225
v -130.27176 -0.83951 134.51225
v -126.74500 -0.83951 135.64451
v -124.30440 -0.83951 137.68479
v -127.34778 -2.19222 140.22897
v -127.83117 -2.19222 141.64088
v -129.18559 -2.19222 142.77315
v -131.14280 -2.19222 143.40151
v -133.31514 -2.19222 143.40151
v -135.27234 -2.19222 142.77315
v -136.62677 -2.19222 141.64088
v -137.11016 -2.19222 140.22897
v -136.62677 -2.19222 138.81705
v -135.27234 -2.19222 137.68479
v -133.31514 -2.19222 137.05643
v -131.14280 -2.19222 137.05643
v -129.18559 -2.19222 137.68479
v -127.83117 -2.19222 138.81705
v -132.22897 7.07500 140.22897
v -132.22897 -2.67500 140.22897
v -145.99847 7.17785 124.27343
v -146.54631 7.17785 125.87360
v -148.08133 7.17785 127.15684
v -150.29950 7.17785 127.86898
v -152.76148 7.17785 127.86898
v -154.97964 7.17785 127.15684
v -156.51466 7.17785 125.87360
v -157.06251 7.17785 124.27343
v -156.51466 7.17785 122.67326
v -154.97964 7.17785 121.39003
v -152.76148 7.17785 120.67789
v -150.29950 7.17785 120.67789
v -148.08133 7.17785 121.39003
v -146.54631 7.17785 122.67326
v -141.56214 5.64478 124.27343
v -142.54931 5.64478 127.15684
v -145.31532 5.64478 129.46915
v -149.31232 5.64478 130.75238
v -153.74865 5.64478 130.75238
v -157.74565 5.64478 129.46915
v -160.51166 5.64478 127.15684
v -161.49884 5.64478 124.27343
v -160.51166 5.64478 121.39003
v -157.74565 5.64478 119.07772
v -153.74865 5.64478 117.79448
v -149.31232 5.64478 117.79448
v -145.31532 5.64478 119.07772
v -142.54931 5.64478 121.39003
v -139.10016 3.42943 124.27343
v -140.33115 3.42943 127.86898
v -143.78030 3.42943 130.75238
v -148.76448 3.42943 132.35255
v -154.29650 3.42943 132.35255
v -159.28067 3.42943 130.75238
v -162.72983 3.42943 127.86898
v -163.96082 3.42943 124.27343
v -162.72983 3.42943 120.67789
v -159.28067 3.42943 117.79448
v -154.29650 3.42943 116.19432
v -148.76448 3.42943 116.19432
v -143.78030 3.42943 117.79448
v -140.33115 3.42943 120.67789
v -139.10016 0.97057 124.27343
v -140.33115 0.97057 127.86898
v -143.78030 0.97057 130.75238
v -148.76448 0.97057 132.35255
v -154.29650 0.97057 132.35255
v -159.28067 0.97057 130.75238
v -162.72983 0.97057 127.86898
v -163.96082 0.97057 124.27343
v -162.72983 0.97057 120.67789
v -159.28067 0.97057 117.79448
v -154.29650 0.97057 116.19432
v -148.76448 0.97057 116.19432
v -143.78030 0.97057 117.79448
v -140.33115 0.97057 120.67789
v -141.56214 -1.24478 124.27343
v -142.54931 -1.24478 127.15684
v -145.31532 -1.24478 129.46915
v -149.31232 -1.24478 130.75238
v -153.74865 -1.24478 130.75238
v -157.74565 -1.24478 129.46915
v -160.51166 -1.24478 127.15684
v -161.49884 -1.24478 124.27343
v -160.51166 -1.24478 121.39003
v -157.74565 -1.24478 119.07772
v -153.74865 -1.24478 117.79448
v -149.31232 -1.24478 117.79448
v -145.31532 -1.24478 119.07772
v -142.54931 -1.24478 121.39003
v -145.99847 -2.77785 124.27343
v -146.54631 -2.77785 125.87360
v -148.08133 -2.77785 127.15684
v -150.29950 -2.77785 127.86898
v -152.76148 -2.77785 127.86898
v -154.97964 -2.77785 127.15684
v -156.51466 -2.77785 125.87360
v -157.06251 -2.77785 124.27343
v -156.51466 -2.77785 122.67326
v -154.97964 -2.77785 121.39003
v -152.76148 -2.77785 120.67789
v -150.29950 -2.77785 120.67789
v -148.08133 -2.77785 121.39003
v -146.54631 -2.77785 122.67326
v -151.53049 7.72500 124.27343
v -151.53049 -3.32500 124.27343
v -147.97490 5.42096 95.50000
v -148.32939 5.42096 96.53540
v -149.32264 5.42096 97.36573
v -150.75792 5.42096 97.82653
v -152.35097 5.42096 97.82653
v -153.78625 5.42096 97.36573
v -154.77950 5.42096 96.53540
v -155.13399 5.42096 95.50000
v -154.77950 5.42096 94.46460
v -153.78625 5.42096 93.63427
v -152.35097 5.42096 93.17347
v -150.75792 5.42096 93.17347
v -149.32264 5.42096 93.63427
v -148.32939 5.42096 94.46460
v -145.10434 4.42898 95.50000
v -145.74310 4.42898 97.36573
v -147.53287 4.42898 98.86193
v -150.11916 4.42898 99.69226
v -152.98973 4.42898 99.69226
v -155.57602 4.42898 98.86193
v -157.36579 4.42898 97.36573
v -158.00456 4.42898 95.50000
v -157.36579 4.42898 93.63427
v -155.57602 4.42898 92.13807
v -152.98973 4.42898 91.30774
v -150.11916 4.42898 91.30774
v -147.53287 4.42898 92.13807
v -145.74310 4.42898 93.63427
v -143.51129 2.99551 95.50000
v -144.30781 2.99551 97.82653
v -146.53962 2.99551 99.69226
v -149.76468 2.99551 100.72766
v -153.34422 2.99551 100.72766
v -156.56927 2.99551 99.69226
v -158.80108 2.99551 97.82653
v -159.59760 2.99551 95.50000
v -158.80108 2.99551 93.17347
v -156.56927 2.99551 91.30774
v -153.34422 2.99551 90.27234
v -149.76468 2.99551 90.27234
v -146.53962 2.99551 91.30774
v -144.30781 2.99551 93.17347
v -143.51129 1.40449 95.50000
v -144.30781 1.40449 97.82653
v -146.53962 1.40449 99.69226
v -149.76468 1.40449 100.72766
v -153.34422 1.40449 100.72766
v -156.56927 1.40449 99.69226
v -158.80108 1.40449 97.82653
v -159.59760 1.40449 95.50000
v -158.80108 1.40449 93.17347
v -156.56927 1.40449 91.30774
v -153.34422 1.40449 90.27234
v -149.76468 1.40449 90.27234
v -146.53962 1.40449 91.30774
v -144.30781 1.40449 93.17347
v -145.10434 -0.02898 95.50000
v -145.74310 -0.02898 97.36573
v -147.53287 -0.02898 98.86193
v -150.11916 -0.02898 99.69226
v -152.98973 -0.02898 99.69226
v -155.57602 -0.02898 98.86193
v -157.36579 -0.02898 97.36573
v -158.00456 -0.02898 95.50000
v -157.36579 -0.02898 93.63427
v -155.57602 -0.02898 92.13807
v -152.98973 -0.02898 91.30774
v -150.11916 -0.02898 91.30774
v -147.53287 -0.02898 92.13807
v -145.74310 -0.02898 93.63427
v -147.97490 -1.02096 95.50000
v -148.32939 -1.02096 96.53540
v -149.32264 -1.02096 97.36573
v -150.75792 -1.02096 97.82653
v -152.35097 -1.02096 97.82653
v -153.78625 -1.02096 97.36573
v -154.77950 -1.02096 96.53540
v -155.13399 -1.02096 95.50000
v -154.77950 -1.02096 94.46460
v -153.78625 -1.02096 93.63427
v -152.35097 -1.02096 93.17347
v -150.75792 -1.02096 93.17347
v -149.32264 -1.02096 93.63427
v -148.32939 -1.02096 94.46460
v -151.55445 5.77500 95.50000
v -151.55445 -1.37500 95.50000
v -161.14407 6.00659 76.50033
v -161.56301 6.00659 77.72399
v -162.73685 6.00659 78.70529
v -164.43309 6.00659 79.24987
v -166.31578 6.00659 79.24987
v -168.01203 6.00659 78.70529
v -169.18586 6.00659 77.72399
v -169.60480 6.00659 76.50033
v -169.18586 6.00659 75.27668
v -168.01203 6.00659 74.29538
v -166.31578 6.00659 73.75080
v -164.43309 6.00659 73.75080
v -162.73685 6.00659 74.29538
v -161.56301 6.00659 75.27668
v -157.75158 4.83424 76.50033
v -158.50648 4.83424 78.70529
v -160.62166 4.83424 80.47353
v -163.67819 4.83424 81.45483
v -167.07068 4.83424 81.45483
v -170.12721 4.83424 80.47353
v -172.24239 4.83424 78.70529
v -172.99729 4.83424 76.50033
v -172.24239 4.83424 74.29538
v -170.12721 4.83424 72.52714
v -167.07068 4.83424 71.54584
v -163.67819 4.83424 71.54584
v -160.62166 4.83424 72.52714
v -158.50648 4.83424 74.29538
v -155.86889 3.14015 76.50033
v -156.81023 3.14015 79.24987
v -159.44782 3.14015 81.45483
v -163.25925 3.14015 82.67848
v -167.48962 3.14015 82.67848
v -171.30105 3.14015 81.45483
v -173.93864 3.14015 79.24987
v -174.87998 3.14015 76.50033
v -173.93864 3.14015 73.75080
v -171.30105 3.14015 71.54584
v -167.48962 3.14015 70.32219
v -163.25925 3.14015 70.32219
v -159.44782 3.14015 71.54584
v -156.81023 3.14015 73.75080
v -155.86889 1.25985 76.50033
v -156.81023 1.25985 79.24987
v -159.44782 1.25985 81.45483
v -163.25925 1.25985 82.67848
v -167.48962 1.25985 82.67848
v -171.30105 1.25985 81.45483
v -173.93864 1.25985 79.24987
v -174.87998 1.25985 76.50033
v -173.93864 1.25985 73.75080
v -171.30105 1.25985 71.54584
v -167.48962 1.25985 70.32219
v -163.25925 1.25985 70.32219
v -159.44782 1.25985 71.54584
v -156.81023 1.25985 73.75080
v -157.75158 -0.43424 76.50033
v -158.50648 -0.43424 78.70529
v -160.62166 -0.43424 80.47353
v -163.67819 -0.43424 81.45483
v -167.07068 -0.43424 81.45483
v -170.12721 -0.43424 80.47353
v -172.24239 -0.43424 78.70529
v -172.99729 -0.43424 76.50033
v -172.24239 -0.43424 74.29538
v -170.12721 -0.43424 72.52714
v -167.07068 -0.43424 71.54584
v -163.67819 -0.43424 71.54584
v -160.62166 -0.43424 72.52714
v -158.50648 -0.43424 74.29538
v -161.14407 -1.60659 76.50033
v -161.56301 -1.60659 77.72399
v -162.73685 -1.60659 78.70529
v -164.43309 -1.60659 79.24987
v -166.31578 -1.60659 79.24987
v -168.01203 -1.60659 78.70529
v -169.18586 -1.60659 77.72399
v -169.60480 -1.60659 76.50033
v -169.18586 -1.60659 75.27668
v -168.01203 -1.60659 74.29538
v -166.31578 -1.60659 73.75080
v -164.43309 -1.60659 73.75080
v -162.73685 -1.60659 74.29538
v -161.56301 -1.60659 75.27668
v -165.37444 6.42500 76.50033
v -165.37444 -2.02500 76.50033
v -171.88323 6.59222 55.36389
v -172.36662 6.59222 56.77580
v -173.72105 6.59222 57.90807
v -175.67826 6.59222 58.53643
v -177.85059 6.59222 58.53643
v -179.80780 6.59222 57.90807
v -181.16223 6.59222 56.77580
v -181.64562 6.59222 55.36389
v -181.16223 6.59222 53.95197
v -179.80780 6.59222 52.81971
v -177.85059 6.59222 52.19134
v -175.67826 6.59222 52.19134
v -173.72105 6.59222 52.81971
v -172.36662 6.59222 53.95197
v -167.96882 5.23951 55.36389
v -168.83986 5.23951 57.90807
v -171.28046 5.23951 59.94834
v -174.80722 5.23951 61.08061
v -178.72163 5.23951 61.08061
v -182.24840 5.23951 59.94834
v -184.68899 5.23951 57.90807
v -185.56003 5.23951 55.36389
v -184.68899 5.23951 52.81971
v -182.24840 5.23951 50.77943
v -178.72163 5.23951 49.64717
v -174.80722 5.23951 49.64717
v -171.28046 5.23951 50.77943
v -168.83986 5.23951 52.81971
v -165.79649 3.28479 55.36389
v -166.88265 3.28479 58.53643
v -169.92603 3.28479 61.08061
v -174.32383 3.28479 62.49252
v -179.20502 3.28479 62.49252
v -183.60282 3.28479 61.08061
v -186.64620 3.28479 58.53643
v -187.73237 3.28479 55.36389
v -186.64620 3.28479 52.19134
v -183.60282 3.28479 49.64717
v -179.20502 3.28479 48.23525
v -174.32383 3.28479 48.23525
v -169.92603 3.28479 49.64717
v -166.88265 3.28479 52.19134
v -165.79649 1.11521 55.36389
v -166.88265 1.11521 58.53643
v -169.92603 1.11521 61.08061
v -174.32383 1.11521 62.49252
v -179.20502 1.11521 62.49252
v -183.60282 1.11521 61.08061
v -186.64620 1.11521 58.53643
v -187.73237 1.11521 55.36389
v -186.64620 1.11521 52.19134
v -183.60282 1.11521 49.64717
v -179.20502 1.11521 48.23525
v -174.32383 1.11521 48.23525
v -169.92603 1.11521 49.64717
v -166.88265 1.11521 52.19134
v -167.96882 -0.83951 55.36389
v -168.83986 -0.83951 57.90807
v -171.28046 -0.83951 59.94834
v -174.80722 -0.83951 61.08061
v -178.72163 -0.83951 61.08061
v -182.24840 -0.83951 59.94834
v -184.68899 -0.83951 57.90807
v -185.56003 -0.83951 55.36389
v -184.68899 -0.83951 52.81971
v -182.24840 -0.83951 50.77943
v -178.72163 -0.83951 49.64717
v -174.80722 -0.83951 49.64717
v -171.28046 -0.83951 50.77943
v -168.83986 -0.83951 52.81971
v -171.88323 -2.19222 55.36389
v -172.36662 -2.19222 56.77580
v -173.72105 -2.19222 57.90807
v -175.67826 -2.19222 58.53643
v -177.85059 -2.19222 58.53643
v -179.80780 -2.19222 57.90807
v -181.16223 -2.19222 56.77580
v -181.64562 -2.19222 55.36389
v -181.16223 -2.19222 53.95197
v -179.80780 -2.19222 52.81971
v -177.85059 -2.19222 52.19134
v -175.67826 -2.19222 52.19134
v -173.72105 -2.19222 52.81971
v -172.36662 -2.19222 53.95197
v -176.76443 7.07500 55.36389
v -176.76443 -2.67500 55.36389
v -179.86817 7.17785 32.40840
v -180.41601 7.17785 34.00857
v -181.95103 7.17785 35.29180
v -184.16920 7.17785 36.00394
v -186.63118 7.17785 36.00394
v -188.84935 7.17785 35.29180
v -190.38436 7.17785 34.00857
v -190.93221 7.17785 32.40840
v -190.38436 7.17785 30.80823
v -188.84935 7.17785 29.52499
v -186.63118 7.17785 28.81285
v -184.16920 7.17785 28.81285
v -181.95103 7.17785 29.52499
v -180.41601 7.17785 30.80823
v -175.43184 5.64478 32.40840
v -176.41901 5.64478 35.29180
v -179.18502 5.64478 37.60411
v -183.18202 5.64478 38.88735
v -187.61836 5.64478 38.88735
v -191.61535 5.64478 37.60411
v -194.38136 5.64478 35.29180
v -195.36854 5.64478 32.40840
v -194.38136 5.64478 29.52499
v -191.61535 5.64478 27.21268
v -187.61836 5.64478 25.92945
v -183.18202 5.64478 25.92945
v -179.18502 5.64478 27.21268
v -176.41901 5.64478 29.52499
v -172.96986 3.42943 32.40840
v -174.20085 3.42943 36.00394
v -177.65000 3.42943 38.88735
v -182.63418 3.42943 40.48752
v -188.16620 3.42943 40.48752
v -193.15037 3.42943 38.88735
v -196.59953 3.42943 36.00394
v -197.83052 3.42943 32.40840
v -196.59953 3.42943 28.81285
v -193.15037 3.42943 25.92945
v -188.16620 3.42943 24.32928
v -182.63418 3.42943 24.32928
v -177.65000 3.42943 25.92945
v -174.20085 3.42943 28.81285
v -172.96986 0.97057 32.40840
v -174.20085 0.97057 36.00394
v -177.65000 0.97057 38.88735
v -182.63418 0.97057 40.48752
v -188.16620 0.97057 40.48752
v -193.15037 0.97057 38.88735
v -196.59953 0.97057 36.00394
v -197.83052 0.97057 32.40840
v -196.59953 0.97057 28.81285
v -193.15037 0.97057 25.92945
v -188.16620 0.97057 24.32928
v -182.63418 0.97057 24.32928
v -177.65000 0.97057 25.92945
v -174.20085 0.97057 28.81285
v -175.43184 -1.24478 32.40840
v -176.41901 -1.24478 35.29180
v -179.18502 -1.24478 37.60411
v -183.18202 -1.24478 38.88735
v -187.61836 -1.24478 38.88735
v -191.61535 -1.24478 37.60411
v -194.38136 -1.24478 35.29180
v -195.36854 -1.24478 32.40840
v -194.38136 -1.24478 29.52499
v -191.61535 -1.24478 27.21268
v -187.61836 -1.24478 25.92945
v -183.18202 -1.24478 25.92945
v -179.18502 -1.24478 27.21268
v -176.41901 -1.24478 29.52499
v -179.86817 -2.77785 32.40840
v -180.41601 -2.77785 34.00857
v -181.95103 -2.77785 35.29180
v -184.16920 -2.77785 36.00394
v -186.63118 -2.77785 36.00394
v -188.84935 -2.77785 35.29180
v -190.38436 -2.77785 34.00857
v -190.93221 -2.77785 32.40840
v -190.38436 -2.77785 30.80823
v -188.84935 -2.77785 29.52499
v -186.63118 -2.77785 28.81285
v -184.16920 -2.77785 28.81285
v -181.95103 -2.77785 29.52499
v -180.41601 -2.77785 30.80823
v -185.40019 7.72500 32.40840
v -185.40019 -3.32500 32.40840
v -187.42046 5.42096 8.00000
v -187.77495 5.42096 9.03540
v -188.76819 5.42096 9.86573
v -190.20348 5.42096 10.32653
v -191.79652 5.42096 10.32653
v -193.23181 5.42096 9.86573
v -194.22505 5.42096 9.03540
v -194.57954 5.42096 8.00000
v -194.22505 5.42096 6.96460
v -193.23181 5.42096 6.13427
v -191.79652 5.42096 5.67347
v -190.20348 5.42096 5.67347
v -188.76819 5.42096 6.13427
v -187.77495 5.42096 6.96460
v -184.54989 4.42898 8.00000
v -185.18865 4.42898 9.86573
v -186.97842 4.42898 11.36193
v -189.56472 4.42898 12.19226
v -192.43528 4.42898 12.19226
v -195.02158 4.42898 11.36193
v -196.81135 4.42898 9.86573
v -197.45011 4.42898 8.00000
v -196.81135 4.42898 6.13427
v -195.02158 4.42898 4.63807
v -192.43528 4.42898 3.80774
v -189.56472 4.42898 3.80774
v -186.97842 4.42898 4.63807
v -185.18865 4.42898 6.13427
v -182.95684 2.99551 8.00000
v -183.75337 2.99551 10.32653
v -185.98517 2.99551 12.19226
v -189.21023 2.99551 13.22766
v -192.78977 2.99551 13.22766
v -196.01483 2.99551 12.19226
v -198.24663 2.99551 10.32653
v -199.04316 2.99551 8.00000
v -198.24663 2.99551 5.67347
v -196.01483 2.99551 3.80774
v -192.78977 2.99551 2.77234
v -189.21023 2.99551 2.77234
v -185.98517 2.99551 3.80774
v -183.75337 2.99551 5.67347
v -182.95684 1.40449 8.00000
v -183.75337 1.40449 10.32653
v -185.98517 1.40449 12.19226
v -189.21023 1.40449 13.22766
v -192.78977 1.40449 13.22766
v -196.01483 1.40449 12.19226
v -198.24663 1.40449 10.32653
v -199.04316 1.40449 8.00000
v -198.24663 1.40449 5.67347
v -196.01483 1.40449 3.80774
v -192.78977 1.40449 2.77234
v -189.21023 1.40449 2.77234
v -185.98517 1.40449 3.80774
v -183.75337 1.40449 5.67347
v -184.54989 -0.02898 8.00000
v -185.18865 -0.02898 9.86573
v -186.97842 -0.02898 11.36193
v -189.56472 -0.02898 12.19226
v -192.43528 -0.02898 12.19226
v -195.02158 -0.02898 11.36193
v -196.81135 -0.02898 9.86573
v -197.45011 -0.02898 8.00000
v -196.81135 -0.02898 6.13427
v -195.02158 -0.02898 4.63807
v -192.43528 -0.02898 3.80774
v -189.56472 -0.02898 3.80774
v -186.97842 -0.02898 4.63807
v -185.18865 -0.02898 6.13427
v -187.42046 -1.02096 8.00000
v -187.77495 -1.02096 9.03540
v -188.76819 -1.02096 9.86573
v -190.20348 -1.02096 10.32653
v -191.79652 -1.02096 10.32653
v -193.23181 -1.02096 9.86573
v -194.22505 -1.02096 9.03540
v -194.57954 -1.02096 8.00000
v -194.22505 -1.02096 6.96460
v -193.23181 -1.02096 6.13427
v -191.79652 -1.02096 5.67347
v -190.20348 -1.02096 5.67347
v -188.76819 -1.02096 6.13427
v -187.77495 -1.02096 6.96460
v -191.00000 5.77500 8.00000
v -191.00000 -1.37500 8.00000
v -169.27248 6.00659 -14.84208
v -169.69142 6.00659 -13.61843
v -170.86526 6.00659 -12.63713
v -172.56151 6.00659 -12.09255
v -174.44420 6.00659 -12.09255
v -176.14044 6.00659 -12.63713
v -177.31428 6.00659 -13.61843
v -177.73322 6.00659 -14.84208
v -177.31428 6.00659 -16.06574
v -176.14044 6.00659 -17.04704
v -174.44420 6.00659 -17.59162
v -172.56151 6.00659 -17.59162
v -170.86526 6.00659 -17.04704
v -169.69142 6.00659 -16.06574
v -165.87999 4.83424 -14.84208
v -166.63489 4.83424 -12.63713
v -168.75008 4.83424 -10.86889
v -171.80661 4.83424 -9.88759
v -175.19910 4.83424 -9.88759
v -178.25562 4.83424 -10.86889
v -180.37081 4.83424 -12.63713
v -181.12571 4.83424 -14.84208
v -180.37081 4.83424 -17.04704
v -178.25562 4.83424 -18.81528
v -175.19910 4.83424 -19.79657
v -171.80661 4.83424 -19.79657
v -168.75008 4.83424 -18.81528
v -166.63489 4.83424 -17.04704
v -163.99730 3.14015 -14.84208
v -164.93865 3.14015 -12.09255
v -167.57624 3.14015 -9.88759
v -171.38767 3.14015 -8.66393
v -175.61803 3.14015 -8.66393
v -179.42946 3.14015 -9.88759
v -182.06705 3.14015 -12.09255
v -183.00840 3.14015 -14.84208
v -182.06705 3.14015 -17.59162
v -179.42946 3.14015 -19.79657
v -175.61803 3.14015 -21.02023
v -171.38767 3.14015 -21.02023
v -167.57624 3.14015 -19.79657
v -164.93865 3.14015 -17.59162
v -163.99730 1.25985 -14.84208
v -164.93865 1.25985 -12.09255
v -167.57624 1.25985 -9.88759
v -171.38767 1.25985 -8.66393
v -175.61803 1.25985 -8.66393
v -179.42946 1.25985 -9.88759
v -182.06705 1.25985 -12.09255
v -183.00840 1.25985 -14.84208
v -182.06705 1.25985 -17.59162
v -179.42946 1.25985 -19.79657
v -175.61803 1.25985 -21.02023
v -171.38767 1.25985 -21.02023
v -167.57624 1.25985 -19.79657
v -164.93865 1.25985 -17.59162
v -165.87999 -0.43424 -14.84208
v -166.63489 -0.43424 -12.63713
v -168.75008 -0.43424 -10.86889
v -171.80661 -0.43424 -9.88759
v -175.19910 -0.43424 -9.88759
v -178.25562 -0.43424 -10.86889
v -180.37081 -0.43424 -12.63713
v -181.12571 -0.43424 -14.84208
v -180.37081 -0.43424 -17.04704
v -178.25562 -0.43424 -18.81528
v -175.19910 -0.43424 -19.79657
v -171.80661 -0.43424 -19.79657
v -168.75008 -0.43424 -18.81528
v -166.63489 -0.43424 -17.04704
v -169.27248 -1.60659 -14.84208
v -169.69142 -1.60659 -13.61843
v -170.86526 -1.60659 -12.63713
v -172.56151 -1.60659 -12.09255
v -174.44420 -1.60659 -12.09255
v -176.14044 -1.60659 -12.63713
v -177.31428 -1.60659 -13.61843
v -177.73322 -1.60659 -14.84208
v -177.31428 -1.60659 -16.06574
v -176.14044 -1.60659 -17.04704
v -174.44420 -1.60659 -17.59162
v -172.56151 -1.60659 -17.59162
v -170.86526 -1.60659 -17.04704
v -169.69142 -1.60659 -16.06574
v -173.50285 6.42500 -14.84208
v -173.50285 -2.02500 -14.84208
v -168.01953 6.59222 -38.32861
v -168.50292 6.59222 -36.91670
v -169.85735 6.59222 -35.78443
v -171.81456 6.59222 -35.15607
v -173.98689 6.59222 -35.15607
v -175.94410 6.59222 -35.78443
v -177.29852 6.59222 -36.91670
v -177.78191 6.59222 -38.32861
v -177.29852 6.59222 -39.74052
v -175.94410 6.59222 -40.87279
v -173.98689 6.59222 -41.50115
v -171.81456 6.59222 -41.50115
v -169.85735 6.59222 -40.87279
v -168.50292 6.59222 -39.74052
v -164.10512 5.23951 -38.32861
v -164.97616 5.23951 -35.78443
v -167.41675 5.23951 -33.74416
v -170.94352 5.23951 -32.61189
v -174.85793 5.23951 -32.61189
v -178.38469 5.23951 -33.74416
v -180.82529 5.23951 -35.78443
v -181.69633 5.23951 -38.32861
v -180.82529 5.23951 -40.87279
v -178.38469 5.23951 -42.91306
v -174.85793 5.23951 -44.04533
v -170.94352 5.23951 -44.04533
v -167.41675 5.23951 -42.91306
v -164.97616 5.23951 -40.87279
v -161.93278 3.28479 -38.32861
v -163.01895 3.28479 -35.15607
v -166.06232 3.28479 -32.61189
v -170.46013 3.28479 -31.19998
v -175.34132 3.28479 -31.19998
v -179.73912 3.28479 -32.61189
v -182.78249 3.28479 -35.15607
v -183.86866 3.28479 -38.32861
v -182.78249 3.28479 -41.50115
v -179.73912 3.28479 -44.04533
v -175.34132 3.28479 -45.45724
v -170.46013 3.28479 -45.45724
v -166.06232 3.28479 -44.04533
v -163.01895 3.28479 -41.50115
v -161.93278 1.11521 -38.32861
v -163.01895 1.11521 -35.15607
v -166.06232 1.11521 -32.61189
v -170.46013 1.11521 -31.19998
v -175.34132 1.11521 -31.19998
v -179.73912 1.11521 -32.61189
v -182.78249 1.11521 -35.15607
v -183.86866 1.11521 -38.32861
v -182.78249 1.11521 -41.50115
v -179.73912 1.11521 -44.04533
v -175.34132 1.11521 -45.45724
v -170.46013 1.11521 -45.45724
v -166.06232 1.11521 -44.04533
v -163.01895 1.11521 -41.50115
v -164.10512 -0.83951 -38.32861
v -164.97616 -0.83951 -35.78443
v -167.41675 -0.83951 -33.74416
v -170.94352 -0.83951 -32.61189
v -174.85793 -0.83951 -32.61189
v -178.38469 -0.83951 -33.74416
v -180.82529 -0.83951 -35.78443
v -181.69633 -0.83951 -38.32861
v -180.82529 -0.83951 -40.87279
v -178.38469 -0.83951 -42.91306
v -174.85793 -0.83951 -44.04533
v -170.94352 -0.83951 -44.04533
v -167.41675 -0.83951 -42.91306
v -164.97616 -0.83951 -40.87279
v -168.01953 -2.19222 -38.32861
v -168.50292 -2.19222 -36.91670
v -169.85735 -2.19222 -35.78443
v -171.81456 -2.19222 -35.15607
v -173.98689 -2.19222 -35.15607
v -175.94410 -2.19222 -35.78443
v -177.29852 -2.19222 -36.91670
v -177.78191 -2.19222 -38.32861
v -177.29852 -2.19222 -39.74052
v -175.94410 -2.19222 -40.87279
v -173.98689 -2.19222 -41.50115
v -171.81456 -2.19222 -41.50115
v -169.85735 -2.19222 -40.87279
v -168.50292 -2.19222 -39.74052
v -172.90072 7.07500 -38.32861
v -172.90072 -2.67500 -38.32861
v -163.53794 7.17785 -62.03107
v -164.08578 7.17785 -60.43090
v -165.62080 7.17785 -59.14766
v -167.83896 7.17785 -58.43552
v -170.30094 7.17785 -58.43552
v -172.51911 7.17785 -59.14766
v -174.05413 7.17785 -60.43090
v -174.60197 7.17785 -62.03107
v -174.05413 7.17785 -63.63124
v -172.51911 7.17785 -64.91447
v -170.30094 7.17785 -65.62661
v -167.83896 7.17785 -65.62661
v -165.62080 7.17785 -64.91447
v -164.08578 7.17785 -63.63124
v -159.10160 5.64478 -62.03107
v -160.08878 5.64478 -59.14766
v -162.85479 5.64478 -56.83535
v -166.85179 5.64478 -55.55212
v -171.28812 5.64478 -55.55212
v -175.28512 5.64478 -56.83535
v -178.05113 5.64478 -59.14766
v -179.03831 5.64478 -62.03107
v -178.05113 5.64478 -64.91447
v -175.28512 5.64478 -67.22678
v -171.28812 5.64478 -68.51002
v -166.85179 5.64478 -68.51002
v -162.85479 5.64478 -67.22678
v -160.08878 5.64478 -64.91447
v -156.63962 3.42943 -62.03107
v -157.87061 3.42943 -58.43552
v -161.31977 3.42943 -55.55212
v -166.30395 3.42943 -53.95195
v -171.83596 3.42943 -53.95195
v -176.82014 3.42943 -55.55212
v -180.26930 3.42943 -58.43552
v -181.50029 3.42943 -62.03107
v -180.26930 3.42943 -65.62661
v -176.82014 3.42943 -68.51002
v -171.83596 3.42943 -70.11019
v -166.30395 3.42943 -70.11019
v -161.31977 3.42943 -68.51002
v -157.87061 3.42943 -65.62661
v -156.63962 0.97057 -62.03107
v -157.87061 0.97057 -58.43552
v -161.31977 0.97057 -55.55212
v -166.30395 0.97057 -53.95195
v -171.83596 0.97057 -53.95195
v -176.82014 0.97057 -55.55212
v -180.26930 0.97057 -58.43552
v -181.50029 0.97057 -62.03107
v -180.26930 0.97057 -65.62661
v -176.82014 0.97057 -68.51002
v -171.83596 0.97057 -70.11019
v -166.30395 0.97057 -70.11019
v -161.31977 0.97057 -68.51002
v -157.87061 0.97057 -65.62661
v -159.10160 -1.24478 -62.03107
v -160.08878 -1.24478 -59.14766
v -162.85479 -1.24478 -56.83535
v -166.85179 -1.24478 -55.55212
v -171.28812 -1.24478 -55.55212
v -175.28512 -1.24478 -56.83535
v -178.05113 -1.24478 -59.14766
v -179.03831 -1.24478 -62.03107
v -178.05113 -1.24478 -64.91447
v -175.28512 -1.24478 -67.22678
v -171.28812 -1.24478 -68.51002
v -166.85179 -1.24478 -68.51002
v -162.85479 -1.24478 -67.22678
v -160.08878 -1.24478 -64.91447
v -163.53794 -2.77785 -62.03107
v -164.08578 -2.77785 -60.43090
v -165.62080 -2.77785 -59.14766
v -167.83896 -2.77785 -58.43552
v -170.30094 -2.77785 -58.43552
v -172.51911 -2.77785 -59.14766
v -174.05413 -2.77785 -60.43090
v -174.60197 -2.77785 -62.03107
v -174.05413 -2.77785 -63.63124
v -172.51911 -2.77785 -64.91447
v -170.30094 -2.77785 -65.62661
v -167.83896 -2.77785 -65.62661
v -165.62080 -2.77785 -64.91447
v -164.08578 -2.77785 -63.63124
v -169.06995 7.72500 -62.03107
v -169.06995 -3.32500 -62.03107
v -158.36721 5.42096 -85.50000
v -158.72170 5.42096 -84.46460
v -159.71494 5.42096 -83.63427
v -161.15023 5.42096 -83.17347
v -162.74327 5.42096 -83.17347
v -164.17856 5.42096 -83.63427
v -165.17181 5.42096 -84.46460
v -165.52629 5.42096 -85.50000
v -165.17181 5.42096 -86.53540
v -164.17856 5.42096 -87.36573
v -162.74327 5.42096 -87.82653
v -161.15023 5.42096 -87.82653
v -159.71494 5.42096 -87.36573
v -158.72170 5.42096 -86.53540
v -155.49664 4.42898 -85.50000
v -156.13540 4.42898 -83.63427
v -157.92517 4.42898 -82.13807
v -160.51147 4.42898 -81.30774
v -163.38203 4.42898 -81.30774
v -165.96833 4.42898 -82.13807
v -167.75810 4.42898 -83.63427
v -168.39686 4.42898 -85.50000
v -167.75810 4.42898 -87.36573
v -165.96833 4.42898 -88.86193
v -163.38203 4.42898 -89.69226
v -160.51147 4.42898 -89.69226
v -157.92517 4.42898 -88.86193
v -156.13540 4.42898 -87.36573
v -153.90360 2.99551 -85.50000
v -154.70012 2.99551 -83.17347
v -156.93193 2.99551 -81.30774
v -160.15698 2.99551 -80.27234
v -163.73652 2.99551 -80.27234
v -166.96158 2.99551 -81.30774
v -169.19338 2.99551 -83.17347
v -169.98991 2.99551 -85.50000
v -169.19338 2.99551 -87.82653
v -166.96158 2.99551 -89.69226
v -163.73652 2.99551 -90.72766
v -160.15698 2.99551 -90.72766
v -156.93193 2.99551 -89.69226
v -154.70012 2.99551 -87.82653
v -153.90360 1.40449 -85.50000
v -154.70012 1.40449 -83.17347
v -156.93193 1.40449 -81.30774
v -160.15698 1.40449 -80.27234
v -163.73652 1.40449 -80.27234
v -166.96158 1.40449 -81.30774
v -169.19338 1.40449 -83.17347
v -169.98991 1.40449 -85.50000
v -169.19338 1.40449 -87.82653
v -166.96158 1.40449 -89.69226
v -163.73652 1.40449 -90.72766
v -160.15698 1.40449 -90.72766
v -156.93193 1.40449 -89.69226
v -154.70012 1.40449 -87.82653
v -155.49664 -0.02898 -85.50000
v -156.13540 -0.02898 -83.63427
v -157.92517 -0.02898 -82.13807
v -160.51147 -0.02898 -81.30774
v -163.38203 -0.02898 -81.30774
v -165.96833 -0.02898 -82.13807
v -167.75810 -0.02898 -83.63427
v -168.39686 -0.02898 -85.50000
v -167.75810 -0.02898 -87.36573
v -165.96833 -0.02898 -88.86193
v -163.38203 -0.02898 -89.69226
v -160.51147 -0.02898 -89.69226
v -157.92517 -0.02898 -88.86193
v -156.13540 -0.02898 -87.36573
v -158.36721 -1.02096 -85.50000
v -158.72170 -1.02096 -84.46460
v -159.71494 -1.02096 -83.63427
v -161.15023 -1.02096 -83.17347
v -162.74327 -1.02096 -83.17347
v -164.17856 -1.02096 -83.63427
v -165.17181 -1.02096 -84.46460
v -165.52629 -1.02096 -85.50000
v -165.17181 -1.02096 -86.53540
v -164.17856 -1.02096 -87.36573
v -162.74327 -1.02096 -87.82653
v -161.15023 -1.02096 -87.82653
v -159.71494 -1.02096 -87.36573
v -158.72170 -1.02096 -86.53540
v -161.94675 5.77500 -85.50000
v -161.94675 -1.37500 -85.50000
v -147.30012 6.00659 -108.27343
v -147.71906 6.00659 -107.04977
v -148.89290 6.00659 -106.06848
v -150.58914 6.00659 -105.52390
v -152.47183 6.00659 -105.52390
v -154.16808 6.00659 -106.06848
v -155.34192 6.00659 -107.04977
v -155.76085 6.00659 -108.27343
v -155.34192 6.00659 -109.49709
v -154.16808 6.00659 -110.47839
v -152.47183 6.00659 -111.02297
v -150.58914 6.00659 -111.02297
v -148.89290 6.00659 -110.47839
v -147.71906 6.00659 -109.49709
v -143.90763 4.83424 -108.27343
v -144.66253 4.83424 -106.06848
v -146.77771 4.83424 -104.30024
v -149.83424 4.83424 -103.31894
v -153.22673 4.83424 -103.31894
v -156.28326 4.83424 -104.30024
v -158.39844 4.83424 -106.06848
v -159.15334 4.83424 -108.27343
v -158.39844 4.83424 -110.47839
v -156.28326 4.83424 -112.24663
v -153.22673 4.83424 -113.22792
v -149.83424 4.83424 -113.22792
v -146.77771 4.83424 -112.24663
v -144.66253 4.83424 -110.47839
v -142.02494 3.14015 -108.27343
v -142.96629 3.14015 -105.52390
v -145.60388 3.14015 -103.31894
v -149.41530 3.14015 -102.09528
v -153.64567 3.14015 -102.09528
v -157.45710 3.14015 -103.31894
v -160.09469 3.14015 -105.52390
v -161.03604 3.14015 -108.27343
v -160.09469 3.14015 -111.02297
v -157.45710 3.14015 -113.22792
v -153.64567 3.14015 -114.45158
v -149.41530 3.14015 -114.45158
v -145.60388 3.14015 -113.22792
v -142.96629 3.14015 -111.02297
v -142.02494 1.25985 -108.27343
v -142.96629 1.25985 -105.52390
v -145.60388 1.25985 -103.31894
v -149.41530 1.25985 -102.09528
v -153.64567 1.25985 -102.09528
v -157.45710 1.25985 -103.31894
v -160.09469 1.25985 -105.52390
v -161.03604 1.25985 -108.27343
v -160.09469 1.25985 -111.02297
v -157.45710 1.25985 -113.22792
v -153.64567 1.25985 -114.45158
v -149.41530 1.25985 -114.45158
v -145.60388 1.25985 -113.22792
v -142.96629 1.25985 -111.02297
v -143.90763 -0.43424 -108.27343
v -144.66253 -0.43424 -106.06848
v -146.77771 -0.43424 -104.30024
v -149.83424 -0.43424 -103.31894
v -153.22673 -0.43424 -103.31894
v -156.28326 -0.43424 -104.30024
v -158.39844 -0.43424 -106.06848
v -159.15334 -0.43424 -108.27343
v -158.39844 -0.43424 -110.47839
v -156.28326 -0.43424 -112.24663
v -153.22673 -0.43424 -113.22792
v -149.83424 -0.43424 -113.22792
v -146.77771 -0.43424 -112.24663
v -144.66253 -0.43424 -110.47839
v -147.30012 -1.60659 -108.27343
v -147.71906 -1.60659 -107.04977
v -148.89290 -1.60659 -106.06848
v -150.58914 -1.60659 -105.52390
v -152.47183 -1.60659 -105.52390
v -154.16808 -1.60659 -106.06848
v -155.34192 -1.60659 -107.04977
v -155.76085 -1.60659 -108.27343
v -155.34192 -1.60659 -109.49709
v -154.16808 -1.60659 -110.47839
v -152.47183 -1.60659 -111.02297
v -150.58914 -1.60659 -111.02297
v -148.89290 -1.60659 -110.47839
v -147.71906 -1.60659 -109.49709
v -151.53049 6.42500 -108.27343
v -151.53049 -2.02500 -108.27343
v -118.86249 6.59222 -115.74369
v -119.34588 6.59222 -114.33177
v -120.70031 6.59222 -113.19951
v -122.65752 6.59222 -112.57115
v -124.82985 6.59222 -112.57115
v -126.78706 6.59222 -113.19951
v -128.14149 6.59222 -114.33177
v -128.62488 6.59222 -115.74369
v -128.14149 6.59222 -117.15560
v -126.78706 6.59222 -118.28787
v -124.82985 6.59222 -118.91623
v -122.65752 6.59222 -118.91623
v -120.70031 6.59222 -118.28787
v -119.34588 6.59222 -117.15560
v -114.94808 5.23951 -115.74369
v -115.81912 5.23951 -113.19951
v -118.25972 5.23951 -111.15923
v -121.78648 5.23951 -110.02697
v -125.70089 5.23951 -110.02697
v -129.22766 5.23951 -111.15923
v -131.66825 5.23951 -113.19951
v -132.53929 5.23951 -115.74369
v -131.66825 5.23951 -118.28787
v -129.22766 5.23951 -120.32814
v -125.70089 5.23951 -121.46041
v -121.78648 5.23951 -121.46041
v -118.25972 5.23951 -120.32814
v -115.81912 5.23951 -118.28787
v -112.77575 3.28479 -115.74369
v -113.86192 3.28479 -112.57115
v -116.90529 3.28479 -110.02697
v -121.30309 3.28479 -108.61505
v -126.18428 3.28479 -108.61505
v -130.58208 3.28479 -110.02697
v -133.62546 3.28479 -112.57115
v -134.71163 3.28479 -115.74369
v -133.62546 3.28479 -118.91623
v -130.58208 3.28479 -121.46041
v -126.18428 3.28479 -122.87232
v -121.30309 3.28479 -122.87232
v -116.90529 3.28479 -121.46041
v -113.86192 3.28479 -118.91623
v -112.77575 1.11521 -115.74369
v -113.86192 1.11521 -112.57115
v -116.90529 1.11521 -110.02697
v -121.30309 1.11521 -108.61505
v -126.18428 1.11521 -108.61505
v -130.58208 1.11521 -110.02697
v -133.62546 1.11521 -112.57115
v -134.71163 1.11521 -115.74369
v -133.62546 1.11521 -118.91623
v -130.58208 1.11521 -121.46041
v -126.18428 1.11521 -122.87232
v -121.30309 1.11521 -122.87232
v -116.90529 1.11521 -121.46041
v -113.86192 1.11521 -118.91623
v -114.94808 -0.83951 -115.74369
v -115.81912 -0.83951 -113.19951
v -118.25972 -0.83951 -111.15923
v -121.78648 -0.83951 -110.02697
v -125.70089 -0.83951 -110.02697
v -129.22766 -0.83951 -111.15923
v -131.66825 -0.83951 -113.19951
v -132.53929 -0.83951 -115.74369
v -131.66825 -0.83951 -118.28787
v -129.22766 -0.83951 -120.32814
v -125.70089 -0.83951 -121.46041
v -121.78648 -0.83951 -121.46041
v -118.25972 -0.83951 -120.32814
v -115.81912 -0.83951 -118.28787
v -118.86249 -2.19222 -115.74369
v -119.34588 -2.19222 -114.33177
v -120.70031 -2.19222 -113.19951
v -122.65752 -2.19222 -112.57115
v -124.82985 -2.19222 -112.57115
v -126.78706 -2.19222 -113.19951
v -128.14149 -2.19222 -114.33177
v -128.62488 -2.19222 -115.74369
v -128.14149 -2.19222 -117.15560
v -126.78706 -2.19222 -118.28787
v -124.82985 -2.19222 -118.91623
v -122.65752 -2.19222 -118.91623
v -120.70031 -2.19222 -118.28787
v -119.34588 -2.19222 -117.15560
v -123.74369 7.07500 -115.74369
v -123.74369 -2.67500 -115.74369
v -103.43628 7.17785 -134.01025
v -103.98412 7.17785 -132.41008
v -105.51914 7.17785 -131.12684
v -107.73731 7.17785 -130.41470
v -110.19929 7.17785 -130.41470
v -112.41745 7.17785 -131.12684
v -113.95247 7.17785 -132.41008
v -114.50031 7.17785 -134.01025
v -113.95247 7.17785 -135.61042
v -112.41745 7.17785 -136.89365
v -110.19929 7.17785 -137.60579
v -107.73731 7.17785 -137.60579
v -105.51914 7.17785 -136.89365
v -103.98412 7.17785 -135.61042
v -98.99994 5.64478 -134.01025
v -99.98712 5.64478 -131.12684
v -102.75313 5.64478 -128.81453
v -106.75013 5.64478 -127.53130
v -111.18646 5.64478 -127.53130
v -115.18346 5.64478 -128.81453
v -117.94947 5.64478 -131.12684
v -118.93665 5.64478 -134.01025
v -117.94947 5.64478 -136.89365
v -115.18346 5.64478 -139.20596
v -111.18646 5.64478 -140.48920
v -106.75013 5.64478 -140.48920
v -102.75313 5.64478 -139.20596
v -99.98712 5.64478 -136.89365
v -96.53796 3.42943 -134.01025
v -97.76895 3.42943 -130.41470
v -101.21811 3.42943 -127.53130
v -106.20229 3.42943 -125.93113
v -111.73430 3.42943 -125.93113
v -116.71848 3.42943 -127.53130
v -120.16764 3.42943 -130.41470
v -121.39863 3.42943 -134.01025
v -120.16764 3.42943 -137.60579
v -116.71848 3.42943 -140.48920
v -111.73430 3.42943 -142.08937
v -106.20229 3.42943 -142.08937
v -101.21811 3.42943 -140.48920
v -97.76895 3.42943 -137.60579
v -96.53796 0.97057 -134.01025
v -97.76895 0.97057 -130.41470
v -101.21811 0.97057 -127.53130
v -106.20229 0.97057 -125.93113
v -111.73430 0.97057 -125.93113
v -116.71848 0.97057 -127.53130
v -120.16764 0.97057 -130.41470
v -121.39863 0.97057 -134.01025
v -120.16764 0.97057 -137.60579
v -116.71848 0.97057 -140.48920
v -111.73430 0.97057 -142.08937
v -106.20229 0.97057 -142.08937
v -101.21811 0.97057 -140.48920
v -97.76895 0.97057 -137.60579
v -98.99994 -1.24478 -134.01025
v -99.98712 -1.24478 -131.12684
v -102.75313 -1.24478 -128.81453
v -106.75013 -1.24478 -127.53130
v -111.18646 -1.24478 -127.53130
v -115.18346 -1.24478 -128.81453
v -117.94947 -1.24478 -131.12684
v -118.93665 -1.24478 -134.01025
v -117.94947 -1.24478 -136.89365
v -115.18346 -1.24478 -139.20596
v -111.18646 -1.24478 -140.48920
v -106.75013 -1.24478 -140.48920
v -102.75313 -1.24478 -139.20596
v -99.98712 -1.24478 -136.89365
v -103.43628 -2.77785 -134.01025
v -103.98412 -2.77785 -132.41008
v -105.51914 -2.77785 -131.12684
v -107.73731 -2.77785 -130.41470
v -110.19929 -2.77785 -130.41470
v -112.41745 -2.77785 -131.12684
v -113.95247 -2.77785 -132.41008
v -114.50031 -2.77785 -134.01025
v -113.95247 -2.77785 -135.61042
v -112.41745 -2.77785 -136.89365
v -110.19929 -2.77785 -137.60579
v -107.73731 -2.77785 -137.60579
v -105.51914 -2.77785 -136.89365
v -103.98412 -2.77785 -135.61042
v -108.96830 7.72500 -134.01025
v -108.96830 -3.32500 -134.01025
v -87.92046 5.42096 -150.48265
v -88.27495 5.42096 -149.44725
v -89.26819 5.42096 -148.61692
v -90.70348 5.42096 -148.15612
v -92.29652 5.42096 -148.15612
v -93.73181 5.42096 -148.61692
v -94.72505 5.42096 -149.44725
v -95.07954 5.42096 -150.48265
v -94.72505 5.42096 -151.51805
v -93.73181 5.42096 -152.34838
v -92.29652 5.42096 -152.80918
v -90.70348 5.42096 -152.80918
v -89.26819 5.42096 -152.34838
v -88.27495 5.42096 -151.51805
v -85.04989 4.42898 -150.48265
v -85.68865 4.42898 -148.61692
v -87.47842 4.42898 -147.12072
v -90.06472 4.42898 -146.29039
v -92.93528 4.42898 -146.29039
v -95.52158 4.42898 -147.12072
v -97.31135 4.42898 -148.61692
v -97.95011 4.42898 -150.48265
v -97.31135 4.42898 -152.34838
v -95.52158 4.42898 -153.84458
v -92.93528 4.42898 -154.67491
v -90.06472 4.42898 -154.67491
v -87.47842 4.42898 -153.84458
v -85.68865 4.42898 -152.34838
v -83.45684 2.99551 -150.48265
v -84.25337 2.99551 -148.15612
v -86.48517 2.99551 -146.29039
v -89.71023 2.99551 -145.25498
v -93.28977 2.99551 -145.25498
v -96.51483 2.99551 -146.29039
v -98.74663 2.99551 -148.15612
v -99.54316 2.99551 -150.48265
v -98.74663 2.99551 -152.80918
v -96.51483 2.99551 -154.67491
v -93.28977 2.99551 -155.71031
v -89.71023 2.99551 -155.71031
v -86.48517 2.99551 -154.67491
v -84.25337 2.99551 -152.80918
v -83.45684 1.40449 -150.48265
v -84.25337 1.40449 -148.15612
v -86.48517 1.40449 -146.29039
v -89.71023 1.40449 -145.25498
v -93.28977 1.40449 -145.25498
v -96.51483 1.40449 -146.29039
v -98.74663 1.40449 -148.15612
v -99.54316 1.40449 -150.48265
v -98.74663 1.40449 -152.80918
v -96.51483 1.40449 -154.67491
v -93.28977 1.40449 -155.71031
v -89.71023 1.40449 -155.71031
v -86.48517 1.40449 -154.67491
v -84.25337 1.40449 -152.80918
v -85.04989 -0.02898 -150.48265
v -85.68865 -0.02898 -148.61692
v -87.47842 -0.02898 -147.12072
v -90.06472 -0.02898 -146.29039
v -92.93528 -0.02898 -146.29039
v -95.52158 -0.02898 -147.12072
v -97.31135 -0.02898 -148.61692
v -97.95011 -0.02898 -150.48265
v -97.31135 -0.02898 -152.34838
v -95.52158 -0.02898 -153.84458
v -92.93528 -0.02898 -154.67491
v -90.06472 -0.02898 -154.67491
v -87.47842 -0.02898 -153.84458
v -85.68865 -0.02898 -152.34838
v -87.92046 -1.02096 -150.48265
v -88.27495 -1.02096 -149.44725
v -89.26819 -1.02096 -148.61692
v -90.70348 -1.02096 -148.15612
v -92.29652 -1.02096 -148.15612
v -93.73181 -1.02096 -148.61692
v -94.72505 -1.02096 -149.44725
v -95.07954 -1.02096 -150.48265
v -94.72505 -1.02096 -151.51805
v -93.73181 -1.02096 -152.34838
v -92.29652 -1.02096 -152.80918
v -90.70348 -1.02096 -152.80918
v -89.26819 -1.02096 -152.34838
v -88.27495 -1.02096 -151.51805
v -91.50000 5.77500 -150.48265
v -91.50000 -1.37500 -150.48265
v -67.33144 6.00659 -164.76547
v -67.75037 6.00659 -163.54181
v -68.92421 6.00659 -162.56052
v -70.62046 6.00659 -162.01594
v -72.50315 6.00659 -162.01594
v -74.19939 6.00659 -162.56052
v -75.37323 6.00659 -163.54181
v -75.79217 6.00659 -164.76547
v -75.37323 6.00659 -165.98913
v -74.19939 6.00659 -166.97043
v -72.50315 6.00659 -167.51501
v -70.62046 6.00659 -167.51501
v -68.92421 6.00659 -166.97043
v -67.75037 6.00659 -165.98913
v -63.93894 4.83424 -164.76547
v -64.69385 4.83424 -162.56052
v -66.80903 4.83424 -160.79228
v -69.86556 4.83424 -159.81098
v -73.25805 4.83424 -159.81098
v -76.31458 4.83424 -160.79228
v -78.42976 4.83424 -162.56052
v -79.18466 4.83424 -164.76547
v -78.42976 4.83424 -166.97043
v -76.31458 4.83424 -168.73867
v -73.25805 4.83424 -169.71996
v -69.86556 4.83424 -169.71996
v -66.80903 4.83424 -168.73867
v -64.69385 4.83424 -166.97043
v -62.05625 3.14015 -164.76547
v -62.99760 3.14015 -162.01594
v -65.63519 3.14015 -159.81098
v -69.44662 3.14015 -158.58732
v -73.67699 3.14015 -158.58732
v -77.48841 3.14015 -159.81098
v -80.12600 3.14015 -162.01594
v -81.06735 3.14015 -164.76547
v -80.12600 3.14015 -167.51501
v -77.48841 3.14015 -169.71996
v -73.67699 3.14015 -170.94362
v -69.44662 3.14015 -170.94362
v -65.63519 3.14015 -169.71996
v -62.99760 3.14015 -167.51501
v -62.05625 1.25985 -164.76547
v -62.99760 1.25985 -162.01594
v -65.63519 1.25985 -159.81098
v -69.44662 1.25985 -158.58732
v -73.67699 1.25985 -158.58732
v -77.48841 1.25985 -159.81098
v -80.12600 1.25985 -162.01594
v -81.06735 1.25985 -164.76547
v -80.12600 1.25985 -167.51501
v -77.48841 1.25985 -169.71996
v -73.67699 1.25985 -170.94362
v -69.44662 1.25985 -170.94362
v -65.63519 1.25985 -169.71996
v -62.99760 1.25985 -167.51501
v -63.93894 -0.43424 -164.76547
v -64.69385 -0.43424 -162.56052
v -66.80903 -0.43424 -160.79228
v -69.86556 -0.43424 -159.81098
v -73.25805 -0.43424 -159.81098
v -76.31458 -0.43424 -160.79228
v -78.42976 -0.43424 -162.56052
v -79.18466 -0.43424 -164.76547
v -78.42976 -0.43424 -166.97043
v -76.31458 -0.43424 -168.73867
v -73.25805 -0.43424 -169.71996
v -69.86556 -0.43424 -169.71996
v -66.80903 -0.43424 -168.73867
v -64.69385 -0.43424 -166.97043
v -67.33144 -1.60659 -164.76547
v -67.75037 -1.60659 -163.54181
v -68.92421 -1.60659 -162.56052
v -70.62046 -1.60659 -162.01594
v -72.50315 -1.60659 -162.01594
v -74.19939 -1.60659 -162.56052
v -75.37323 -1.60659 -163.54181
v -75.79217 -1.60659 -164.76547
v -75.37323 -1.60659 -165.98913
v -74.19939 -1.60659 -166.97043
v -72.50315 -1.60659 -167.51501
v -70.62046 -1.60659 -167.51501
v -68.92421 -1.60659 -166.97043
v -67.75037 -1.60659 -165.98913
v -71.56180 6.42500 -164.76547
v -71.56180 -2.02500 -164.76547
v -44.55325 6.59222 -176.49183
v -45.03664 6.59222 -175.07992
v -46.39106 6.59222 -173.94765
v -48.34827 6.59222 -173.31929
v -50.52061 6.59222 -173.31929
v -52.47781 6.59222 -173.94765
v -53.83224 6.59222 -175.07992
v -54.31563 6.59222 -176.49183
v -53.83224 6.59222 -177.90375
v -52.47781 6.59222 -179.03601
v -50.52061 6.59222 -179.66437
v -48.34827 6.59222 -179.66437
v -46.39106 6.59222 -179.03601
v -45.03664 6.59222 -177.90375
v -40.63883 5.23951 -176.49183
v -41.50987 5.23951 -173.94765
v -43.95047 5.23951 -171.90738
v -47.47723 5.23951 -170.77511
v -51.39164 5.23951 -170.77511
v -54.91841 5.23951 -171.90738
v -57.35900 5.23951 -173.94765
v -58.23004 5.23951 -176.49183
v -57.35900 5.23951 -179.03601
v -54.91841 5.23951 -181.07629
v -51.39164 5.23951 -182.20855
v -47.47723 5.23951 -182.20855
v -43.95047 5.23951 -181.07629
v -41.50987 5.23951 -179.03601
v -38.46650 3.28479 -176.49183
v -39.55267 3.28479 -173.31929
v -42.59604 3.28479 -170.77511
v -46.99384 3.28479 -169.36320
v -51.87503 3.28479 -169.36320
v -56.27284 3.28479 -170.77511
v -59.31621 3.28479 -173.31929
v -60.40238 3.28479 -176.49183
v -59.31621 3.28479 -179.66437
v -56.27284 3.28479 -182.20855
v -51.87503 3.28479 -183.62047
v -46.99384 3.28479 -183.62047
v -42.59604 3.28479 -182.20855
v -39.55267 3.28479 -179.66437
v -38.46650 1.11521 -176.49183
v -39.55267 1.11521 -173.31929
v -42.59604 1.11521 -170.77511
v -46.99384 1.11521 -169.36320
v -51.87503 1.11521 -169.36320
v -56.27284 1.11521 -170.77511
v -59.31621 1.11521 -173.31929
v -60.40238 1.11521 -176.49183
v -59.31621 1.11521 -179.66437
v -56.27284 1.11521 -182.20855
v -51.87503 1.11521 -183.62047
v -46.99384 1.11521 -183.62047
v -42.59604 1.11521 -182.20855
v -39.55267 1.11521 -179.66437
v -40.63883 -0.83951 -176.49183
v -41.50987 -0.83951 -173.94765
v -43.95047 -0.83951 -171.90738
v -47.47723 -0.83951 -170.77511
v -51.39164 -0.83951 -170.77511
v -54.91841 -0.83951 -171.90738
v -57.35900 -0.83951 -173.94765
v -58.23004 -0.83951 -176.49183
v -57.35900 -0.83951 -179.03601
v -54.91841 -0.83951 -181.07629
v -51.39164 -0.83951 -182.20855
v -47.47723 -0.83951 -182.20855
v -43.95047 -0.83951 -181.07629
v -41.50987 -0.83951 -179.03601
v -44.55325 -2.19222 -176.49183
v -45.03664 -2.19222 -175.07992
v -46.39106 -2.19222 -173.94765
v -48.34827 -2.19222 -173.31929
v -50.52061 -2.19222 -173.31929
v -52.47781 -2.19222 -173.94765
v -53.83224 -2.19222 -175.07992
v -54.31563 -2.19222 -176.49183
v -53.83224 -2.19222 -177.90375
v -52.47781 -2.19222 -179.03601
v -50.52061 -2.19222 -179.66437
v -48.34827 -2.19222 -179.66437
v -46.39106 -2.19222 -179.03601
v -45.03664 -2.19222 -177.90375
v -49.43444 7.07500 -176.49183
v -49.43444 -2.67500 -176.49183
v -17.31007 7.17785 -165.50285
v -17.85791 7.17785 -163.90268
v -19.39293 7.17785 -162.61945
v -21.61109 7.17785 -161.90731
v -24.07307 7.17785 -161.90731
v -26.29124 7.17785 -162.61945
v -27.82626 7.17785 -163.90268
v -28.37410 7.17785 -165.50285
v -27.82626 7.17785 -167.10302
v -26.29124 7.17785 -168.38625
v -24.07307 7.17785 -169.09840
v -21.61109 7.17785 -169.09840
v -19.39293 7.17785 -168.38625
v -17.85791 7.17785 -167.10302
v -12.87373 5.64478 -165.50285
v -13.86091 5.64478 -162.61945
v -16.62692 5.64478 -160.30714
v -20.62392 5.64478 -159.02390
v -25.06025 5.64478 -159.02390
v -29.05725 5.64478 -160.30714
v -31.82326 5.64478 -162.61945
v -32.81044 5.64478 -165.50285
v -31.82326 5.64478 -168.38625
v -29.05725 5.64478 -170.69856
v -25.06025 5.64478 -171.98180
v -20.62392 5.64478 -171.98180
v -16.62692 5.64478 -170.69856
v -13.86091 5.64478 -168.38625
v -10.41175 3.42943 -165.50285
v -11.64274 3.42943 -161.90731
v -15.09190 3.42943 -159.02390
v -20.07607 3.42943 -157.42373
v -25.60809 3.42943 -157.42373
v -30.59227 3.42943 -159.02390
v -34.04142 3.42943 -161.90731
v -35.27241 3.42943 -165.50285
v -34.04142 3.42943 -169.09840
v -30.59227 3.42943 -171.98180
v -25.60809 3.42943 -173.58197
v -20.07607 3.42943 -173.58197
v -15.09190 3.42943 -171.98180
v -11.64274 3.42943 -169.09840
v -10.41175 0.97057 -165.50285
v -11.64274 0.97057 -161.90731
v -15.09190 0.97057 -159.02390
v -20.07607 0.97057 -157.42373
v -25.60809 0.97057 -157.42373
v -30.59227 0.97057 -159.02390
v -34.04142 0.97057 -161.90731
v -35.27241 0.97057 -165.50285
v -34.04142 0.97057 -169.09840
v -30.59227 0.97057 -171.98180
v -25.60809 0.97057 -173.58197
v -20.07607 0.97057 -173.58197
v -15.09190 0.97057 -171.98180
v -11.64274 0.97057 -169.09840
v -12.87373 -1.24478 -165.50285
v -13.86091 -1.24478 -162.61945
v -16.62692 -1.24478 -160.30714
v -20.62392 -1.24478 -159.02390
v -25.06025 -1.24478 -159.02390
v -29.05725 -1.24478 -160.30714
v -31.82326 -1.24478 -162.61945
v -32.81044 -1.24478 -165.50285
v -31.82326 -1.24478 -168.38625
v -29.05725 -1.24478 -170.69856
v -25.06025 -1.24478 -171.98180
v -20.62392 -1.24478 -171.98180
v -16.62692 -1.24478 -170.69856
v -13.86091 -1.24478 -168.38625
v -17.31007 -2.77785 -165.50285
v -17.85791 -2.77785 -163.90268
v -19.39293 -2.77785 -162.61945
v -21.61109 -2.77785 -161.90731
v -24.07307 -2.77785 -161.90731
v -26.29124 -2.77785 -162.61945
v -27.82626 -2.77785 -163.90268
v -28.37410 -2.77785 -165.50285
v -27.82626 -2.77785 -167.10302
v -26.29124 -2.77785 -168.38625
v -24.07307 -2.77785 -169.09840
v -21.61109 -2.77785 -169.09840
v -19.39293 -2.77785 -168.38625
v -17.85791 -2.77785 -167.10302
v -22.84208 7.72500 -165.50285
v -22.84208 -3.32500 -165.50285
v 3.57954 5.42096 -171.00000
v 3.22505 5.42096 -169.96460
v 2.23181 5.42096 -169.13427
v 0.79652 5.42096 -168.67347
v -0.79652 5.42096 -168.67347
v -2.23181 5.42096 -169.13427
v -3.22505 5.42096 -169.96460
v -3.57954 5.42096 -171.00000
v -3.22505 5.42096 -172.03540
v -2.23181 5.42096 -172.86573
v -0.79652 5.42096 -173.32653
v 0.79652 5.42096 -173.32653
v 2.23181 5.42096 -172.86573
v 3.22505 5.42096 -172.03540
v 6.45011 4.42898 -171.00000
v 5.81135 4.42898 -169.13427
v 4.02158 4.42898 -167.63807
v 1.43528 4.42898 -166.80774
v -1.43528 4.42898 -166.80774
v -4.02158 4.42898 -167.63807
v -5.81135 4.42898 -169.13427
v -6.45011 4.42898 -171.00000
v -5.81135 4.42898 -172.86573
v -4.02158 4.42898 -174.36193
v -1.43528 4.42898 -175.19226
v 1.43528 4.42898 -175.19226
v 4.02158 4.42898 -174.36193
v 5.81135 4.42898 -172.86573
v 8.04316 2.99551 -171.00000
v 7.24663 2.99551 -168.67347
v 5.01483 2.99551 -166.80774
v 1.78977 2.99551 -165.77234
v -1.78977 2.99551 -165.77234
v -5.01483 2.99551 -166.80774
v -7.24663 2.99551 -168.67347
v -8.04316 2.99551 -171.00000
v -7.24663 2.99551 -173.32653
v -5.01483 2.99551 -175.19226
v -1.78977 2.99551 -176.22766
v 1.78977 2.99551 -176.22766
v 5.01483 2.99551 -175.19226
v 7.24663 2.99551 -173.32653
v 8.04316 1.40449 -171.00000
v 7.24663 1.40449 -168.67347
v 5.01483 1.40449 -166.80774
v 1.78977 1.40449 -165.77234
v -1.78977 1.40449 -165.77234
v -5.01483 1.40449 -166.80774
v -7.24663 1.40449 -168.67347
v -8.04316 1.40449 -171.00000
v -7.24663 1.40449 -173.32653
v -5.01483 1.40449 -175.19226
v -1.78977 1.40449 -176.22766
v 1.78977 1.40449 -176.22766
v 5.01483 1.40449 -175.19226
v 7.24663 1.40449 -173.32653
v 6.45011 -0.02898 -171.00000
v 5.81135 -0.02898 -169.13427
v 4.02158 -0.02898 -167.63807
v 1.43528 -0.02898 -166.80774
v -1.43528 -0.02898 -166.80774
v -4.02158 -0.02898 -167.63807
v -5.81135 -0.02898 -169.13427
v -6.45011 -0.02898 -171.00000
v -5.81135 -0.02898 -172.86573
v -4.02158 -0.02898 -174.36193
v -1.43528 -0.02898 -175.19226
v 1.43528 -0.02898 -175.19226
v 4.02158 -0.02898 -174.36193
v 5.81135 -0.02898 -172.86573
v 3.57954 -1.02096 -171.00000
v 3.22505 -1.02096 -169.96460
v 2.23181 -1.02096 -169.13427
v 0.79652 -1.02096 -168.67347
v -0.79652 -1.02096 -168.67347
v -2.23181 -1.02096 -169.13427
v -3.22505 -1.02096 -169.96460
v -3.57954 -1.02096 -171.00000
v -3.22505 -1.02096 -172.03540
v -2.23181 -1.02096 -172.86573
v -0.79652 -1.02096 -173.32653
v 0.79652 -1.02096 -173.32653
v 2.23181 -1.02096 -172.86573
v 3.22505 -1.02096 -172.03540
v -0.00000 5.77500 -171.00000
v -0.00000 -1.37500 -171.00000
v 28.11666 6.00659 -173.43441
v 27.69772 6.00659 -172.21075
v 26.52388 6.00659 -171.22945
v 24.82764 6.00659 -170.68487
v 22.94495 6.00659 -170.68487
v 21.24870 6.00659 -171.22945
v 20.07486 6.00659 -172.21075
v 19.65593 6.00659 -173.43441
v 20.07486 6.00659 -174.65807
v 21.24870 6.00659 -175.63937
v 22.94495 6.00659 -176.18394
v 24.82764 6.00659 -176.18394
v 26.52388 6.00659 -175.63937
v 27.69772 6.00659 -174.65807
v 31.50915 4.83424 -173.43441
v 30.75425 4.83424 -171.22945
v 28.63907 4.83424 -169.46122
v 25.58254 4.83424 -168.47992
v 22.19005 4.83424 -168.47992
v 19.13352 4.83424 -169.46122
v 17.01834 4.83424 -171.22945
v 16.26344 4.83424 -173.43441
v 17.01834 4.83424 -175.63937
v 19.13352 4.83424 -177.40760
v 22.19005 4.83424 -178.38890
v 25.58254 4.83424 -178.38890
v 28.63907 4.83424 -177.40760
v 30.75425 4.83424 -175.63937
v 33.39184 3.14015 -173.43441
v 32.45050 3.14015 -170.68487
v 29.81290 3.14015 -168.47992
v 26.00148 3.14015 -167.25626
v 21.77111 3.14015 -167.25626
v 17.95968 3.14015 -168.47992
v 15.32209 3.14015 -170.68487
v 14.38075 3.14015 -173.43441
v 15.32209 3.14015 -176.18394
v 17.95968 3.14015 -178.38890
v 21.77111 3.14015 -179.61256
v 26.00148 3.14015 -179.61256
v 29.81290 3.14015 -178.38890
v 32.45050 3.14015 -176.18394
v 33.39184 1.25985 -173.43441
v 32.45050 1.25985 -170.68487
v 29.81290 1.25985 -168.47992
v 26.00148 1.25985 -167.25626
v 21.77111 1.25985 -167.25626
v 17.95968 1.25985 -168.47992
v 15.32209 1.25985 -170.68487
v 14.38075 1.25985 -173.43441
v 15.32209 1.25985 -176.18394
v 17.95968 1.25985 -178.38890
v 21.77111 1.25985 -179.61256
v 26.00148 1.25985 -179.61256
v 29.81290 1.25985 -178.38890
v 32.45050 1.25985 -176.18394
v 31.50915 -0.43424 -173.43441
v 30.75425 -0.43424 -171.22945
v 28.63907 -0.43424 -169.46122
v 25.58254 -0.43424 -168.47992
v 22.19005 -0.43424 -168.47992
v 19.13352 -0.43424 -169.46122
v 17.01834 -0.43424 -171.22945
v 16.26344 -0.43424 -173.43441
v 17.01834 -0.43424 -175.63937
v 19.13352 -0.43424 -177.40760
v 22.19005 -0.43424 -178.38890
v 25.58254 -0.43424 -178.38890
v 28.63907 -0.43424 -177.40760
v 30.75425 -0.43424 -175.63937
v 28.11666 -1.60659 -173.43441
v 27.69772 -1.60659 -172.21075
v 26.52388 -1.60659 -171.22945
v 24.82764 -1.60659 -170.68487
v 22.94495 -1.60659 -170.68487
v 21.24870 -1.60659 -171.22945
v 20.07486 -1.60659 -172.21075
v 19.65593 -1.60659 -173.43441
v 20.07486 -1.60659 -174.65807
v 21.24870 -1.60659 -175.63937
v 22.94495 -1.60659 -176.18394
v 24.82764 -1.60659 -176.18394
v 26.52388 -1.60659 -175.63937
v 27.69772 -1.60659 -174.65807
v 23.88629 6.42500 -173.43441
v 23.88629 -2.02500 -173.43441
v 53.28035 6.59222 -172.62813
v 52.79696 6.59222 -171.21622
v 51.44253 6.59222 -170.08395
v 49.48533 6.59222 -169.45559
v 47.31299 6.59222 -169.45559
v 45.35579 6.59222 -170.08395
v 44.00136 6.59222 -171.21622
v 43.51797 6.59222 -172.62813
v 44.00136 6.59222 -174.04004
v 45.35579 6.59222 -175.17231
v 47.31299 6.59222 -175.80067
v 49.48533 6.59222 -175.80067
v 51.44253 6.59222 -175.17231
v 52.79696 6.59222 -174.04004
v 57.19477 5.23951 -172.62813
v 56.32373 5.23951 -170.08395
v 53.88313 5.23951 -168.04368
v 50.35637 5.23951 -166.91141
v 46.44196 5.23951 -166.91141
v 42.91519 5.23951 -168.04368
v 40.47460 5.23951 -170.08395
v 39.60356 5.23951 -172.62813
v 40.47460 5.23951 -175.17231
v 42.91519 5.23951 -177.21258
v 46.44196 5.23951 -178.34485
v 50.35637 5.23951 -178.34485
v 53.88313 5.23951 -177.21258
v 56.32373 5.23951 -175.17231
v 59.36710 3.28479 -172.62813
v 58.28093 3.28479 -169.45559
v 55.23756 3.28479 -166.91141
v 50.83976 3.28479 -165.49950
v 45.95857 3.28479 -165.49950
v 41.56076 3.28479 -166.91141
v 38.51739 3.28479 -169.45559
v 37.43122 3.28479 -172.62813
v 38.51739 3.28479 -175.80067
v 41.56076 3.28479 -178.34485
v 45.95857 3.28479 -179.75676
v 50.83976 3.28479 -179.75676
v 55.23756 3.28479 -178.34485
v 58.28093 3.28479 -175.80067
v 59.36710 1.11521 -172.62813
v 58.28093 1.11521 -169.45559
v 55.23756 1.11521 -166.91141
v 50.83976 1.11521 -165.49950
v 45.95857 1.11521 -165.49950
v 41.56076 1.11521 -166.91141
v 38.51739 1.11521 -169.45559
v 37.43122 1.11521 -172.62813
v 38.51739 1.11521 -175.80067
v 41.56076 1.11521 -178.34485
v 45.95857 1.11521 -179.75676
v 50.83976 1.11521 -179.75676
v 55.23756 1.11521 -178.34485
v 58.28093 1.11521 -175.80067
v 57.19477 -0.83951 -172.62813
v 56.32373 -0.83951 -170.08395
v 53.88313 -0.83951 -168.04368
v 50.35637 -0.83951 -166.91141
v 46.44196 -0.83951 -166.91141
v 42.91519 -0.83951 -168.04368
v 40.47460 -0.83951 -170.08395
v 39.60356 -0.83951 -172.62813
v 40.47460 -0.83951 -175.17231
v 42.91519 -0.83951 -177.21258
v 46.44196 -0.83951 -178.34485
v 50.35637 -0.83951 -178.34485
v 53.88313 -0.83951 -177.21258
v 56.32373 -0.83951 -175.17231
v 53.28035 -2.19222 -172.62813
v 52.79696 -2.19222 -171.21622
v 51.44253 -2.19222 -170.08395
v 49.48533 -2.19222 -169.45559
v 47.31299 -2.19222 -169.45559
v 45.35579 -2.19222 -170.08395
v 44.00136 -2.19222 -171.21622
v 43.51797 -2.19222 -172.62813
v 44.00136 -2.19222 -174.04004
v 45.35579 -2.19222 -175.17231
v 47.31299 -2.19222 -175.80067
v 49.48533 -2.19222 -175.80067
v 51.44253 -2.19222 -175.17231
v 52.79696 -2.19222 -174.04004
v 48.39916 7.07500 -172.62813
v 48.39916 -2.67500 -172.62813
v 78.62455 7.17785 -168.46099
v 78.07671 7.17785 -166.86082
v 76.54169 7.17785 -165.57759
v 74.32353 7.17785 -164.86545
v 71.86155 7.17785 -164.86545
v 69.64338 7.17785 -165.57759
v 68.10836 7.17785 -166.86082
v 67.56052 7.17785 -168.46099
v 68.10836 7.17785 -170.06116
v 69.64338 7.17785 -171.34439
v 71.86155 7.17785 -172.05654
v 74.32353 7.17785 -172.05654
v 76.54169 7.17785 -171.34439
v 78.07671 7.17785 -170.06116
v 83.06089 5.64478 -168.46099
v 82.07371 5.64478 -165.57759
v 79.30770 5.64478 -163.26528
v 75.31070 5.64478 -161.98204
v 70.87437 5.64478 -161.98204
v 66.87737 5.64478 -163.26528
v 64.11136 5.64478 -165.57759
v 63.12418 5.64478 -168.46099
v 64.11136 5.64478 -171.34439
v 66.87737 5.64478 -173.65670
v 70.87437 5.64478 -174.93994
v 75.31070 5.64478 -174.93994
v 79.30770 5.64478 -173.65670
v 82.07371 5.64478 -171.34439
v 85.52287 3.42943 -168.46099
v 84.29188 3.42943 -164.86545
v 80.84272 3.42943 -161.98204
v 75.85854 3.42943 -160.38187
v 70.32653 3.42943 -160.38187
v 65.34235 3.42943 -161.98204
v 61.89319 3.42943 -164.86545
v 60.66220 3.42943 -168.46099
v 61.89319 3.42943 -172.05654
v 65.34235 3.42943 -174.93994
v 70.32653 3.42943 -176.54011
v 75.85854 3.42943 -176.54011
v 80.84272 3.42943 -174.93994
v 84.29188 3.42943 -172.05654
v 85.52287 0.97057 -168.46099
v 84.29188 0.97057 -164.86545
v 80.84272 0.97057 -161.98204
v 75.85854 0.97057 -160.38187
v 70.32653 0.97057 -160.38187
v 65.34235 0.97057 -161.98204
v 61.89319 0.97057 -164.86545
v 60.66220 0.97057 -168.46099
v 61.89319 0.97057 -172.05654
v 65.34235 0.97057 -174.93994
v 70.32653 0.97057 -176.54011
v 75.85854 0.97057 -176.54011
v 80.84272 0.97057 -174.93994
v 84.29188 0.97057 -172.05654
v 83.06089 -1.24478 -168.46099
v 82.07371 -1.24478 -165.57759
v 79.30770 -1.24478 -163.26528
v 75.31070 -1.24478 -161.98204
v 70.87437 -1.24478 -161.98204
v 66.87737 -1.24478 -163.26528
v 64.11136 -1.24478 -165.57759
v 63.12418 -1.24478 -168.46099
v 64.11136 -1.24478 -171.34439
v 66.87737 -1.24478 -173.65670
v 70.87437 -1.24478 -174.93994
v 75.31070 -1.24478 -174.93994
v 79.30770 -1.24478 -173.65670
v 82.07371 -1.24478 -171.34439
v 78.62455 -2.77785 -168.46099
v 78.07671 -2.77785 -166.86082
v 76.54169 -2.77785 -165.57759
v 74.32353 -2.77785 -164.86545
v 71.86155 -2.77785 -164.86545
v 69.64338 -2.77785 -165.57759
v 68.10836 -2.77785 -166.86082
v 67.56052 -2.77785 -168.46099
v 68.10836 -2.77785 -170.06116
v 69.64338 -2.77785 -171.34439
v 71.86155 -2.77785 -172.05654
v 74.32353 -2.77785 -172.05654
v 76.54169 -2.77785 -171.34439
v 78.07671 -2.77785 -170.06116
v 73.09254 7.72500 -168.46099
v 73.09254 -3.32500 -168.46099
v 91.07954 5.42096 -143.55445
v 90.72505 5.42096 -142.51904
v 89.73181 5.42096 -141.68871
v 88.29652 5.42096 -141.22792
v 86.70348 5.42096 -141.22792
v 85.26819 5.42096 -141.68871
v 84.27495 5.42096 -142.51904
v 83.92046 5.42096 -143.55445
v 84.27495 5.42096 -144.58985
v 85.26819 5.42096 -145.42018
v 86.70348 5.42096 -145.88098
v 88.29652 5.42096 -145.88098
v 89.73181 5.42096 -145.42018
v 90.72505 5.42096 -144.58985
v 93.95011 4.42898 -143.55445
v 93.31135 4.42898 -141.68871
v 91.52158 4.42898 -140.19251
v 88.93528 4.42898 -139.36218
v 86.06472 4.42898 -139.36218
v 83.47842 4.42898 -140.19251
v 81.68865 4.42898 -141.68871
v 81.04989 4.42898 -143.55445
v 81.68865 4.42898 -145.42018
v 83.47842 4.42898 -146.91638
v 86.06472 4.42898 -147.74671
v 88.93528 4.42898 -147.74671
v 91.52158 4.42898 -146.91638
v 93.31135 4.42898 -145.42018
v 95.54316 2.99551 -143.55445
v 94.74663 2.99551 -141.22792
v 92.51483 2.99551 -139.36218
v 89.28977 2.99551 -138.32678
v 85.71023 2.99551 -138.32678
v 82.48517 2.99551 -139.36218
v 80.25337 2.99551 -141.22792
v 79.45684 2.99551 -143.55445
v 80.25337 2.99551 -145.88098
v 82.48517 2.99551 -147.74671
v 85.71023 2.99551 -148.78211
v 89.28977 2.99551 -148.78211
v 92.51483 2.99551 -147.74671
v 94.74663 2.99551 -145.88098
v 95.54316 1.40449 -143.55445
v 94.74663 1.40449 -141.22792
v 92.51483 1.40449 -139.36218
v 89.28977 1.40449 -138.32678
v 85.71023 1.40449 -138.32678
v 82.48517 1.40449 -139.36218
v 80.25337 1.40449 -141.22792
v 79.45684 1.40449 -143.55445
v 80.25337 1.40449 -145.88098
v 82.48517 1.40449 -147.74671
v 85.71023 1.40449 -148.78211
v 89.28977 1.40449 -148.78211
v 92.51483 1.40449 -147.74671
v 94.74663 1.40449 -145.88098
v 93.95011 -0.02898 -143.55445
v 93.31135 -0.02898 -141.68871
v 91.52158 -0.02898 -140.19251
v 88.93528 -0.02898 -139.36218
v 86.06472 -0.02898 -139.36218
v 83.47842 -0.02898 -140.19251
v 81.68865 -0.02898 -141.68871
v 81.04989 -0.02898 -143.55445
v 81.68865 -0.02898 -145.42018
v 83.47842 -0.02898 -146.91638
v 86.06472 -0.02898 -147.74671
v 88.93528 -0.02898 -147.74671
v 91.52158 -0.02898 -146.91638
v 93.31135 -0.02898 -145.42018
v 91.07954 -1.02096 -143.55445
v 90.72505 -1.02096 -142.51904
v 89.73181 -1.02096 -141.68871
v 88.29652 -1.02096 -141.22792
v 86.70348 -1.02096 -141.22792
v 85.26819 -1.02096 -141.68871
v 84.27495 -1.02096 -142.51904
v 83.92046 -1.02096 -143.55445
v 84.27495 -1.02096 -144.58985
v 85.26819 -1.02096 -145.42018
v 86.70348 -1.02096 -145.88098
v 88.29652 -1.02096 -145.88098
v 89.73181 -1.02096 -145.42018
v 90.72505 -1.02096 -144.58985
v 87.50000 5.77500 -143.55445
v 87.50000 -1.37500 -143.55445
v 113.19866 6.00659 -134.01025
v 112.77972 6.00659 -132.78659
v 111.60589 6.00659 -131.80529
v 109.90964 6.00659 -131.26071
v 108.02695 6.00659 -131.26071
v 106.33071 6.00659 -131.80529
v 105.15687 6.00659 -132.78659
v 104.73793 6.00659 -134.01025
v 105.15687 6.00659 -135.23391
v 106.33071 6.00659 -136.21520
v 108.02695 6.00659 -136.75978
v 109.90964 6.00659 -136.75978
v 111.60589 6.00659 -136.21520
v 112.77972 6.00659 -135.23391
v 116.59115 4.83424 -134.01025
v 115.83625 4.83424 -131.80529
v 113.72107 4.83424 -130.03705
v 110.66454 4.83424 -129.05576
v 107.27205 4.83424 -129.05576
v 104.21552 4.83424 -130.03705
v 102.10034 4.83424 -131.80529
v 101.34544 4.83424 -134.01025
v 102.10034 4.83424 -136.21520
v 104.21552 4.83424 -137.98344
v 107.27205 4.83424 -138.96474
v 110.66454 4.83424 -138.96474
v 113.72107 4.83424 -137.98344
v 115.83625 4.83424 -136.21520
v 118.47384 3.14015 -134.01025
v 117.53250 3.14015 -131.26071
v 114.89491 3.14015 -129.05576
v 111.08348 3.14015 -127.83210
v 106.85311 3.14015 -127.83210
v 103.04168 3.14015 -129.05576
v 100.40409 3.14015 -131.26071
v 99.46275 3.14015 -134.01025
v 100.40409 3.14015 -136.75978
v 103.04168 3.14015 -138.96474
v 106.85311 3.14015 -140.18840
v 111.08348 3.14015 -140.18840
v 114.89491 3.14015 -138.96474
v 117.53250 3.14015 -136.75978
v 118.47384 1.25985 -134.01025
v 117.53250 1.25985 -131.26071
v 114.89491 1.25985 -129.05576
v 111.08348 1.25985 -127.83210
v 106.85311 1.25985 -127.83210
v 103.04168 1.25985 -129.05576
v 100.40409 1.25985 -131.26071
v 99.46275 1.25985 -134.01025
v 100.40409 1.25985 -136.75978
v 103.04168 1.25985 -138.96474
v 106.85311 1.25985 -140.18840
v 111.08348 1.25985 -140.18840
v 114.89491 1.25985 -138.96474
v 117.53250 1.25985 -136.75978
v 116.59115 -0.43424 -134.01025
v 115.83625 -0.43424 -131.80529
v 113.72107 -0.43424 -130.03705
v 110.66454 -0.43424 -129.05576
v 107.27205 -0.43424 -129.05576
v 104.21552 -0.43424 -130.03705
v 102.10034 -0.43424 -131.80529
v 101.34544 -0.43424 -134.01025
v 102.10034 -0.43424 -136.21520
v 104.21552 -0.43424 -137.98344
v 107.27205 -0.43424 -138.96474
v 110.66454 -0.43424 -138.96474
v 113.72107 -0.43424 -137.98344
v 115.83625 -0.43424 -136.21520
v 113.19866 -1.60659 -134.01025
v 112.77972 -1.60659 -132.78659
v 111.60589 -1.60659 -131.80529
v 109.90964 -1.60659 -131.26071
v 108.02695 -1.60659 -131.26071
v 106.33071 -1.60659 -131.80529
v 105.15687 -1.60659 -132.78659
v 104.73793 -1.60659 -134.01025
v 105.15687 -1.60659 -135.23391
v 106.33071 -1.60659 -136.21520
v 108.02695 -1.60659 -136.75978
v 109.90964 -1.60659 -136.75978
v 111.60589 -1.60659 -136.21520
v 112.77972 -1.60659 -135.23391
v 108.96830 6.42500 -134.01025
v 108.96830 -2.02500 -134.01025
v 134.28173 6.59222 -121.40054
v 133.79834 6.59222 -119.98863
v 132.44391 6.59222 -118.85636
v 130.48671 6.59222 -118.22800
v 128.31437 6.59222 -118.22800
v 126.35717 6.59222 -118.85636
v 125.00274 6.59222 -119.98863
v 124.51935 6.59222 -121.40054
v 125.00274 6.59222 -122.81245
v 126.35717 6.59222 -123.94472
v 128.31437 6.59222 -124.57308
v 130.48671 6.59222 -124.57308
v 132.44391 6.59222 -123.94472
v 133.79834 6.59222 -122.81245
v 138.19615 5.23951 -121.40054
v 137.32511 5.23951 -118.85636
v 134.88451 5.23951 -116.81609
v 131.35775 5.23951 -115.68382
v 127.44333 5.23951 -115.68382
v 123.91657 5.23951 -116.81609
v 121.47598 5.23951 -118.85636
v 120.60494 5.23951 -121.40054
v 121.47598 5.23951 -123.94472
v 123.91657 5.23951 -125.98499
v 127.44333 5.23951 -127.11726
v 131.35775 5.23951 -127.11726
v 134.88451 5.23951 -125.98499
v 137.32511 5.23951 -123.94472
v 140.36848 3.28479 -121.40054
v 139.28231 3.28479 -118.22800
v 136.23894 3.28479 -115.68382
v 131.84114 3.28479 -114.27191
v 126.95994 3.28479 -114.27191
v 122.56214 3.28479 -115.68382
v 119.51877 3.28479 -118.22800
v 118.43260 3.28479 -121.40054
v 119.51877 3.28479 -124.57308
v 122.56214 3.28479 -127.11726
v 126.95994 3.28479 -128.52917
v 131.84114 3.28479 -128.52917
v 136.23894 3.28479 -127.11726
v 139.28231 3.28479 -124.57308
v 140.36848 1.11521 -121.40054
v 139.28231 1.11521 -118.22800
v 136.23894 1.11521 -115.68382
v 131.84114 1.11521 -114.27191
v 126.95994 1.11521 -114.27191
v 122.56214 1.11521 -115.68382
v 119.51877 1.11521 -118.22800
v 118.43260 1.11521 -121.40054
v 119.51877 1.11521 -124.57308
v 122.56214 1.11521 -127.11726
v 126.95994 1.11521 -128.52917
v 131.84114 1.11521 -128.52917
v 136.23894 1.11521 -127.11726
v 139.28231 1.11521 -124.57308
v 138.19615 -0.83951 -121.40054
v 137.32511 -0.83951 -118.85636
v 134.88451 -0.83951 -116.81609
v 131.35775 -0.83951 -115.68382
v 127.44333 -0.83951 -115.68382
v 123.91657 -0.83951 -116.81609
v 121.47598 -0.83951 -118.85636
v 120.60494 -0.83951 -121.40054
v 121.47598 -0.83951 -123.94472
v 123.91657 -0.83951 -125.98499
v 127.44333 -0.83951 -127.11726
v 131.35775 -0.83951 -127.11726
v 134.88451 -0.83951 -125.98499
v 137.32511 -0.83951 -123.94472
v 134.28173 -2.19222 -121.40054
v 133.79834 -2.19222 -119.98863
v 132.44391 -2.19222 -118.85636
v 130.48671 -2.19222 -118.22800
v 128.31437 -2.19222 -118.22800
v 126.35717 -2.19222 -118.85636
v 125.00274 -2.19222 -119.98863
v 124.51935 -2.19222 -121.40054
v 125.00274 -2.19222 -122.81245
v 126.35717 -2.19222 -123.94472
v 128.31437 -2.19222 -124.57308
v 130.48671 -2.19222 -124.57308
v 132.44391 -2.19222 -123.94472
v 133.79834 -2.19222 -122.81245
v 129.40054 7.07500 -121.40054
v 129.40054 -2.67500 -121.40054
v 153.88909 7.17785 -105.83839
v 153.34125 7.17785 -104.23822
v 151.80623 7.17785 -102.95498
v 149.58806 7.17785 -102.24284
v 147.12608 7.17785 -102.24284
v 144.90792 7.17785 -102.95498
v 143.37290 7.17785 -104.23822
v 142.82506 7.17785 -105.83839
v 143.37290 7.17785 -107.43856
v 144.90792 7.17785 -108.72179
v 147.12608 7.17785 -109.43393
v 149.58806 7.17785 -109.43393
v 151.80623 7.17785 -108.72179
v 153.34125 7.17785 -107.43856
v 158.32543 5.64478 -105.83839
v 157.33825 5.64478 -102.95498
v 154.57224 5.64478 -100.64267
v 150.57524 5.64478 -99.35944
v 146.13891 5.64478 -99.35944
v 142.14191 5.64478 -100.64267
v 139.37590 5.64478 -102.95498
v 138.38872 5.64478 -105.83839
v 139.37590 5.64478 -108.72179
v 142.14191 5.64478 -111.03410
v 146.13891 5.64478 -112.31734
v 150.57524 5.64478 -112.31734
v 154.57224 5.64478 -111.03410
v 157.33825 5.64478 -108.72179
v 160.78741 3.42943 -105.83839
v 159.55642 3.42943 -102.24284
v 156.10726 3.42943 -99.35944
v 151.12308 3.42943 -97.75927
v 145.59107 3.42943 -97.75927
v 140.60689 3.42943 -99.35944
v 137.15773 3.42943 -102.24284
v 135.92674 3.42943 -105.83839
v 137.15773 3.42943 -109.43393
v 140.60689 3.42943 -112.31734
v 145.59107 3.42943 -113.91750
v 151.12308 3.42943 -113.91750
v 156.10726 3.42943 -112.31734
v 159.55642 3.42943 -109.43393
v 160.78741 0.97057 -105.83839
v 159.55642 0.97057 -102.24284
v 156.10726 0.97057 -99.35944
v 151.12308 0.97057 -97.75927
v 145.59107 0.97057 -97.75927
v 140.60689 0.97057 -99.35944
v 137.15773 0.97057 -102.24284
v 135.92674 0.97057 -105.83839
v 137.15773 0.97057 -109.43393
v 140.60689 0.97057 -112.31734
v 145.59107 0.97057 -113.91750
v 151.12308 0.97057 -113.91750
v 156.10726 0.97057 -112.31734
v 159.55642 0.97057 -109.43393
v 158.32543 -1.24478 -105.83839
v 157.33825 -1.24478 -102.95498
v 154.57224 -1.24478 -100.64267
v 150.57524 -1.24478 -99.35944
v 146.13891 -1.24478 -99.35944
v 142.14191 -1.24478 -100.64267
v 139.37590 -1.24478 -102.95498
v 138.38872 -1.24478 -105.83839
v 139.37590 -1.24478 -108.72179
v 142.14191 -1.24478 -111.03410
v 146.13891 -1.24478 -112.31734
v 150.57524 -1.24478 -112.31734
v 154.57224 -1.24478 -111.03410
v 157.33825 -1.24478 -108.72179
v 153.88909 -2.77785 -105.83839
v 153.34125 -2.77785 -104.23822
v 151.80623 -2.77785 -102.95498
v 149.58806 -2.77785 -102.24284
v 147.12608 -2.77785 -102.24284
v 144.90792 -2.77785 -102.95498
v 143.37290 -2.77785 -104.23822
v 142.82506 -2.77785 -105.83839
v 143.37290 -2.77785 -107.43856
v 144.90792 -2.77785 -108.72179
v 147.12608 -2.77785 -109.43393
v 149.58806 -2.77785 -109.43393
v 151.80623 -2.77785 -108.72179
v 153.34125 -2.77785 -107.43856
v 148.35707 7.72500 -105.83839
v 148.35707 -3.32500 -105.83839
v 168.99039 5.42096 -87.50000
v 168.63591 5.42096 -86.46460
v 167.64266 5.42096 -85.63427
v 166.20737 5.42096 -85.17347
v 164.61433 5.42096 -85.17347
v 163.17904 5.42096 -85.63427
v 162.18580 5.42096 -86.46460
v 161.83131 5.42096 -87.50000
v 162.18580 5.42096 -88.53540
v 163.17904 5.42096 -89.36573
v 164.61433 5.42096 -89.82653
v 166.20737 5.42096 -89.82653
v 167.64266 5.42096 -89.36573
v 168.63591 5.42096 -88.53540
v 171.86096 4.42898 -87.50000
v 171.22220 4.42898 -85.63427
v 169.43243 4.42898 -84.13807
v 166.84614 4.42898 -83.30774
v 163.97557 4.42898 -83.30774
v 161.38927 4.42898 -84.13807
v 159.59950 4.42898 -85.63427
v 158.96074 4.42898 -87.50000
v 159.59950 4.42898 -89.36573
v 161.38927 4.42898 -90.86193
v 163.97557 4.42898 -91.69226
v 166.84614 4.42898 -91.69226
v 169.43243 4.42898 -90.86193
v 171.22220 4.42898 -89.36573
v 173.45401 2.99551 -87.50000
v 172.65748 2.99551 -85.17347
v 170.42568 2.99551 -83.30774
v 167.20062 2.99551 -82.27234
v 163.62108 2.99551 -82.27234
v 160.39603 2.99551 -83.30774
v 158.16422 2.99551 -85.17347
v 157.36770 2.99551 -87.50000
v 158.16422 2.99551 -89.82653
v 160.39603 2.99551 -91.69226
v 163.62108 2.99551 -92.72766
v 167.20062 2.99551 -92.72766
v 170.42568 2.99551 -91.69226
v 172.65748 2.99551 -89.82653
v 173.45401 1.40449 -87.50000
v 172.65748 1.40449 -85.17347
v 170.42568 1.40449 -83.30774
v 167.20062 1.40449 -82.27234
v 163.62108 1.40449 -82.27234
v 160.39603 1.40449 -83.30774
v 158.16422 1.40449 -85.17347
v 157.36770 1.40449 -87.50000
v 158.16422 1.40449 -89.82653
v 160.39603 1.40449 -91.69226
v 163.62108 1.40449 -92.72766
v 167.20062 1.40449 -92.72766
v 170.42568 1.40449 -91.69226
v 172.65748 1.40449 -89.82653
v 171.86096 -0.02898 -87.50000
v 171.22220 -0.02898 -85.63427
v 169.43243 -0.02898 -84.13807
v 166.84614 -0.02898 -83.30774
v 163.97557 -0.02898 -83.30774
v 161.38927 -0.02898 -84.13807
v 159.59950 -0.02898 -85.63427
v 158.96074 -0.02898 -87.50000
v 159.59950 -0.02898 -89.36573
v 161.38927 -0.02898 -90.86193
v 163.97557 -0.02898 -91.69226
v 166.84614 -0.02898 -91.69226
v 169.43243 -0.02898 -90.86193
v 171.22220 -0.02898 -89.36573
v 168.99039 -1.02096 -87.50000
v 168.63591 -1.02096 -86.46460
v 167.64266 -1.02096 -85.63427
v 166.20737 -1.02096 -85.17347
v 164.61433 -1.02096 -85.17347
v 163.17904 -1.02096 -85.63427
v 162.18580 -1.02096 -86.46460
v 161.83131 -1.02096 -87.50000
v 162.18580 -1.02096 -88.53540
v 163.17904 -1.02096 -89.36573
v 164.61433 -1.02096 -89.82653
v 166.20737 -1.02096 -89.82653
v 167.64266 -1.02096 -89.36573
v 168.63591 -1.02096 -88.53540
v 165.41085 5.77500 -87.50000
v 165.41085 -1.37500 -87.50000
v 165.90928 6.00659 -58.96960
v 165.49035 6.00659 -57.74594
v 164.31651 6.00659 -56.76464
v 162.62026 6.00659 -56.22007
v 160.73757 6.00659 -56.22007
v 159.04133 6.00659 -56.76464
v 157.86749 6.00659 -57.74594
v 157.44855 6.00659 -58.96960
v 157.86749 6.00659 -60.19326
v 159.04133 6.00659 -61.17456
v 160.73757 6.00659 -61.71914
v 162.62026 6.00659 -61.71914
v 164.31651 6.00659 -61.17456
v 165.49035 6.00659 -60.19326
v 169.30178 4.83424 -58.96960
v 168.54687 4.83424 -56.76464
v 166.43169 4.83424 -54.99641
v 163.37516 4.83424 -54.01511
v 159.98267 4.83424 -54.01511
v 156.92614 4.83424 -54.99641
v 154.81096 4.83424 -56.76464
v 154.05606 4.83424 -58.96960
v 154.81096 4.83424 -61.17456
v 156.92614 4.83424 -62.94279
v 159.98267 4.83424 -63.92409
v 163.37516 4.83424 -63.92409
v 166.43169 4.83424 -62.94279
v 168.54687 4.83424 -61.17456
v 171.18447 3.14015 -58.96960
v 170.24312 3.14015 -56.22007
v 167.60553 3.14015 -54.01511
v 163.79410 3.14015 -52.79145
v 159.56373 3.14015 -52.79145
v 155.75231 3.14015 -54.01511
v 153.11472 3.14015 -56.22007
v 152.17337 3.14015 -58.96960
v 153.11472 3.14015 -61.71914
v 155.75231 3.14015 -63.92409
v 159.56373 3.14015 -65.14775
v 163.79410 3.14015 -65.14775
v 167.60553 3.14015 -63.92409
v 170.24312 3.14015 -61.71914
v 171.18447 1.25985 -58.96960
v 170.24312 1.25985 -56.22007
v 167.60553 1.25985 -54.01511
v 163.79410 1.25985 -52.79145
v 159.56373 1.25985 -52.79145
v 155.75231 1.25985 -54.01511
v 153.11472 1.25985 -56.22007
v 152.17337 1.25985 -58.96960
v 153.11472 1.25985 -61.71914
v 155.75231 1.25985 -63.92409
v 159.56373 1.25985 -65.14775
v 163.79410 1.25985 -65.14775
v 167.60553 1.25985 -63.92409
v 170.24312 1.25985 -61.71914
v 169.30178 -0.43424 -58.96960
v 168.54687 -0.43424 -56.76464
v 166.43169 -0.43424 -54.99641
v 163.37516 -0.43424 -54.01511
v 159.98267 -0.43424 -54.01511
v 156.92614 -0.43424 -54.99641
v 154.81096 -0.43424 -56.76464
v 154.05606 -0.43424 -58.96960
v 154.81096 -0.43424 -61.17456
v 156.92614 -0.43424 -62.94279
v 159.98267 -0.43424 -63.92409
v 163.37516 -0.43424 -63.92409
v 166.43169 -0.43424 -62.94279
v 168.54687 -0.43424 -61.17456
v 165.90928 -1.60659 -58.96960
v 165.49035 -1.60659 -57.74594
v 164.31651 -1.60659 -56.76464
v 162.62026 -1.60659 -56.22007
v 160.73757 -1.60659 -56.22007
v 159.04133 -1.60659 -56.76464
v 157.86749 -1.60659 -57.74594
v 157.44855 -1.60659 -58.96960
v 157.86749 -1.60659 -60.19326
v 159.04133 -1.60659 -61.17456
v 160.73757 -1.60659 -61.71914
v 162.62026 -1.60659 -61.71914
v 164.31651 -1.60659 -61.17456
v 165.49035 -1.60659 -60.19326
v 161.67892 6.42500 -58.96960
v 161.67892 -2.02500 -58.96960
v 177.78191 6.59222 -38.32861
v 177.29852 6.59222 -36.91670
v 175.94410 6.59222 -35.78443
v 173.98689 6.59222 -35.15607
v 171.81456 6.59222 -35.15607
v 169.85735 6.59222 -35.78443
v 168.50292 6.59222 -36.91670
v 168.01953 6.59222 -38.32861
v 168.50292 6.59222 -39.74052
v 169.85735 6.59222 -40.87279
v 171.81456 6.59222 -41.50115
v 173.98689 6.59222 -41.50115
v 175.94410 6.59222 -40.87279
v 177.29852 6.59222 -39.74052
v 181.69633 5.23951 -38.32861
v 180.82529 5.23951 -35.78443
v 178.38469 5.23951 -33.74416
v 174.85793 5.23951 -32.61189
v 170.94352 5.23951 -32.61189
v 167.41675 5.23951 -33.74416
v 164.97616 5.23951 -35.78443
v 164.10512 5.23951 -38.32861
v 164.97616 5.23951 -40.87279
v 167.41675 5.23951 -42.91306
v 170.94352 5.23951 -44.04533
v 174.85793 5.23951 -44.04533
v 178.38469 5.23951 -42.91306
v 180.82529 5.23951 -40.87279
v 183.86866 3.28479 -38.32861
v 182.78249 3.28479 -35.15607
v 179.73912 3.28479 -32.61189
v 175.34132 3.28479 -31.19998
v 170.46013 3.28479 -31.19998
v 166.06232 3.28479 -32.61189
v 163.01895 3.28479 -35.15607
v 161.93278 3.28479 -38.32861
v 163.01895 3.28479 -41.50115
v 166.06232 3.28479 -44.04533
v 170.46013 3.28479 -45.45724
v 175.34132 3.28479 -45.45724
v 179.73912 3.28479 -44.04533
v 182.78249 3.28479 -41.50115
v 183.86866 1.11521 -38.32861
v 182.78249 1.11521 -35.15607
v 179.73912 1.11521 -32.61189
v 175.34132 1.11521 -31.19998
v 170.46013 1.11521 -31.19998
v 166.06232 1.11521 -32.61189
v 163.01895 1.11521 -35.15607
v 161.93278 1.11521 -38.32861
v 163.01895 1.11521 -41.50115
v 166.06232 1.11521 -44.04533
v 170.46013 1.11521 -45.45724
v 175.34132 1.11521 -45.45724
v 179.73912 1.11521 -44.04533
v 182.78249 1.11521 -41.50115
v 181.69633 -0.83951 -38.32861
v 180.82529 -0.83951 -35.78443
v 178.38469 -0.83951 -33.74416
v 174.85793 -0.83951 -32.61189
v 170.94352 -0.83951 -32.61189
v 167.41675 -0.83951 -33.74416
v 164.97616 -0.83951 -35.78443
v 164.10512 -0.83951 -38.32861
v 164.97616 -0.83951 -40.87279
v 167.41675 -0.83951 -42.91306
v 170.94352 -0.83951 -44.04533
v 174.85793 -0.83951 -44.04533
v 178.38469 -0.83951 -42.91306
v 180.82529 -0.83951 -40.87279
v 177.78191 -2.19222 -38.32861
v 177.29852 -2.19222 -36.91670
v 175.94410 -2.19222 -35.78443
v 173.98689 -2.19222 -35.15607
v 171.81456 -2.19222 -35.15607
v 169.85735 -2.19222 -35.78443
v 168.50292 -2.19222 -36.91670
v 168.01953 -2.19222 -38.32861
v 168.50292 -2.19222 -39.74052
v 169.85735 -2.19222 -40.87279
v 171.81456 -2.19222 -41.50115
v 173.98689 -2.19222 -41.50115
v 175.94410 -2.19222 -40.87279
v 177.29852 -2.19222 -39.74052
v 172.90072 7.07500 -38.32861
v 172.90072 -2.67500 -38.32861
v 186.96643 7.17785 -15.88629
v 186.41859 7.17785 -14.28612
v 184.88357 7.17785 -13.00289
v 182.66540 7.17785 -12.29075
v 180.20342 7.17785 -12.29075
v 177.98525 7.17785 -13.00289
v 176.45023 7.17785 -14.28612
v 175.90239 7.17785 -15.88629
v 176.45023 7.17785 -17.48646
v 177.98525 7.17785 -18.76970
v 180.20342 7.17785 -19.48184
v 182.66540 7.17785 -19.48184
v 184.88357 7.17785 -18.76970
v 186.41859 7.17785 -17.48646
v 191.40276 5.64478 -15.88629
v 190.41558 5.64478 -13.00289
v 187.64958 5.64478 -10.69058
v 183.65258 5.64478 -9.40734
v 179.21624 5.64478 -9.40734
v 175.21924 5.64478 -10.69058
v 172.45324 5.64478 -13.00289
v 171.46606 5.64478 -15.88629
v 172.45324 5.64478 -18.76970
v 175.21924 5.64478 -21.08201
v 179.21624 5.64478 -22.36524
v 183.65258 5.64478 -22.36524
v 187.64958 5.64478 -21.08201
v 190.41558 5.64478 -18.76970
v 193.86474 3.42943 -15.88629
v 192.63375 3.42943 -12.29075
v 189.18459 3.42943 -9.40734
v 184.20042 3.42943 -7.80718
v 178.66840 3.42943 -7.80718
v 173.68423 3.42943 -9.40734
v 170.23507 3.42943 -12.29075
v 169.00408 3.42943 -15.88629
v 170.23507 3.42943 -19.48184
v 173.68423 3.42943 -22.36524
v 178.66840 3.42943 -23.96541
v 184.20042 3.42943 -23.96541
v 189.18459 3.42943 -22.36524
v 192.63375 3.42943 -19.48184
v 193.86474 0.97057 -15.88629
v 192.63375 0.97057 -12.29075
v 189.18459 0.97057 -9.40734
v 184.20042 0.97057 -7.80718
v 178.66840 0.97057 -7.80718
v 173.68423 0.97057 -9.40734
v 170.23507 0.97057 -12.29075
v 169.00408 0.97057 -15.88629
v 170.23507 0.97057 -19.48184
v 173.68423 0.97057 -22.36524
v 178.66840 0.97057 -23.96541
v 184.20042 0.97057 -23.96541
v 189.18459 0.97057 -22.36524
v 192.63375 0.97057 -19.48184
v 191.40276 -1.24478 -15.88629
v 190.41558 -1.24478 -13.00289
v 187.64958 -1.24478 -10.69058
v 183.65258 -1.24478 -9.40734
v 179.21624 -1.24478 -9.40734
v 175.21924 -1.24478 -10.69058
v 172.45324 -1.24478 -13.00289
v 171.46606 -1.24478 -15.88629
v 172.45324 -1.24478 -18.76970
v 175.21924 -1.24478 -21.08201
v 179.21624 -1.24478 -22.36524
v 183.65258 -1.24478 -22.36524
v 187.64958 -1.24478 -21.08201
v 190.41558 -1.24478 -18.76970
v 186.96643 -2.77785 -15.88629
v 186.41859 -2.77785 -14.28612
v 184.88357 -2.77785 -13.00289
v 182.66540 -2.77785 -12.29075
v 180.20342 -2.77785 -12.29075
v 177.98525 -2.77785 -13.00289
v 176.45023 -2.77785 -14.28612
v 175.90239 -2.77785 -15.88629
v 176.45023 -2.77785 -17.48646
v 177.98525 -2.77785 -18.76970
v 180.20342 -2.77785 -19.48184
v 182.66540 -2.77785 -19.48184
v 184.88357 -2.77785 -18.76970
v 186.41859 -2.77785 -17.48646
v 181.43441 7.72500 -15.88629
v 181.43441 -3.32500 -15.88629
v -169.78000 0.00000 -165.00000
v -169.78000 3.20000 -165.00000
v -169.82202 0.00000 -164.87069
v -169.82202 3.20000 -164.87069
v -169.93202 0.00000 -164.79077
v -169.93202 3.20000 -164.79077
v -170.06798 0.00000 -164.79077
v -170.06798 3.20000 -164.79077
v -170.17798 0.00000 -164.87069
v -170.17798 3.20000 -164.87069
v -170.22000 0.00000 -165.00000
v -170.22000 3.20000 -165.00000
v -170.17798 0.00000 -165.12931
v -170.17798 3.20000 -165.12931
v -170.06798 0.00000 -165.20923
v -170.06798 3.20000 -165.20923
v -169.93202 0.00000 -165.20923
v -169.93202 3.20000 -165.20923
v -169.82202 0.00000 -165.12931
v -169.82202 3.20000 -165.12931
v -169.30000 5.45492 -165.00000
v -169.39378 5.45492 -164.65000
v -169.65000 5.45492 -164.39378
v -170.00000 5.45492 -164.30000
v -170.35000 5.45492 -164.39378
v -170.60622 5.45492 -164.65000
v -170.70000 5.45492 -165.00000
v -170.60622 5.45492 -165.35000
v -170.35000 5.45492 -165.60622
v -170.00000 5.45492 -165.70000
v -169.65000 5.45492 -165.60622
v -169.39378 5.45492 -165.35000
v -168.78756 4.84000 -165.00000
v -168.95000 4.84000 -164.39378
v -169.39378 4.84000 -163.95000
v -170.00000 4.84000 -163.78756
v -170.60622 4.84000 -163.95000
v -171.05000 4.84000 -164.39378
v -171.21244 4.84000 -165.00000
v -171.05000 4.84000 -165.60622
v -170.60622 4.84000 -166.05000
v -170.00000 4.84000 -166.21244
v -169.39378 4.84000 -166.05000
v -168.95000 4.84000 -165.60622
v -168.60000 4.00000 -165.00000
v -168.78756 4.00000 -164.30000
v -169.30000 4.00000 -163.78756
v -170.00000 4.00000 -163.60000
v -170.70000 4.00000 -163.78756
v -171.21244 4.00000 -164.30000
v -171.40000 4.00000 -165.00000
v -171.21244 4.00000 -165.70000
v -170.70000 4.00000 -166.21244
v -170.00000 4.00000 -166.40000
v -169.30000 4.00000 -166.21244
v -168.78756 4.00000 -165.70000
v -168.78756 3.16000 -165.00000
v -168.95000 3.16000 -164.39378
v -169.39378 3.16000 -163.95000
v -170.00000 3.16000 -163.78756
v -170.60622 3.16000 -163.95000
v -171.05000 3.16000 -164.39378
v -171.21244 3.16000 -165.00000
v -171.05000 3.16000 -165.60622
v -170.60622 3.16000 -166.05000
v -170.00000 3.16000 -166.21244
v -169.39378 3.16000 -166.05000
v -168.95000 3.16000 -165.60622
v -169.30000 2.54508 -165.00000
v -169.39378 2.54508 -164.65000
v -169.65000 2.54508 -164.39378
v -170.00000 2.54508 -164.30000
v -170.35000 2.54508 -164.39378
v -170.60622 2.54508 -164.65000
v -170.70000 2.54508 -165.00000
v -170.60622 2.54508 -165.35000
v -170.35000 2.54508 -165.60622
v -170.00000 2.54508 -165.70000
v -169.65000 2.54508 -165.60622
v -169.39378 2.54508 -165.35000
v -170.00000 5.68000 -165.00000
v -170.00000 2.32000 -165.00000
v -122.78000 0.00000 -94.00000
v -122.78000 3.20000 -94.00000
v -122.82202 0.00000 -93.87069
v -122.82202 3.20000 -93.87069
v -122.93202 0.00000 -93.79077
v -122.93202 3.20000 -93.79077
v -123.06798 0.00000 -93.79077
v -123.06798 3.20000 -93.79077
v -123.17798 0.00000 -93.87069
v -123.17798 3.20000 -93.87069
v -123.22000 0.00000 -94.00000
v -123.22000 3.20000 -94.00000
v -123.17798 0.00000 -94.12931
v -123.17798 3.20000 -94.12931
v -123.06798 0.00000 -94.20923
v -123.06798 3.20000 -94.20923
v -122.93202 0.00000 -94.20923
v -122.93202 3.20000 -94.20923
v -122.82202 0.00000 -94.12931
v -122.82202 3.20000 -94.12931
v -122.30000 5.45492 -94.00000
v -122.39378 5.45492 -93.65000
v -122.65000 5.45492 -93.39378
v -123.00000 5.45492 -93.30000
v -123.35000 5.45492 -93.39378
v -123.60622 5.45492 -93.65000
v -123.70000 5.45492 -94.00000
v -123.60622 5.45492 -94.35000
v -123.35000 5.45492 -94.60622
v -123.00000 5.45492 -94.70000
v -122.65000 5.45492 -94.60622
v -122.39378 5.45492 -94.35000
v -121.78756 4.84000 -94.00000
v -121.95000 4.84000 -93.39378
v -122.39378 4.84000 -92.95000
v -123.00000 4.84000 -92.78756
v -123.60622 4.84000 -92.95000
v -124.05000 4.84000 -93.39378
v -124.21244 4.84000 -94.00000
v -124.05000 4.84000 -94.60622
v -123.60622 4.84000 -95.05000
v -123.00000 4.84000 -95.21244
v -122.39378 4.84000 -95.05000
v -121.95000 4.84000 -94.60622
v -121.60000 4.00000 -94.00000
v -121.78756 4.00000 -93.30000
v -122.30000 4.00000 -92.78756
v -123.00000 4.00000 -92.60000
v -123.70000 4.00000 -92.78756
v -124.21244 4.00000 -93.30000
v -124.40000 4.00000 -94.00000
v -124.21244 4.00000 -94.70000
v -123.70000 4.00000 -95.21244
v -123.00000 4.00000 -95.40000
v -122.30000 4.00000 -95.21244
v -121.78756 4.00000 -94.70000
v -121.78756 3.16000 -94.00000
v -121.95000 3.16000 -93.39378
v -122.39378 3.16000 -92.95000
v -123.00000 3.16000 -92.78756
v -123.60622 3.16000 -92.95000
v -124.05000 3.16000 -93.39378
v -124.21244 3.16000 -94.00000
v -124.05000 3.16000 -94.60622
v -123.60622 3.16000 -95.05000
v -123.00000 3.16000 -95.21244
v -122.39378 3.16000 -95.05000
v -121.95000 3.16000 -94.60622
v -122.30000 2.54508 -94.00000
v -122.39378 2.54508 -93.65000
v -122.65000 2.54508 -93.39378
v -123.00000 2.54508 -93.30000
v -123.35000 2.54508 -93.39378
v -123.60622 2.54508 -93.65000
v -123.70000 2.54508 -94.00000
v -123.60622 2.54508 -94.35000
v -123.35000 2.54508 -94.60622
v -123.00000 2.54508 -94.70000
v -122.65000 2.54508 -94.60622
v -122.39378 2.54508 -94.35000
v -123.00000 5.68000 -94.00000
v -123.00000 2.32000 -94.00000
v -75.78000 0.00000 -23.00000
v -75.78000 3.20000 -23.00000
v -75.82202 0.00000 -22.87069
v -75.82202 3.20000 -22.87069
v -75.93202 0.00000 -22.79077
v -75.93202 3.20000 -22.79077
v -76.06798 0.00000 -22.79077
v -76.06798 3.20000 -22.79077
v -76.17798 0.00000 -22.87069
v -76.17798 3.20000 -22.87069
v -76.22000 0.00000 -23.00000
v -76.22000 3.20000 -23.00000
v -76.17798 0.00000 -23.12931
v -76.17798 3.20000 -23.12931
v -76.06798 0.00000 -23.20923
v -76.06798 3.20000 -23.20923
v -75.93202 0.00000 -23.20923
v -75.93202 3.20000 -23.20923
v -75.82202 0.00000 -23.12931
v -75.82202 3.20000 -23.12931
v -75.30000 5.45492 -23.00000
v -75.39378 5.45492 -22.65000
v -75.65000 5.45492 -22.39378
v -76.00000 5.45492 -22.30000
v -76.35000 5.45492 -22.39378
v -76.60622 5.45492 -22.65000
v -76.70000 5.45492 -23.00000
v -76.60622 5.45492 -23.35000
v -76.35000 5.45492 -23.60622
v -76.00000 5.45492 -23.70000
v -75.65000 5.45492 -23.60622
v -75.39378 5.45492 -23.35000
v -74.78756 4.84000 -23.00000
v -74.95000 4.84000 -22.39378
v -75.39378 4.84000 -21.95000
v -76.00000 4.84000 -21.78756
v -76.60622 4.84000 -21.95000
v -77.05000 4.84000 -22.39378
v -77.21244 4.84000 -23.00000
v -77.05000 4.84000 -23.60622
v -76.60622 4.84000 -24.05000
v -76.00000 4.84000 -24.21244
v -75.39378 4.84000 -24.05000
v -74.95000 4.84000 -23.60622
v -74.60000 4.00000 -23.00000
v -74.78756 4.00000 -22.30000
v -75.30000 4.00000 -21.78756
v -76.00000 4.00000 -21.60000
v -76.70000 4.00000 -21.78756
v -77.21244 4.00000 -22.30000
v -77.40000 4.00000 -23.00000
v -77.21244 4.00000 -23.70000
v -76.70000 4.00000 -24.21244
v -76.00000 4.00000 -24.40000
v -75.30000 4.00000 -24.21244
v -74.78756 4.00000 -23.70000
v -74.78756 3.16000 -23.00000
v -74.95000 3.16000 -22.39378
v -75.39378 3.16000 -21.95000
v -76.00000 3.16000 -21.78756
v -76.60622 3.16000 -21.95000
v -77.05000 3.16000 -22.39378
v -77.21244 3.16000 -23.00000
v -77.05000 3.16000 -23.60622
v -76.60622 3.16000 -24.05000
v -76.00000 3.16000 -24.21244
v -75.39378 3.16000 -24.05000
v -74.95000 3.16000 -23.60622
v -75.30000 2.54508 -23.00000
v -75.39378 2.54508 -22.65000
v -75.65000 2.54508 -22.39378
v -76.00000 2.54508 -22.30000
v -76.35000 2.54508 -22.39378
v -76.60622 2.54508 -22.65000
v -76.70000 2.54508 -23.00000
v -76.60622 2.54508 -23.35000
v -76.35000 2.54508 -23.60622
v -76.00000 2.54508 -23.70000
v -75.65000 2.54508 -23.60622
v -75.39378 2.54508 -23.35000
v -76.00000 5.68000 -23.00000
v -76.00000 2.32000 -23.00000
v -28.78000 0.00000 48.00000
v -28.78000 3.20000 48.00000
v -28.82202 0.00000 48.12931
v -28.82202 3.20000 48.12931
v -28.93202 0.00000 48.20923
v -28.93202 3.20000 48.20923
v -29.06798 0.00000 48.20923
v -29.06798 3.20000 48.20923
v -29.17798 0.00000 48.12931
v -29.17798 3.20000 48.12931
v -29.22000 0.00000 48.00000
v -29.22000 3.20000 48.00000
v -29.17798 0.00000 47.87069
v -29.17798 3.20000 47.87069
v -29.06798 0.00000 47.79077
v -29.06798 3.20000 47.79077
v -28.93202 0.00000 47.79077
v -28.93202 3.20000 47.79077
v -28.82202 0.00000 47.87069
v -28.82202 3.20000 47.87069
v -28.30000 5.45492 48.00000
v -28.39378 5.45492 48.35000
v -28.65000 5.45492 48.60622
v -29.00000 5.45492 48.70000
v -29.35000 5.45492 48.60622
v -29.60622 5.45492 48.35000
v -29.70000 5.45492 48.00000
v -29.60622 5.45492 47.65000
v -29.35000 5.45492 47.39378
v -29.00000 5.45492 47.30000
v -28.65000 5.45492 47.39378
v -28.39378 5.45492 47.65000
v -27.78756 4.84000 48.00000
v -27.95000 4.84000 48.60622
v -28.39378 4.84000 49.05000
v -29.00000 4.84000 49.21244
v -29.60622 4.84000 49.05000
v -30.05000 4.84000 48.60622
v -30.21244 4.84000 48.00000
v -30.05000 4.84000 47.39378
v -29.60622 4.84000 46.95000
v -29.00000 4.84000 46.78756
v -28.39378 4.84000 46.95000
v -27.95000 4.84000 47.39378
v -27.60000 4.00000 48.00000
v -27.78756 4.00000 48.70000
v -28.30000 4.00000 49.21244
v -29.00000 4.00000 49.40000
v -29.70000 4.00000 49.21244
v -30.21244 4.00000 48.70000
v -30.40000 4.00000 48.00000
v -30.21244 4.00000 47.30000
v -29.70000 4.00000 46.78756
v -29.00000 4.00000 46.60000
v -28.30000 4.00000 46.78756
v -27.78756 4.00000 47.30000
v -27.78756 3.16000 48.00000
v -27.95000 3.16000 48.60622
v -28.39378 3.16000 49.05000
v -29.00000 3.16000 49.21244
v -29.60622 3.16000 49.05000
v -30.05000 3.16000 48.60622
v -30.21244 3.16000 48.00000
v -30.05000 3.16000 47.39378
v -29.60622 3.16000 46.95000
v -29.00000 3.16000 46.78756
v -28.39378 3.16000 46.95000
v -27.95000 3.16000 47.39378
v -28.30000 2.54508 48.00000
v -28.39378 2.54508 48.35000
v -28.65000 2.54508 48.60622
v -29.00000 2.54508 48.70000
v -29.35000 2.54508 48.60622
v -29.60622 2.54508 48.35000
v -29.70000 2.54508 48.00000
v -29.60622 2.54508 47.65000
v -29.35000 2.54508 47.39378
v -29.00000 2.54508 47.30000
v -28.65000 2.54508 47.39378
v -28.39378 2.54508 47.65000
v -29.00000 5.68000 48.00000
v -29.00000 2.32000 48.00000
v 18.22000 0.00000 119.00000
v 18.22000 3.20000 119.00000
v 18.17798 0.00000 119.12931
v 18.17798 3.20000 119.12931
v 18.06798 0.00000 119.20923
v 18.06798 3.20000 119.20923
v 17.93202 0.00000 119.20923
v 17.93202 3.20000 119.20923
v 17.82202 0.00000 119.12931
v 17.82202 3.20000 119.12931
v 17.78000 0.00000 119.00000
v 17.78000 3.20000 119.00000
v 17.82202 0.00000 118.87069
v 17.82202 3.20000 118.87069
v 17.93202 0.00000 118.79077
v 17.93202 3.20000 118.79077
v 18.06798 0.00000 118.79077
v 18.06798 3.20000 118.79077
v 18.17798 0.00000 118.87069
v 18.17798 3.20000 118.87069
v 18.70000 5.45492 119.00000
v 18.60622 5.45492 119.35000
v 18.35000 5.45492 119.60622
v 18.00000 5.45492 119.70000
v 17.65000 5.45492 119.60622
v 17.39378 5.45492 119.35000
v 17.30000 5.45492 119.00000
v 17.39378 5.45492 118.65000
v 17.65000 5.45492 118.39378
v 18.00000 5.45492 118.30000
v 18.35000 5.45492 118.39378
v 18.60622 5.45492 118.65000
v 19.21244 4.84000 119.00000
v 19.05000 4.84000 119.60622
v 18.60622 4.84000 120.05000
v 18.00000 4.84000 120.21244
v 17.39378 4.84000 120.05000
v 16.95000 4.84000 119.60622
v 16.78756 4.84000 119.00000
v 16.95000 4.84000 118.39378
v 17.39378 4.84000 117.95000
v 18.00000 4.84000 117.78756
v 18.60622 4.84000 117.95000
v 19.05000 4.84000 118.39378
v 19.40000 4.00000 119.00000
v 19.21244 4.00000 119.70000
v 18.70000 4.00000 120.21244
v 18.00000 4.00000 120.40000
v 17.30000 4.00000 120.21244
v 16.78756 4.00000 119.70000
v 16.60000 4.00000 119.00000
v 16.78756 4.00000 118.30000
v 17.30000 4.00000 117.78756
v 18.00000 4.00000 117.60000
v 18.70000 4.00000 117.78756
v 19.21244 4.00000 118.30000
v 19.21244 3.16000 119.00000
v 19.05000 3.16000 119.60622
v 18.60622 3.16000 120.05000
v 18.00000 3.16000 120.21244
v 17.39378 3.16000 120.05000
v 16.95000 3.16000 119.60622
v 16.78756 3.16000 119.00000
v 16.95000 3.16000 118.39378
v 17.39378 3.16000 117.95000
v 18.00000 3.16000 117.78756
v 18.60622 3.16000 117.95000
v 19.05000 3.16000 118.39378
v 18.70000 2.54508 119.00000
v 18.60622 2.54508 119.35000
v 18.35000 2.54508 119.60622
v 18.00000 2.54508 119.70000
v 17.65000 2.54508 119.60622
v 17.39378 2.54508 119.35000
v 17.30000 2.54508 119.00000
v 17.39378 2.54508 118.65000
v 17.65000 2.54508 118.39378
v 18.00000 2.54508 118.30000
v 18.35000 2.54508 118.39378
v 18.60622 2.54508 118.65000
v 18.00000 5.68000 119.00000
v 18.00000 2.32000 119.00000
v 65.22000 0.00000 -140.00000
v 65.22000 3.20000 -140.00000
v 65.17798 0.00000 -139.87069
v 65.17798 3.20000 -139.87069
v 65.06798 0.00000 -139.79077
v 65.06798 3.20000 -139.79077
v 64.93202 0.00000 -139.79077
v 64.93202 3.20000 -139.79077
v 64.82202 0.00000 -139.87069
v 64.82202 3.20000 -139.87069
v 64.78000 0.00000 -140.00000
v 64.78000 3.20000 -140.00000
v 64.82202 0.00000 -140.12931
v 64.82202 3.20000 -140.12931
v 64.93202 0.00000 -140.20923
v 64.93202 3.20000 -140.20923
v 65.06798 0.00000 -140.20923
v 65.06798 3.20000 -140.20923
v 65.17798 0.00000 -140.12931
v 65.17798 3.20000 -140.12931
v 65.70000 5.45492 -140.00000
v 65.60622 5.45492 -139.65000
v 65.35000 5.45492 -139.39378
v 65.00000 5.45492 -139.30000
v 64.65000 5.45492 -139.39378
v 64.39378 5.45492 -139.65000
v 64.30000 5.45492 -140.00000
v 64.39378 5.45492 -140.35000
v 64.65000 5.45492 -140.60622
v 65.00000 5.45492 -140.70000
v 65.35000 5.45492 -140.60622
v 65.60622 5.45492 -140.35000
v 66.21244 4.84000 -140.00000
v 66.05000 4.84000 -139.39378
v 65.60622 4.84000 -138.95000
v 65.00000 4.84000 -138.78756
v 64.39378 4.84000 -138.95000
v 63.95000 4.84000 -139.39378
v 63.78756 4.84000 -140.00000
v 63.95000 4.84000 -140.60622
v 64.39378 4.84000 -141.05000
v 65.00000 4.84000 -141.21244
v 65.60622 4.84000 -141.05000
v 66.05000 4.84000 -140.60622
v 66.40000 4.00000 -140.00000
v 66.21244 4.00000 -139.30000
v 65.70000 4.00000 -138.78756
v 65.00000 4.00000 -138.60000
v 64.30000 4.00000 -138.78756
v 63.78756 4.00000 -139.30000
v 63.60000 4.00000 -140.00000
v 63.78756 4.00000 -140.70000
v 64.30000 4.00000 -141.21244
v 65.00000 4.00000 -141.40000
v 65.70000 4.00000 -141.21244
v 66.21244 4.00000 -140.70000
v 66.21244 3.16000 -140.00000
v 66.05000 3.16000 -139.39378
v 65.60622 3.16000 -138.95000
v 65.00000 3.16000 -138.78756
v 64.39378 3.16000 -138.95000
v 63.95000 3.16000 -139.39378
v 63.78756 3.16000 -140.00000
v 63.95000 3.16000 -140.60622
v 64.39378 3.16000 -141.05000
v 65.00000 3.16000 -141.21244
v 65.60622 3.16000 -141.05000
v 66.05000 3.16000 -140.60622
v 65.70000 2.54508 -140.00000
v 65.60622 2.54508 -139.65000
v 65.35000 2.54508 -139.39378
v 65.00000 2.54508 -139.30000
v 64.65000 2.54508 -139.39378
v 64.39378 2.54508 -139.65000
v 64.30000 2.54508 -140.00000
v 64.39378 2.54508 -140.35000
v 64.65000 2.54508 -140.60622
v 65.00000 2.54508 -140.70000
v 65.35000 2.54508 -140.60622
v 65.60622 2.54508 -140.35000
v 65.00000 5.68000 -140.00000
v 65.00000 2.32000 -140.00000
v 112.22000 0.00000 -69.00000
v 112.22000 3.20000 -69.00000
v 112.17798 0.00000 -68.87069
v 112.17798 3.20000 -68.87069
v 112.06798 0.00000 -68.79077
v 112.06798 3.20000 -68.79077
v 111.93202 0.00000 -68.79077
v 111.93202 3.20000 -68.79077
v 111.82202 0.00000 -68.87069
v 111.82202 3.20000 -68.87069
v 111.78000 0.00000 -69.00000
v 111.78000 3.20000 -69.00000
v 111.82202 0.00000 -69.12931
v 111.82202 3.20000 -69.12931
v 111.93202 0.00000 -69.20923
v 111.93202 3.20000 -69.20923
v 112.06798 0.00000 -69.20923
v 112.06798 3.20000 -69.20923
v 112.17798 0.00000 -69.12931
v 112.17798 3.20000 -69.12931
v 112.70000 5.45492 -69.00000
v 112.60622 5.45492 -68.65000
v 112.35000 5.45492 -68.39378
v 112.00000 5.45492 -68.30000
v 111.65000 5.45492 -68.39378
v 111.39378 5.45492 -68.65000
v 111.30000 5.45492 -69.00000
v 111.39378 5.45492 -69.35000
v 111.65000 5.45492 -69.60622
v 112.00000 5.45492 -69.70000
v 112.35000 5.45492 -69.60622
v 112.60622 5.45492 -69.35000
v 113.21244 4.84000 -69.00000
v 113.05000 4.84000 -68.39378
v 112.60622 4.84000 -67.95000
v 112.00000 4.84000 -67.78756
v 111.39378 4.84000 -67.95000
v 110.95000 4.84000 -68.39378
v 110.78756 4.84000 -69.00000
v 110.95000 4.84000 -69.60622
v 111.39378 4.84000 -70.05000
v 112.00000 4.84000 -70.21244
v 112.60622 4.84000 -70.05000
v 113.05000 4.84000 -69.60622
v 113.40000 4.00000 -69.00000
v 113.21244 4.00000 -68.30000
v 112.70000 4.00000 -67.78756
v 112.00000 4.00000 -67.60000
v 111.30000 4.00000 -67.78756
v 110.78756 4.00000 -68.30000
v 110.60000 4.00000 -69.00000
v 110.78756 4.00000 -69.70000
v 111.30000 4.00000 -70.21244
v 112.00000 4.00000 -70.40000
v 112.70000 4.00000 -70.21244
v 113.21244 4.00000 -69.70000
v 113.21244 3.16000 -69.00000
v 113.05000 3.16000 -68.39378
v 112.60622 3.16000 -67.95000
v 112.00000 3.16000 -67.78756
v 111.39378 3.16000 -67.95000
v 110.95000 3.16000 -68.39378
v 110.78756 3.16000 -69.00000
v 110.95000 3.16000 -69.60622
v 111.39378 3.16000 -70.05000
v 112.00000 3.16000 -70.21244
v 112.60622 3.16000 -70.05000
v 113.05000 3.16000 -69.60622
v 112.70000 2.54508 -69.00000
v 112.60622 2.54508 -68.65000
v 112.35000 2.54508 -68.39378
v 112.00000 2.54508 -68.30000
v 111.65000 2.54508 -68.39378
v 111.39378 2.54508 -68.65000
v 111.30000 2.54508 -69.00000
v 111.39378 2.54508 -69.35000
v 111.65000 2.54508 -69.60622
v 112.00000 2.54508 -69.70000
v 112.35000 2.54508 -69.60622
v 112.60622 2.54508 -69.35000
v 112.00000 5.68000 -69.00000
v 112.00000 2.32000 -69.00000
v 159.22000 0.00000 2.00000
v 159.22000 3.20000 2.00000
v 159.17798 0.00000 2.12931
v 159.17798 3.20000 2.12931
v 159.06798 0.00000 2.20923
v 159.06798 3.20000 2.20923
v 158.93202 0.00000 2.20923
v 158.93202 3.20000 2.20923
v 158.82202 0.00000 2.12931
v 158.82202 3.20000 2.12931
v 158.78000 0.00000 2.00000
v 158.78000 3.20000 2.00000
v 158.82202 0.00000 1.87069
v 158.82202 3.20000 1.87069
v 158.93202 0.00000 1.79077
v 158.93202 3.20000 1.79077
v 159.06798 0.00000 1.79077
v 159.06798 3.20000 1.79077
v 159.17798 0.00000 1.87069
v 159.17798 3.20000 1.87069
v 159.70000 5.45492 2.00000
v 159.60622 5.45492 2.35000
v 159.35000 5.45492 2.60622
v 159.00000 5.45492 2.70000
v 158.65000 5.45492 2.60622
v 158.39378 5.45492 2.35000
v 158.30000 5.45492 2.00000
v 158.39378 5.45492 1.65000
v 158.65000 5.45492 1.39378
v 159.00000 5.45492 1.30000
v 159.35000 5.45492 1.39378
v 159.60622 5.45492 1.65000
v 160.21244 4.84000 2.00000
v 160.05000 4.84000 2.60622
v 159.60622 4.84000 3.05000
v 159.00000 4.84000 3.21244
v 158.39378 4.84000 3.05000
v 157.95000 4.84000 2.60622
v 157.78756 4.84000 2.00000
v 157.95000 4.84000 1.39378
v 158.39378 4.84000 0.95000
v 159.00000 4.84000 0.78756
v 159.60622 4.84000 0.95000
v 160.05000 4.84000 1.39378
v 160.40000 4.00000 2.00000
v 160.21244 4.00000 2.70000
v 159.70000 4.00000 3.21244
v 159.00000 4.00000 3.40000
v 158.30000 4.00000 3.21244
v 157.78756 4.00000 2.70000
v 157.60000 4.00000 2.00000
v 157.78756 4.00000 1.30000
v 158.30000 4.00000 0.78756
v 159.00000 4.00000 0.60000
v 159.70000 4.00000 0.78756
v 160.21244 4.00000 1.30000
v 160.21244 3.16000 2.00000
v 160.05000 3.16000 2.60622
v 159.60622 3.16000 3.05000
v 159.00000 3.16000 3.21244
v 158.39378 3.16000 3.05000
v 157.95000 3.16000 2.60622
v 157.78756 3.16000 2.00000
v 157.95000 3.16000 1.39378
v 158.39378 3.16000 0.95000
v 159.00000 3.16000 0.78756
v 159.60622 3.16000 0.95000
v 160.05000 3.16000 1.39378
v 159.70000 2.54508 2.00000
v 159.60622 2.54508 2.35000
v 159.35000 2.54508 2.60622
v 159.00000 2.54508 2.70000
v 158.65000 2.54508 2.60622
v 158.39378 2.54508 2.35000
v 158.30000 2.54508 2.00000
v 158.39378 2.54508 1.65000
v 158.65000 2.54508 1.39378
v 159.00000 2.54508 1.30000
v 159.35000 2.54508 1.39378
v 159.60622 2.54508 1.65000
v 159.00000 5.68000 2.00000
v 159.00000 2.32000 2.00000
v -133.78000 0.00000 73.00000
v -133.78000 3.20000 73.00000
v -133.82202 0.00000 73.12931
v -133.82202 3.20000 73.12931
v -133.93202 0.00000 73.20923
v -133.93202 3.20000 73.20923
v -134.06798 0.00000 73.20923
v -134.06798 3.20000 73.20923
v -134.17798 0.00000 73.12931
v -134.17798 3.20000 73.12931
v -134.22000 0.00000 73.00000
v -134.22000 3.20000 73.00000
v -134.17798 0.00000 72.87069
v -134.17798 3.20000 72.87069
v -134.06798 0.00000 72.79077
v -134.06798 3.20000 72.79077
v -133.93202 0.00000 72.79077
v -133.93202 3.20000 72.79077
v -133.82202 0.00000 72.87069
v -133.82202 3.20000 72.87069
v -133.30000 5.45492 73.00000
v -133.39378 5.45492 73.35000
v -133.65000 5.45492 73.60622
v -134.00000 5.45492 73.70000
v -134.35000 5.45492 73.60622
v -134.60622 5.45492 73.35000
v -134.70000 5.45492 73.00000
v -134.60622 5.45492 72.65000
v -134.35000 5.45492 72.39378
v -134.00000 5.45492 72.30000
v -133.65000 5.45492 72.39378
v -133.39378 5.45492 72.65000
v -132.78756 4.84000 73.00000
v -132.95000 4.84000 73.60622
v -133.39378 4.84000 74.05000
v -134.00000 4.84000 74.21244
v -134.60622 4.84000 74.05000
v -135.05000 4.84000 73.60622
v -135.21244 4.84000 73.00000
v -135.05000 4.84000 72.39378
v -134.60622 4.84000 71.95000
v -134.00000 4.84000 71.78756
v -133.39378 4.84000 71.95000
v -132.95000 4.84000 72.39378
v -132.60000 4.00000 73.00000
v -132.78756 4.00000 73.70000
v -133.30000 4.00000 74.21244
v -134.00000 4.00000 74.40000
v -134.70000 4.00000 74.21244
v -135.21244 4.00000 73.70000
v -135.40000 4.00000 73.00000
v -135.21244 4.00000 72.30000
v -134.70000 4.00000 71.78756
v -134.00000 4.00000 71.60000
v -133.30000 4.00000 71.78756
v -132.78756 4.00000 72.30000
v -132.78756 3.16000 73.00000
v -132.95000 3.16000 73.60622
v -133.39378 3.16000 74.05000
v -134.00000 3.16000 74.21244
v -134.60622 3.16000 74.05000
v -135.05000 3.16000 73.60622
v -135.21244 3.16000 73.00000
v -135.05000 3.16000 72.39378
v -134.60622 3.16000 71.95000
v -134.00000 3.16000 71.78756
v -133.39378 3.16000 71.95000
v -132.95000 3.16000 72.39378
v -133.30000 2.54508 73.00000
v -133.39378 2.54508 73.35000
v -133.65000 2.54508 73.60622
v -134.00000 2.54508 73.70000
v -134.35000 2.54508 73.60622
v -134.60622 2.54508 73.35000
v -134.70000 2.54508 73.00000
v -134.60622 2.54508 72.65000
v -134.35000 2.54508 72.39378
v -134.00000 2.54508 72.30000
v -133.65000 2.54508 72.39378
v -133.39378 2.54508 72.65000
v -134.00000 5.68000 73.00000
v -134.00000 2.32000 73.00000
v -86.78000 0.00000 144.00000
v -86.78000 3.20000 144.00000
v -86.82202 0.00000 144.12931
v -86.82202 3.20000 144.12931
v -86.93202 0.00000 144.20923
v -86.93202 3.20000 144.20923
v -87.06798 0.00000 144.20923
v -87.06798 3.20000 144.20923
v -87.17798 0.00000 144.12931
v -87.17798 3.20000 144.12931
v -87.22000 0.00000 144.00000
v -87.22000 3.20000 144.00000
v -87.17798 0.00000 143.87069
v -87.17798 3.20000 143.87069
v -87.06798 0.00000 143.79077
v -87.06798 3.20000 143.79077
v -86.93202 0.00000 143.79077
v -86.93202 3.20000 143.79077
v -86.82202 0.00000 143.87069
v -86.82202 3.20000 143.87069
v -86.30000 5.45492 144.00000
v -86.39378 5.45492 144.35000
v -86.65000 5.45492 144.60622
v -87.00000 5.45492 144.70000
v -87.35000 5.45492 144.60622
v -87.60622 5.45492 144.35000
v -87.70000 5.45492 144.00000
v -87.60622 5.45492 143.65000
v -87.35000 5.45492 143.39378
v -87.00000 5.45492 143.30000
v -86.65000 5.45492 143.39378
v -86.39378 5.45492 143.65000
v -85.78756 4.84000 144.00000
v -85.95000 4.84000 144.60622
v -86.39378 4.84000 145.05000
v -87.00000 4.84000 145.21244
v -87.60622 4.84000 145.05000
v -88.05000 4.84000 144.60622
v -88.21244 4.84000 144.00000
v -88.05000 4.84000 143.39378
v -87.60622 4.84000 142.95000
v -87.00000 4.84000 142.78756
v -86.39378 4.84000 142.95000
v -85.95000 4.84000 143.39378
v -85.60000 4.00000 144.00000
v -85.78756 4.00000 144.70000
v -86.30000 4.00000 145.21244
v -87.00000 4.00000 145.40000
v -87.70000 4.00000 145.21244
v -88.21244 4.00000 144.70000
v -88.40000 4.00000 144.00000
v -88.21244 4.00000 143.30000
v -87.70000 4.00000 142.78756
v -87.00000 4.00000 142.60000
v -86.30000 4.00000 142.78756
v -85.78756 4.00000 143.30000
v -85.78756 3.16000 144.00000
v -85.95000 3.16000 144.60622
v -86.39378 3.16000 145.05000
v -87.00000 3.16000 145.21244
v -87.60622 3.16000 145.05000
v -88.05000 3.16000 144.60622
v -88.21244 3.16000 144.00000
v -88.05000 3.16000 143.39378
v -87.60622 3.16000 142.95000
v -87.00000 3.16000 142.78756
v -86.39378 3.16000 142.95000
v -85.95000 3.16000 143.39378
v -86.30000 2.54508 144.00000
v -86.39378 2.54508 144.35000
v -86.65000 2.54508 144.60622
v -87.00000 2.54508 144.70000
v -87.35000 2.54508 144.60622
v -87.60622 2.54508 144.35000
v -87.70000 2.54508 144.00000
v -87.60622 2.54508 143.65000
v -87.35000 2.54508 143.39378
v -87.00000 2.54508 143.30000
v -86.65000 2.54508 143.39378
v -86.39378 2.54508 143.65000
v -87.00000 5.68000 144.00000
v -87.00000 2.32000 144.00000
v -39.78000 0.00000 -115.00000
v -39.78000 3.20000 -115.00000
v -39.82202 0.00000 -114.87069
v -39.82202 3.20000 -114.87069
v -39.93202 0.00000 -114.79077
v -39.93202 3.20000 -114.79077
v -40.06798 0.00000 -114.79077
v -40.06798 3.20000 -114.79077
v -40.17798 0.00000 -114.87069
v -40.17798 3.20000 -114.87069
v -40.22000 0.00000 -115.00000
v -40.22000 3.20000 -115.00000
v -40.17798 0.00000 -115.12931
v -40.17798 3.20000 -115.12931
v -40.06798 0.00000 -115.20923
v -40.06798 3.20000 -115.20923
v -39.93202 0.00000 -115.20923
v -39.93202 3.20000 -115.20923
v -39.82202 0.00000 -115.12931
v -39.82202 3.20000 -115.12931
v -39.30000 5.45492 -115.00000
v -39.39378 5.45492 -114.65000
v -39.65000 5.45492 -114.39378
v -40.00000 5.45492 -114.30000
v -40.35000 5.45492 -114.39378
v -40.60622 5.45492 -114.65000
v -40.70000 5.45492 -115.00000
v -40.60622 5.45492 -115.35000
v -40.35000 5.45492 -115.60622
v -40.00000 5.45492 -115.70000
v -39.65000 5.45492 -115.60622
v -39.39378 5.45492 -115.35000
v -38.78756 4.84000 -115.00000
v -38.95000 4.84000 -114.39378
v -39.39378 4.84000 -113.95000
v -40.00000 4.84000 -113.78756
v -40.60622 4.84000 -113.95000
v -41.05000 4.84000 -114.39378
v -41.21244 4.84000 -115.00000
v -41.05000 4.84000 -115.60622
v -40.60622 4.84000 -116.05000
v -40.00000 4.84000 -116.21244
v -39.39378 4.84000 -116.05000
v -38.95000 4.84000 -115.60622
v -38.60000 4.00000 -115.00000
v -38.78756 4.00000 -114.30000
v -39.30000 4.00000 -113.78756
v -40.00000 4.00000 -113.60000
v -40.70000 4.00000 -113.78756
v -41.21244 4.00000 -114.30000
v -41.40000 4.00000 -115.00000
v -41.21244 4.00000 -115.70000
v -40.70000 4.00000 -116.21244
v -40.00000 4.00000 -116.40000
v -39.30000 4.00000 -116.21244
v -38.78756 4.00000 -115.70000
v -38.78756 3.16000 -115.00000
v -38.95000 3.16000 -114.39378
v -39.39378 3.16000 -113.95000
v -40.00000 3.16000 -113.78756
v -40.60622 3.16000 -113.95000
v -41.05000 3.16000 -114.39378
v -41.21244 3.16000 -115.00000
v -41.05000 3.16000 -115.60622
v -40.60622 3.16000 -116.05000
v -40.00000 3.16000 -116.21244
v -39.39378 3.16000 -116.05000
v -38.95000 3.16000 -115.60622
v -39.30000 2.54508 -115.00000
v -39.39378 2.54508 -114.65000
v -39.65000 2.54508 -114.39378
v -40.00000 2.54508 -114.30000
v -40.35000 2.54508 -114.39378
v -40.60622 2.54508 -114.65000
v -40.70000 2.54508 -115.00000
v -40.60622 2.54508 -115.35000
v -40.35000 2.54508 -115.60622
v -40.00000 2.54508 -115.70000
v -39.65000 2.54508 -115.60622
v -39.39378 2.54508 -115.35000
v -40.00000 5.68000 -115.00000
v -40.00000 2.32000 -115.00000
v 7.22000 0.00000 -44.00000
v 7.22000 3.20000 -44.00000
v 7.17798 0.00000 -43.87069
v 7.17798 3.20000 -43.87069
v 7.06798 0.00000 -43.79077
v 7.06798 3.20000 -43.79077
v 6.93202 0.00000 -43.79077
v 6.93202 3.20000 -43.79077
v 6.82202 0.00000 -43.87069
v 6.82202 3.20000 -43.87069
v 6.78000 0.00000 -44.00000
v 6.78000 3.20000 -44.00000
v 6.82202 0.00000 -44.12931
v 6.82202 3.20000 -44.12931
v 6.93202 0.00000 -44.20923
v 6.93202 3.20000 -44.20923
v 7.06798 0.00000 -44.20923
v 7.06798 3.20000 -44.20923
v 7.17798 0.00000 -44.12931
v 7.17798 3.20000 -44.12931
v 7.70000 5.45492 -44.00000
v 7.60622 5.45492 -43.65000
v 7.35000 5.45492 -43.39378
v 7.00000 5.45492 -43.30000
v 6.65000 5.45492 -43.39378
v 6.39378 5.45492 -43.65000
v 6.30000 5.45492 -44.00000
v 6.39378 5.45492 -44.35000
v 6.65000 5.45492 -44.60622
v 7.00000 5.45492 -44.70000
v 7.35000 5.45492 -44.60622
v 7.60622 5.45492 -44.35000
v 8.21244 4.84000 -44.00000
v 8.05000 4.84000 -43.39378
v 7.60622 4.84000 -42.95000
v 7.00000 4.84000 -42.78756
v 6.39378 4.84000 -42.95000
v 5.95000 4.84000 -43.39378
v 5.78756 4.84000 -44.00000
v 5.95000 4.84000 -44.60622
v 6.39378 4.84000 -45.05000
v 7.00000 4.84000 -45.21244
v 7.60622 4.84000 -45.05000
v 8.05000 4.84000 -44.60622
v 8.40000 4.00000 -44.00000
v 8.21244 4.00000 -43.30000
v 7.70000 4.00000 -42.78756
v 7.00000 4.00000 -42.60000
v 6.30000 4.00000 -42.78756
v 5.78756 4.00000 -43.30000
v 5.60000 4.00000 -44.00000
v 5.78756 4.00000 -44.70000
v 6.30000 4.00000 -45.21244
v 7.00000 4.00000 -45.40000
v 7.70000 4.00000 -45.21244
v 8.21244 4.00000 -44.70000
v 8.21244 3.16000 -44.00000
v 8.05000 3.16000 -43.39378
v 7.60622 3.16000 -42.95000
v 7.00000 3.16000 -42.78756
v 6.39378 3.16000 -42.95000
v 5.95000 3.16000 -43.39378
v 5.78756 3.16000 -44.00000
v 5.95000 3.16000 -44.60622
v 6.39378 3.16000 -45.05000
v 7.00000 3.16000 -45.21244
v 7.60622 3.16000 -45.05000
v 8.05000 3.16000 -44.60622
v 7.70000 2.54508 -44.00000
v 7.60622 2.54508 -43.65000
v 7.35000 2.54508 -43.39378
v 7.00000 2.54508 -43.30000
v 6.65000 2.54508 -43.39378
v 6.39378 2.54508 -43.65000
v 6.30000 2.54508 -44.00000
v 6.39378 2.54508 -44.35000
v 6.65000 2.54508 -44.60622
v 7.00000 2.54508 -44.70000
v 7.35000 2.54508 -44.60622
v 7.60622 2.54508 -44.35000
v 7.00000 5.68000 -44.00000
v 7.00000 2.32000 -44.00000
v 54.22000 0.00000 27.00000
v 54.22000 3.20000 27.00000
v 54.17798 0.00000 27.12931
v 54.17798 3.20000 27.12931
v 54.06798 0.00000 27.20923
v 54.06798 3.20000 27.20923
v 53.93202 0.00000 27.20923
v 53.93202 3.20000 27.20923
v 53.82202 0.00000 27.12931
v 53.82202 3.20000 27.12931
v 53.78000 0.00000 27.00000
v 53.78000 3.20000 27.00000
v 53.82202 0.00000 26.87069
v 53.82202 3.20000 26.87069
v 53.93202 0.00000 26.79077
v 53.93202 3.20000 26.79077
v 54.06798 0.00000 26.79077
v 54.06798 3.20000 26.79077
v 54.17798 0.00000 26.87069
v 54.17798 3.20000 26.87069
v 54.70000 5.45492 27.00000
v 54.60622 5.45492 27.35000
v 54.35000 5.45492 27.60622
v 54.00000 5.45492 27.70000
v 53.65000 5.45492 27.60622
v 53.39378 5.45492 27.35000
v 53.30000 5.45492 27.00000
v 53.39378 5.45492 26.65000
v 53.65000 5.45492 26.39378
v 54.00000 5.45492 26.30000
v 54.35000 5.45492 26.39378
v 54.60622 5.45492 26.65000
v 55.21244 4.84000 27.00000
v 55.05000 4.84000 27.60622
v 54.60622 4.84000 28.05000
v 54.00000 4.84000 28.21244
v 53.39378 4.84000 28.05000
v 52.95000 4.84000 27.60622
v 52.78756 4.84000 27.00000
v 52.95000 4.84000 26.39378
v 53.39378 4.84000 25.95000
v 54.00000 4.84000 25.78756
v 54.60622 4.84000 25.95000
v 55.05000 4.84000 26.39378
v 55.40000 4.00000 27.00000
v 55.21244 4.00000 27.70000
v 54.70000 4.00000 28.21244
v 54.00000 4.00000 28.40000
v 53.30000 4.00000 28.21244
v 52.78756 4.00000 27.70000
v 52.60000 4.00000 27.00000
v 52.78756 4.00000 26.30000
v 53.30000 4.00000 25.78756
v 54.00000 4.00000 25.60000
v 54.70000 4.00000 25.78756
v 55.21244 4.00000 26.30000
v 55.21244 3.16000 27.00000
v 55.05000 3.16000 27.60622
v 54.60622 3.16000 28.05000
v 54.00000 3.16000 28.21244
v 53.39378 3.16000 28.05000
v 52.95000 3.16000 27.60622
v 52.78756 3.16000 27.00000
v 52.95000 3.16000 26.39378
v 53.39378 3.16000 25.95000
v 54.00000 3.16000 25.78756
v 54.60622 3.16000 25.95000
v 55.05000 3.16000 26.39378
v 54.70000 2.54508 27.00000
v 54.60622 2.54508 27.35000
v 54.35000 2.54508 27.60622
v 54.00000 2.54508 27.70000
v 53.65000 2.54508 27.60622
v 53.39378 2.54508 27.35000
v 53.30000 2.54508 27.00000
v 53.39378 2.54508 26.65000
v 53.65000 2.54508 26.39378
v 54.00000 2.54508 26.30000
v 54.35000 2.54508 26.39378
v 54.60622 2.54508 26.65000
v 54.00000 5.68000 27.00000
v 54.00000 2.32000 27.00000
v 101.22000 0.00000 98.00000
v 101.22000 3.20000 98.00000
v 101.17798 0.00000 98.12931
v 101.17798 3.20000 98.12931
v 101.06798 0.00000 98.20923
v 101.06798 3.20000 98.20923
v 100.93202 0.00000 98.20923
v 100.93202 3.20000 98.20923
v 100.82202 0.00000 98.12931
v 100.82202 3.20000 98.12931
v 100.78000 0.00000 98.00000
v 100.78000 3.20000 98.00000
v 100.82202 0.00000 97.87069
v 100.82202 3.20000 97.87069
v 100.93202 0.00000 97.79077
v 100.93202 3.20000 97.79077
v 101.06798 0.00000 97.79077
v 101.06798 3.20000 97.79077
v 101.17798 0.00000 97.87069
v 101.17798 3.20000 97.87069
v 101.70000 5.45492 98.00000
v 101.60622 5.45492 98.35000
v 101.35000 5.45492 98.60622
v 101.00000 5.45492 98.70000
v 100.65000 5.45492 98.60622
v 100.39378 5.45492 98.35000
v 100.30000 5.45492 98.00000
v 100.39378 5.45492 97.65000
v 100.65000 5.45492 97.39378
v 101.00000 5.45492 97.30000
v 101.35000 5.45492 97.39378
v 101.60622 5.45492 97.65000
v 102.21244 4.84000 98.00000
v 102.05000 4.84000 98.60622
v 101.60622 4.84000 99.05000
v 101.00000 4.84000 99.21244
v 100.39378 4.84000 99.05000
v 99.95000 4.84000 98.60622
v 99.78756 4.84000 98.00000
v 99.95000 4.84000 97.39378
v 100.39378 4.84000 96.95000
v 101.00000 4.84000 96.78756
v 101.60622 4.84000 96.95000
v 102.05000 4.84000 97.39378
v 102.40000 4.00000 98.00000
v 102.21244 4.00000 98.70000
v 101.70000 4.00000 99.21244
v 101.00000 4.00000 99.40000
v 100.30000 4.00000 99.21244
v 99.78756 4.00000 98.70000
v 99.60000 4.00000 98.00000
v 99.78756 4.00000 97.30000
v 100.30000 4.00000 96.78756
v 101.00000 4.00000 96.60000
v 101.70000 4.00000 96.78756
v 102.21244 4.00000 97.30000
v 102.21244 3.16000 98.00000
v 102.05000 3.16000 98.60622
v 101.60622 3.16000 99.05000
v 101.00000 3.16000 99.21244
v 100.39378 3.16000 99.05000
v 99.95000 3.16000 98.60622
v 99.78756 3.16000 98.00000
v 99.95000 3.16000 97.39378
v 100.39378 3.16000 96.95000
v 101.00000 3.16000 96.78756
v 101.60622 3.16000 96.95000
v 102.05000 3.16000 97.39378
v 101.70000 2.54508 98.00000
v 101.60622 2.54508 98.35000
v 101.35000 2.54508 98.60622
v 101.00000 2.54508 98.70000
v 100.65000 2.54508 98.60622
v 100.39378 2.54508 98.35000
v 100.30000 2.54508 98.00000
v 100.39378 2.54508 97.65000
v 100.65000 2.54508 97.39378
v 101.00000 2.54508 97.30000
v 101.35000 2.54508 97.39378
v 101.60622 2.54508 97.65000
v 101.00000 5.68000 98.00000
v 101.00000 2.32000 98.00000
v 148.22000 0.00000 -161.00000
v 148.22000 3.20000 -161.00000
v 148.17798 0.00000 -160.87069
v 148.17798 3.20000 -160.87069
v 148.06798 0.00000 -160.79077
v 148.06798 3.20000 -160.79077
v 147.93202 0.00000 -160.79077
v 147.93202 3.20000 -160.79077
v 147.82202 0.00000 -160.87069
v 147.82202 3.20000 -160.87069
v 147.78000 0.00000 -161.00000
v 147.78000 3.20000 -161.00000
v 147.82202 0.00000 -161.12931
v 147.82202 3.20000 -161.12931
v 147.93202 0.00000 -161.20923
v 147.93202 3.20000 -161.20923
v 148.06798 0.00000 -161.20923
v 148.06798 3.20000 -161.20923
v 148.17798 0.00000 -161.12931
v 148.17798 3.20000 -161.12931
v 148.70000 5.45492 -161.00000
v 148.60622 5.45492 -160.65000
v 148.35000 5.45492 -160.39378
v 148.00000 5.45492 -160.30000
v 147.65000 5.45492 -160.39378
v 147.39378 5.45492 -160.65000
v 147.30000 5.45492 -161.00000
v 147.39378 5.45492 -161.35000
v 147.65000 5.45492 -161.60622
v 148.00000 5.45492 -161.70000
v 148.35000 5.45492 -161.60622
v 148.60622 5.45492 -161.35000
v 149.21244 4.84000 -161.00000
v 149.05000 4.84000 -160.39378
v 148.60622 4.84000 -159.95000
v 148.00000 4.84000 -159.78756
v 147.39378 4.84000 -159.95000
v 146.95000 4.84000 -160.39378
v 146.78756 4.84000 -161.00000
v 146.95000 4.84000 -161.60622
v 147.39378 4.84000 -162.05000
v 148.00000 4.84000 -162.21244
v 148.60622 4.84000 -162.05000
v 149.05000 4.84000 -161.60622
v 149.40000 4.00000 -161.00000
v 149.21244 4.00000 -160.30000
v 148.70000 4.00000 -159.78756
v 148.00000 4.00000 -159.60000
v 147.30000 4.00000 -159.78756
v 146.78756 4.00000 -160.30000
v 146.60000 4.00000 -161.00000
v 146.78756 4.00000 -161.70000
v 147.30000 4.00000 -162.21244
v 148.00000 4.00000 -162.40000
v 148.70000 4.00000 -162.21244
v 149.21244 4.00000 -161.70000
v 149.21244 3.16000 -161.00000
v 149.05000 3.16000 -160.39378
v 148.60622 3.16000 -159.95000
v 148.00000 3.16000 -159.78756
v 147.39378 3.16000 -159.95000
v 146.95000 3.16000 -160.39378
v 146.78756 3.16000 -161.00000
v 146.95000 3.16000 -161.60622
v 147.39378 3.16000 -162.05000
v 148.00000 3.16000 -162.21244
v 148.60622 3.16000 -162.05000
v 149.05000 3.16000 -161.60622
v 148.70000 2.54508 -161.00000
v 148.60622 2.54508 -160.65000
v 148.35000 2.54508 -160.39378
v 148.00000 2.54508 -160.30000
v 147.65000 2.54508 -160.39378
v 147.39378 2.54508 -160.65000
v 147.30000 2.54508 -161.00000
v 147.39378 2.54508 -161.35000
v 147.65000 2.54508 -161.60622
v 148.00000 2.54508 -161.70000
v 148.35000 2.54508 -161.60622
v 148.60622 2.54508 -161.35000
v 148.00000 5.68000 -161.00000
v 148.00000 2.32000 -161.00000
v -144.78000 0.00000 -90.00000
v -144.78000 3.20000 -90.00000
v -144.82202 0.00000 -89.87069
v -144.82202 3.20000 -89.87069
v -144.93202 0.00000 -89.79077
v -144.93202 3.20000 -89.79077
v -145.06798 0.00000 -89.79077
v -145.06798 3.20000 -89.79077
v -145.17798 0.00000 -89.87069
v -145.17798 3.20000 -89.87069
v -145.22000 0.00000 -90.00000
v -145.22000 3.20000 -90.00000
v -145.17798 0.00000 -90.12931
v -145.17798 3.20000 -90.12931
v -145.06798 0.00000 -90.20923
v -145.06798 3.20000 -90.20923
v -144.93202 0.00000 -90.20923
v -144.93202 3.20000 -90.20923
v -144.82202 0.00000 -90.12931
v -144.82202 3.20000 -90.12931
v -144.30000 5.45492 -90.00000
v -144.39378 5.45492 -89.65000
v -144.65000 5.45492 -89.39378
v -145.00000 5.45492 -89.30000
v -145.35000 5.45492 -89.39378
v -145.60622 5.45492 -89.65000
v -145.70000 5.45492 -90.00000
v -145.60622 5.45492 -90.35000
v -145.35000 5.45492 -90.60622
v -145.00000 5.45492 -90.70000
v -144.65000 5.45492 -90.60622
v -144.39378 5.45492 -90.35000
v -143.78756 4.84000 -90.00000
v -143.95000 4.84000 -89.39378
v -144.39378 4.84000 -88.95000
v -145.00000 4.84000 -88.78756
v -145.60622 4.84000 -88.95000
v -146.05000 4.84000 -89.39378
v -146.21244 4.84000 -90.00000
v -146.05000 4.84000 -90.60622
v -145.60622 4.84000 -91.05000
v -145.00000 4.84000 -91.21244
v -144.39378 4.84000 -91.05000
v -143.95000 4.84000 -90.60622
v -143.60000 4.00000 -90.00000
v -143.78756 4.00000 -89.30000
v -144.30000 4.00000 -88.78756
v -145.00000 4.00000 -88.60000
v -145.70000 4.00000 -88.78756
v -146.21244 4.00000 -89.30000
v -146.40000 4.00000 -90.00000
v -146.21244 4.00000 -90.70000
v -145.70000 4.00000 -91.21244
v -145.00000 4.00000 -91.40000
v -144.30000 4.00000 -91.21244
v -143.78756 4.00000 -90.70000
v -143.78756 3.16000 -90.00000
v -143.95000 3.16000 -89.39378
v -144.39378 3.16000 -88.95000
v -145.00000 3.16000 -88.78756
v -145.60622 3.16000 -88.95000
v -146.05000 3.16000 -89.39378
v -146.21244 3.16000 -90.00000
v -146.05000 3.16000 -90.60622
v -145.60622 3.16000 -91.05000
v -145.00000 3.16000 -91.21244
v -144.39378 3.16000 -91.05000
v -143.95000 3.16000 -90.60622
v -144.30000 2.54508 -90.00000
v -144.39378 2.54508 -89.65000
v -144.65000 2.54508 -89.39378
v -145.00000 2.54508 -89.30000
v -145.35000 2.54508 -89.39378
v -145.60622 2.54508 -89.65000
v -145.70000 2.54508 -90.00000
v -145.60622 2.54508 -90.35000
v -145.35000 2.54508 -90.60622
v -145.00000 2.54508 -90.70000
v -144.65000 2.54508 -90.60622
v -144.39378 2.54508 -90.35000
v -145.00000 5.68000 -90.00000
v -145.00000 2.32000 -90.00000
v -97.78000 0.00000 -19.00000
v -97.78000 3.20000 -19.00000
v -97.82202 0.00000 -18.87069
v -97.82202 3.20000 -18.87069
v -97.93202 0.00000 -18.79077
v -97.93202 3.20000 -18.79077
v -98.06798 0.00000 -18.79077
v -98.06798 3.20000 -18.79077
v -98.17798 0.00000 -18.87069
v -98.17798 3.20000 -18.87069
v -98.22000 0.00000 -19.00000
v -98.22000 3.20000 -19.00000
v -98.17798 0.00000 -19.12931
v -98.17798 3.20000 -19.12931
v -98.06798 0.00000 -19.20923
v -98.06798 3.20000 -19.20923
v -97.93202 0.00000 -19.20923
v -97.93202 3.20000 -19.20923
v -97.82202 0.00000 -19.12931
v -97.82202 3.20000 -19.12931
v -97.30000 5.45492 -19.00000
v -97.39378 5.45492 -18.65000
v -97.65000 5.45492 -18.39378
v -98.00000 5.45492 -18.30000
v -98.35000 5.45492 -18.39378
v -98.60622 5.45492 -18.65000
v -98.70000 5.45492 -19.00000
v -98.60622 5.45492 -19.35000
v -98.35000 5.45492 -19.60622
v -98.00000 5.45492 -19.70000
v -97.65000 5.45492 -19.60622
v -97.39378 5.45492 -19.35000
v -96.78756 4.84000 -19.00000
v -96.95000 4.84000 -18.39378
v -97.39378 4.84000 -17.95000
v -98.00000 4.84000 -17.78756
v -98.60622 4.84000 -17.95000
v -99.05000 4.84000 -18.39378
v -99.21244 4.84000 -19.00000
v -99.05000 4.84000 -19.60622
v -98.60622 4.84000 -20.05000
v -98.00000 4.84000 -20.21244
v -97.39378 4.84000 -20.05000
v -96.95000 4.84000 -19.60622
v -96.60000 4.00000 -19.00000
v -96.78756 4.00000 -18.30000
v -97.30000 4.00000 -17.78756
v -98.00000 4.00000 -17.60000
v -98.70000 4.00000 -17.78756
v -99.21244 4.00000 -18.30000
v -99.40000 4.00000 -19.00000
v -99.21244 4.00000 -19.70000
v -98.70000 4.00000 -20.21244
v -98.00000 4.00000 -20.40000
v -97.30000 4.00000 -20.21244
v -96.78756 4.00000 -19.70000
v -96.78756 3.16000 -19.00000
v -96.95000 3.16000 -18.39378
v -97.39378 3.16000 -17.95000
v -98.00000 3.16000 -17.78756
v -98.60622 3.16000 -17.95000
v -99.05000 3.16000 -18.39378
v -99.21244 3.16000 -19.00000
v -99.05000 3.16000 -19.60622
v -98.60622 3.16000 -20.05000
v -98.00000 3.16000 -20.21244
v -97.39378 3.16000 -20.05000
v -96.95000 3.16000 -19.60622
v -97.30000 2.54508 -19.00000
v -97.39378 2.54508 -18.65000
v -97.65000 2.54508 -18.39378
v -98.00000 2.54508 -18.30000
v -98.35000 2.54508 -18.39378
v -98.60622 2.54508 -18.65000
v -98.70000 2.54508 -19.00000
v -98.60622 2.54508 -19.35000
v -98.35000 2.54508 -19.60622
v -98.00000 2.54508 -19.70000
v -97.65000 2.54508 -19.60622
v -97.39378 2.54508 -19.35000
v -98.00000 5.68000 -19.00000
v -98.00000 2.32000 -19.00000
v -50.78000 0.00000 52.00000
v -50.78000 3.20000 52.00000
v -50.82202 0.00000 52.12931
v -50.82202 3.20000 52.12931
v -50.93202 0.00000 52.20923
v -50.93202 3.20000 52.20923
v -51.06798 0.00000 52.20923
v -51.06798 3.20000 52.20923
v -51.17798 0.00000 52.12931
v -51.17798 3.20000 52.12931
v -51.22000 0.00000 52.00000
v -51.22000 3.20000 52.00000
v -51.17798 0.00000 51.87069
v -51.17798 3.20000 51.87069
v -51.06798 0.00000 51.79077
v -51.06798 3.20000 51.79077
v -50.93202 0.00000 51.79077
v -50.93202 3.20000 51.79077
v -50.82202 0.00000 51.87069
v -50.82202 3.20000 51.87069
v -50.30000 5.45492 52.00000
v -50.39378 5.45492 52.35000
v -50.65000 5.45492 52.60622
v -51.00000 5.45492 52.70000
v -51.35000 5.45492 52.60622
v -51.60622 5.45492 52.35000
v -51.70000 5.45492 52.00000
v -51.60622 5.45492 51.65000
v -51.35000 5.45492 51.39378
v -51.00000 5.45492 51.30000
v -50.65000 5.45492 51.39378
v -50.39378 5.45492 51.65000
v -49.78756 4.84000 52.00000
v -49.95000 4.84000 52.60622
v -50.39378 4.84000 53.05000
v -51.00000 4.84000 53.21244
v -51.60622 4.84000 53.05000
v -52.05000 4.84000 52.60622
v -52.21244 4.84000 52.00000
v -52.05000 4.84000 51.39378
v -51.60622 4.84000 50.95000
v -51.00000 4.84000 50.78756
v -50.39378 4.84000 50.95000
v -49.95000 4.84000 51.39378
v -49.60000 4.00000 52.00000
v -49.78756 4.00000 52.70000
v -50.30000 4.00000 53.21244
v -51.00000 4.00000 53.40000
v -51.70000 4.00000 53.21244
v -52.21244 4.00000 52.70000
v -52.40000 4.00000 52.00000
v -52.21244 4.00000 51.30000
v -51.70000 4.00000 50.78756
v -51.00000 4.00000 50.60000
v -50.30000 4.00000 50.78756
v -49.78756 4.00000 51.30000
v -49.78756 3.16000 52.00000
v -49.95000 3.16000 52.60622
v -50.39378 3.16000 53.05000
v -51.00000 3.16000 53.21244
v -51.60622 3.16000 53.05000
v -52.05000 3.16000 52.60622
v -52.21244 3.16000 52.00000
v -52.05000 3.16000 51.39378
v -51.60622 3.16000 50.95000
v -51.00000 3.16000 50.78756
v -50.39378 3.16000 50.95000
v -49.95000 3.16000 51.39378
v -50.30000 2.54508 52.00000
v -50.39378 2.54508 52.35000
v -50.65000 2.54508 52.60622
v -51.00000 2.54508 52.70000
v -51.35000 2.54508 52.60622
v -51.60622 2.54508 52.35000
v -51.70000 2.54508 52.00000
v -51.60622 2.54508 51.65000
v -51.35000 2.54508 51.39378
v -51.00000 2.54508 51.30000
v -50.65000 2.54508 51.39378
v -50.39378 2.54508 51.65000
v -51.00000 5.68000 52.00000
v -51.00000 2.32000 52.00000
v -3.78000 0.00000 123.00000
v -3.78000 3.20000 123.00000
v -3.82202 0.00000 123.12931
v -3.82202 3.20000 123.12931
v -3.93202 0.00000 123.20923
v -3.93202 3.20000 123.20923
v -4.06798 0.00000 123.20923
v -4.06798 3.20000 123.20923
v -4.17798 0.00000 123.12931
v -4.17798 3.20000 123.12931
v -4.22000 0.00000 123.00000
v -4.22000 3.20000 123.00000
v -4.17798 0.00000 122.87069
v -4.17798 3.20000 122.87069
v -4.06798 0.00000 122.79077
v -4.06798 3.20000 122.79077
v -3.93202 0.00000 122.79077
v -3.93202 3.20000 122.79077
v -3.82202 0.00000 122.87069
v -3.82202 3.20000 122.87069
v -3.30000 5.45492 123.00000
v -3.39378 5.45492 123.35000
v -3.65000 5.45492 123.60622
v -4.00000 5.45492 123.70000
v -4.35000 5.45492 123.60622
v -4.60622 5.45492 123.35000
v -4.70000 5.45492 123.00000
v -4.60622 5.45492 122.65000
v -4.35000 5.45492 122.39378
v -4.00000 5.45492 122.30000
v -3.65000 5.45492 122.39378
v -3.39378 5.45492 122.65000
v -2.78756 4.84000 123.00000
v -2.95000 4.84000 123.60622
v -3.39378 4.84000 124.05000
v -4.00000 4.84000 124.21244
v -4.60622 4.84000 124.05000
v -5.05000 4.84000 123.60622
v -5.21244 4.84000 123.00000
v -5.05000 4.84000 122.39378
v -4.60622 4.84000 121.95000
v -4.00000 4.84000 121.78756
v -3.39378 4.84000 121.95000
v -2.95000 4.84000 122.39378
v -2.60000 4.00000 123.00000
v -2.78756 4.00000 123.70000
v -3.30000 4.00000 124.21244
v -4.00000 4.00000 124.40000
v -4.70000 4.00000 124.21244
v -5.21244 4.00000 123.70000
v -5.40000 4.00000 123.00000
v -5.21244 4.00000 122.30000
v -4.70000 4.00000 121.78756
v -4.00000 4.00000 121.60000
v -3.30000 4.00000 121.78756
v -2.78756 4.00000 122.30000
v -2.78756 3.16000 123.00000
v -2.95000 3.16000 123.60622
v -3.39378 3.16000 124.05000
v -4.00000 3.16000 124.21244
v -4.60622 3.16000 124.05000
v -5.05000 3.16000 123.60622
v -5.21244 3.16000 123.00000
v -5.05000 3.16000 122.39378
v -4.60622 3.16000 121.95000
v -4.00000 3.16000 121.78756
v -3.39378 3.16000 121.95000
v -2.95000 3.16000 122.39378
v -3.30000 2.54508 123.00000
v -3.39378 2.54508 123.35000
v -3.65000 2.54508 123.60622
v -4.00000 2.54508 123.70000
v -4.35000 2.54508 123.60622
v -4.60622 2.54508 123.35000
v -4.70000 2.54508 123.00000
v -4.60622 2.54508 122.65000
v -4.35000 2.54508 122.39378
v -4.00000 2.54508 122.30000
v -3.65000 2.54508 122.39378
v -3.39378 2.54508 122.65000
v -4.00000 5.68000 123.00000
v -4.00000 2.32000 123.00000
v 43.22000 0.00000 -136.00000
v 43.22000 3.20000 -136.00000
v 43.17798 0.00000 -135.87069
v 43.17798 3.20000 -135.87069
v 43.06798 0.00000 -135.79077
v 43.06798 3.20000 -135.79077
v 42.93202 0.00000 -135.79077
v 42.93202 3.20000 -135.79077
v 42.82202 0.00000 -135.87069
v 42.82202 3.20000 -135.87069
v 42.78000 0.00000 -136.00000
v 42.78000 3.20000 -136.00000
v 42.82202 0.00000 -136.12931
v 42.82202 3.20000 -136.12931
v 42.93202 0.00000 -136.20923
v 42.93202 3.20000 -136.20923
v 43.06798 0.00000 -136.20923
v 43.06798 3.20000 -136.20923
v 43.17798 0.00000 -136.12931
v 43.17798 3.20000 -136.12931
v 43.70000 5.45492 -136.00000
v 43.60622 5.45492 -135.65000
v 43.35000 5.45492 -135.39378
v 43.00000 5.45492 -135.30000
v 42.65000 5.45492 -135.39378
v 42.39378 5.45492 -135.65000
v 42.30000 5.45492 -136.00000
v 42.39378 5.45492 -136.35000
v 42.65000 5.45492 -136.60622
v 43.00000 5.45492 -136.70000
v 43.35000 5.45492 -136.60622
v 43.60622 5.45492 -136.35000
v 44.21244 4.84000 -136.00000
v 44.05000 4.84000 -135.39378
v 43.60622 4.84000 -134.95000
v 43.00000 4.84000 -134.78756
v 42.39378 4.84000 -134.95000
v 41.95000 4.84000 -135.39378
v 41.78756 4.84000 -136.00000
v 41.95000 4.84000 -136.60622
v 42.39378 4.84000 -137.05000
v 43.00000 4.84000 -137.21244
v 43.60622 4.84000 -137.05000
v 44.05000 4.84000 -136.60622
v 44.40000 4.00000 -136.00000
v 44.21244 4.00000 -135.30000
v 43.70000 4.00000 -134.78756
v 43.00000 4.00000 -134.60000
v 42.30000 4.00000 -134.78756
v 41.78756 4.00000 -135.30000
v 41.60000 4.00000 -136.00000
v 41.78756 4.00000 -136.70000
v 42.30000 4.00000 -137.21244
v 43.00000 4.00000 -137.40000
v 43.70000 4.00000 -137.21244
v 44.21244 4.00000 -136.70000
v 44.21244 3.16000 -136.00000
v 44.05000 3.16000 -135.39378
v 43.60622 3.16000 -134.95000
v 43.00000 3.16000 -134.78756
v 42.39378 3.16000 -134.95000
v 41.95000 3.16000 -135.39378
v 41.78756 3.16000 -136.00000
v 41.95000 3.16000 -136.60622
v 42.39378 3.16000 -137.05000
v 43.00000 3.16000 -137.21244
v 43.60622 3.16000 -137.05000
v 44.05000 3.16000 -136.60622
v 43.70000 2.54508 -136.00000
v 43.60622 2.54508 -135.65000
v 43.35000 2.54508 -135.39378
v 43.00000 2.54508 -135.30000
v 42.65000 2.54508 -135.39378
v 42.39378 2.54508 -135.65000
v 42.30000 2.54508 -136.00000
v 42.39378 2.54508 -136.35000
v 42.65000 2.54508 -136.60622
v 43.00000 2.54508 -136.70000
v 43.35000 2.54508 -136.60622
v 43.60622 2.54508 -136.35000
v 43.00000 5.68000 -136.00000
v 43.00000 2.32000 -136.00000
v 90.22000 0.00000 -65.00000
v 90.22000 3.20000 -65.00000
v 90.17798 0.00000 -64.87069
v 90.17798 3.20000 -64.87069
v 90.06798 0.00000 -64.79077
v 90.06798 3.20000 -64.79077
v 89.93202 0.00000 -64.79077
v 89.93202 3.20000 -64.79077
v 89.82202 0.00000 -64.87069
v 89.82202 3.20000 -64.87069
v 89.78000 0.00000 -65.00000
v 89.78000 3.20000 -65.00000
v 89.82202 0.00000 -65.12931
v 89.82202 3.20000 -65.12931
v 89.93202 0.00000 -65.20923
v 89.93202 3.20000 -65.20923
v 90.06798 0.00000 -65.20923
v 90.06798 3.20000 -65.20923
v 90.17798 0.00000 -65.12931
v 90.17798 3.20000 -65.12931
v 90.70000 5.45492 -65.00000
v 90.60622 5.45492 -64.65000
v 90.35000 5.45492 -64.39378
v 90.00000 5.45492 -64.30000
v 89.65000 5.45492 -64.39378
v 89.39378 5.45492 -64.65000
v 89.30000 5.45492 -65.00000
v 89.39378 5.45492 -65.35000
v 89.65000 5.45492 -65.60622
v 90.00000 5.45492 -65.70000
v 90.35000 5.45492 -65.60622
v 90.60622 5.45492 -65.35000
v 91.21244 4.84000 -65.00000
v 91.05000 4.84000 -64.39378
v 90.60622 4.84000 -63.95000
v 90.00000 4.84000 -63.78756
v 89.39378 4.84000 -63.95000
v 88.95000 4.84000 -64.39378
v 88.78756 4.84000 -65.00000
v 88.95000 4.84000 -65.60622
v 89.39378 4.84000 -66.05000
v 90.00000 4.84000 -66.21244
v 90.60622 4.84000 -66.05000
v 91.05000 4.84000 -65.60622
v 91.40000 4.00000 -65.00000
v 91.21244 4.00000 -64.30000
v 90.70000 4.00000 -63.78756
v 90.00000 4.00000 -63.60000
v 89.30000 4.00000 -63.78756
v 88.78756 4.00000 -64.30000
v 88.60000 4.00000 -65.00000
v 88.78756 4.00000 -65.70000
v 89.30000 4.00000 -66.21244
v 90.00000 4.00000 -66.40000
v 90.70000 4.00000 -66.21244
v 91.21244 4.00000 -65.70000
v 91.21244 3.16000 -65.00000
v 91.05000 3.16000 -64.39378
v 90.60622 3.16000 -63.95000
v 90.00000 3.16000 -63.78756
v 89.39378 3.16000 -63.95000
v 88.95000 3.16000 -64.39378
v 88.78756 3.16000 -65.00000
v 88.95000 3.16000 -65.60622
v 89.39378 3.16000 -66.05000
v 90.00000 3.16000 -66.21244
v 90.60622 3.16000 -66.05000
v 91.05000 3.16000 -65.60622
v 90.70000 2.54508 -65.00000
v 90.60622 2.54508 -64.65000
v 90.35000 2.54508 -64.39378
v 90.00000 2.54508 -64.30000
v 89.65000 2.54508 -64.39378
v 89.39378 2.54508 -64.65000
v 89.30000 2.54508 -65.00000
v 89.39378 2.54508 -65.35000
v 89.65000 2.54508 -65.60622
v 90.00000 2.54508 -65.70000
v 90.35000 2.54508 -65.60622
v 90.60622 2.54508 -65.35000
v 90.00000 5.68000 -65.00000
v 90.00000 2.32000 -65.00000
v 137.22000 0.00000 6.00000
v 137.22000 3.20000 6.00000
v 137.17798 0.00000 6.12931
v 137.17798 3.20000 6.12931
v 137.06798 0.00000 6.20923
v 137.06798 3.20000 6.20923
v 136.93202 0.00000 6.20923
v 136.93202 3.20000 6.20923
v 136.82202 0.00000 6.12931
v 136.82202 3.20000 6.12931
v 136.78000 0.00000 6.00000
v 136.78000 3.20000 6.00000
v 136.82202 0.00000 5.87069
v 136.82202 3.20000 5.87069
v 136.93202 0.00000 5.79077
v 136.93202 3.20000 5.79077
v 137.06798 0.00000 5.79077
v 137.06798 3.20000 5.79077
v 137.17798 0.00000 5.87069
v 137.17798 3.20000 5.87069
v 137.70000 5.45492 6.00000
v 137.60622 5.45492 6.35000
v 137.35000 5.45492 6.60622
v 137.00000 5.45492 6.70000
v 136.65000 5.45492 6.60622
v 136.39378 5.45492 6.35000
v 136.30000 5.45492 6.00000
v 136.39378 5.45492 5.65000
v 136.65000 5.45492 5.39378
v 137.00000 5.45492 5.30000
v 137.35000 5.45492 5.39378
v 137.60622 5.45492 5.65000
v 138.21244 4.84000 6.00000
v 138.05000 4.84000 6.60622
v 137.60622 4.84000 7.05000
v 137.00000 4.84000 7.21244
v 136.39378 4.84000 7.05000
v 135.95000 4.84000 6.60622
v 135.78756 4.84000 6.00000
v 135.95000 4.84000 5.39378
v 136.39378 4.84000 4.95000
v 137.00000 4.84000 4.78756
v 137.60622 4.84000 4.95000
v 138.05000 4.84000 5.39378
v 138.40000 4.00000 6.00000
v 138.21244 4.00000 6.70000
v 137.70000 4.00000 7.21244
v 137.00000 4.00000 7.40000
v 136.30000 4.00000 7.21244
v 135.78756 4.00000 6.70000
v 135.60000 4.00000 6.00000
v 135.78756 4.00000 5.30000
v 136.30000 4.00000 4.78756
v 137.00000 4.00000 4.60000
v 137.70000 4.00000 4.78756
v 138.21244 4.00000 5.30000
v 138.21244 3.16000 6.00000
v 138.05000 3.16000 6.60622
v 137.60622 3.16000 7.05000
v 137.00000 3.16000 7.21244
v 136.39378 3.16000 7.05000
v 135.95000 3.16000 6.60622
v 135.78756 3.16000 6.00000
v 135.95000 3.16000 5.39378
v 136.39378 3.16000 4.95000
v 137.00000 3.16000 4.78756
v 137.60622 3.16000 4.95000
v 138.05000 3.16000 5.39378
v 137.70000 2.54508 6.00000
v 137.60622 2.54508 6.35000
v 137.35000 2.54508 6.60622
v 137.00000 2.54508 6.70000
v 136.65000 2.54508 6.60622
v 136.39378 2.54508 6.35000
v 136.30000 2.54508 6.00000
v 136.39378 2.54508 5.65000
v 136.65000 2.54508 5.39378
v 137.00000 2.54508 5.30000
v 137.35000 2.54508 5.39378
v 137.60622 2.54508 5.65000
v 137.00000 5.68000 6.00000
v 137.00000 2.32000 6.00000
v -155.78000 0.00000 77.00000
v -155.78000 3.20000 77.00000
v -155.82202 0.00000 77.12931
v -155.82202 3.20000 77.12931
v -155.93202 0.00000 77.20923
v -155.93202 3.20000 77.20923
v -156.06798 0.00000 77.20923
v -156.06798 3.20000 77.20923
v -156.17798 0.00000 77.12931
v -156.17798 3.20000 77.12931
v -156.22000 0.00000 77.00000
v -156.22000 3.20000 77.00000
v -156.17798 0.00000 76.87069
v -156.17798 3.20000 76.87069
v -156.06798 0.00000 76.79077
v -156.06798 3.20000 76.79077
v -155.93202 0.00000 76.79077
v -155.93202 3.20000 76.79077
v -155.82202 0.00000 76.87069
v -155.82202 3.20000 76.87069
v -155.30000 5.45492 77.00000
v -155.39378 5.45492 77.35000
v -155.65000 5.45492 77.60622
v -156.00000 5.45492 77.70000
v -156.35000 5.45492 77.60622
v -156.60622 5.45492 77.35000
v -156.70000 5.45492 77.00000
v -156.60622 5.45492 76.65000
v -156.35000 5.45492 76.39378
v -156.00000 5.45492 76.30000
v -155.65000 5.45492 76.39378
v -155.39378 5.45492 76.65000
v -154.78756 4.84000 77.00000
v -154.95000 4.84000 77.60622
v -155.39378 4.84000 78.05000
v -156.00000 4.84000 78.21244
v -156.60622 4.84000 78.05000
v -157.05000 4.84000 77.60622
v -157.21244 4.84000 77.00000
v -157.05000 4.84000 76.39378
v -156.60622 4.84000 75.95000
v -156.00000 4.84000 75.78756
v -155.39378 4.84000 75.95000
v -154.95000 4.84000 76.39378
v -154.60000 4.00000 77.00000
v -154.78756 4.00000 77.70000
v -155.30000 4.00000 78.21244
v -156.00000 4.00000 78.40000
v -156.70000 4.00000 78.21244
v -157.21244 4.00000 77.70000
v -157.40000 4.00000 77.00000
v -157.21244 4.00000 76.30000
v -156.70000 4.00000 75.78756
v -156.00000 4.00000 75.60000
v -155.30000 4.00000 75.78756
v -154.78756 4.00000 76.30000
v -154.78756 3.16000 77.00000
v -154.95000 3.16000 77.60622
v -155.39378 3.16000 78.05000
v -156.00000 3.16000 78.21244
v -156.60622 3.16000 78.05000
v -157.05000 3.16000 77.60622
v -157.21244 3.16000 77.00000
v -157.05000 3.16000 76.39378
v -156.60622 3.16000 75.95000
v -156.00000 3.16000 75.78756
v -155.39378 3.16000 75.95000
v -154.95000 3.16000 76.39378
v -155.30000 2.54508 77.00000
v -155.39378 2.54508 77.35000
v -155.65000 2.54508 77.60622
v -156.00000 2.54508 77.70000
v -156.35000 2.54508 77.60622
v -156.60622 2.54508 77.35000
v -156.70000 2.54508 77.00000
v -156.60622 2.54508 76.65000
v -156.35000 2.54508 76.39378
v -156.00000 2.54508 76.30000
v -155.65000 2.54508 76.39378
v -155.39378 2.54508 76.65000
v -156.00000 5.68000 77.00000
v -156.00000 2.32000 77.00000
v -108.78000 0.00000 148.00000
v -108.78000 3.20000 148.00000
v -108.82202 0.00000 148.12931
v -108.82202 3.20000 148.12931
v -108.93202 0.00000 148.20923
v -108.93202 3.20000 148.20923
v -109.06798 0.00000 148.20923
v -109.06798 3.20000 148.20923
v -109.17798 0.00000 148.12931
v -109.17798 3.20000 148.12931
v -109.22000 0.00000 148.00000
v -109.22000 3.20000 148.00000
v -109.17798 0.00000 147.87069
v -109.17798 3.20000 147.87069
v -109.06798 0.00000 147.79077
v -109.06798 3.20000 147.79077
v -108.93202 0.00000 147.79077
v -108.93202 3.20000 147.79077
v -108.82202 0.00000 147.87069
v -108.82202 3.20000 147.87069
v -108.30000 5.45492 148.00000
v -108.39378 5.45492 148.35000
v -108.65000 5.45492 148.60622
v -109.00000 5.45492 148.70000
v -109.35000 5.45492 148.60622
v -109.60622 5.45492 148.35000
v -109.70000 5.45492 148.00000
v -109.60622 5.45492 147.65000
v -109.35000 5.45492 147.39378
v -109.00000 5.45492 147.30000
v -108.65000 5.45492 147.39378
v -108.39378 5.45492 147.65000
v -107.78756 4.84000 148.00000
v -107.95000 4.84000 148.60622
v -108.39378 4.84000 149.05000
v -109.00000 4.84000 149.21244
v -109.60622 4.84000 149.05000
v -110.05000 4.84000 148.60622
v -110.21244 4.84000 148.00000
v -110.05000 4.84000 147.39378
v -109.60622 4.84000 146.95000
v -109.00000 4.84000 146.78756
v -108.39378 4.84000 146.95000
v -107.95000 4.84000 147.39378
v -107.60000 4.00000 148.00000
v -107.78756 4.00000 148.70000
v -108.30000 4.00000 149.21244
v -109.00000 4.00000 149.40000
v -109.70000 4.00000 149.21244
v -110.21244 4.00000 148.70000
v -110.40000 4.00000 148.00000
v -110.21244 4.00000 147.30000
v -109.70000 4.00000 146.78756
v -109.00000 4.00000 146.60000
v -108.30000 4.00000 146.78756
v -107.78756 4.00000 147.30000
v -107.78756 3.16000 148.00000
v -107.95000 3.16000 148.60622
v -108.39378 3.16000 149.05000
v -109.00000 3.16000 149.21244
v -109.60622 3.16000 149.05000
v -110.05000 3.16000 148.60622
v -110.21244 3.16000 148.00000
v -110.05000 3.16000 147.39378
v -109.60622 3.16000 146.95000
v -109.00000 3.16000 146.78756
v -108.39378 3.16000 146.95000
v -107.95000 3.16000 147.39378
v -108.30000 2.54508 148.00000
v -108.39378 2.54508 148.35000
v -108.65000 2.54508 148.60622
v -109.00000 2.54508 148.70000
v -109.35000 2.54508 148.60622
v -109.60622 2.54508 148.35000
v -109.70000 2.54508 148.00000
v -109.60622 2.54508 147.65000
v -109.35000 2.54508 147.39378
v -109.00000 2.54508 147.30000
v -108.65000 2.54508 147.39378
v -108.39378 2.54508 147.65000
v -109.00000 5.68000 148.00000
v -109.00000 2.32000 148.00000
v -61.78000 0.00000 -111.00000
v -61.78000 3.20000 -111.00000
v -61.82202 0.00000 -110.87069
v -61.82202 3.20000 -110.87069
v -61.93202 0.00000 -110.79077
v -61.93202 3.20000 -110.79077
v -62.06798 0.00000 -110.79077
v -62.06798 3.20000 -110.79077
v -62.17798 0.00000 -110.87069
v -62.17798 3.20000 -110.87069
v -62.22000 0.00000 -111.00000
v -62.22000 3.20000 -111.00000
v -62.17798 0.00000 -111.12931
v -62.17798 3.20000 -111.12931
v -62.06798 0.00000 -111.20923
v -62.06798 3.20000 -111.20923
v -61.93202 0.00000 -111.20923
v -61.93202 3.20000 -111.20923
v -61.82202 0.00000 -111.12931
v -61.82202 3.20000 -111.12931
v -61.30000 5.45492 -111.00000
v -61.39378 5.45492 -110.65000
v -61.65000 5.45492 -110.39378
v -62.00000 5.45492 -110.30000
v -62.35000 5.45492 -110.39378
v -62.60622 5.45492 -110.65000
v -62.70000 5.45492 -111.00000
v -62.60622 5.45492 -111.35000
v -62.35000 5.45492 -111.60622
v -62.00000 5.45492 -111.70000
v -61.65000 5.45492 -111.60622
v -61.39378 5.45492 -111.35000
v -60.78756 4.84000 -111.00000
v -60.95000 4.84000 -110.39378
v -61.39378 4.84000 -109.95000
v -62.00000 4.84000 -109.78756
v -62.60622 4.84000 -109.95000
v -63.05000 4.84000 -110.39378
v -63.21244 4.84000 -111.00000
v -63.05000 4.84000 -111.60622
v -62.60622 4.84000 -112.05000
v -62.00000 4.84000 -112.21244
v -61.39378 4.84000 -112.05000
v -60.95000 4.84000 -111.60622
v -60.60000 4.00000 -111.00000
v -60.78756 4.00000 -110.30000
v -61.30000 4.00000 -109.78756
v -62.00000 4.00000 -109.60000
v -62.70000 4.00000 -109.78756
v -63.21244 4.00000 -110.30000
v -63.40000 4.00000 -111.00000
v -63.21244 4.00000 -111.70000
v -62.70000 4.00000 -112.21244
v -62.00000 4.00000 -112.40000
v -61.30000 4.00000 -112.21244
v -60.78756 4.00000 -111.70000
v -60.78756 3.16000 -111.00000
v -60.95000 3.16000 -110.39378
v -61.39378 3.16000 -109.95000
v -62.00000 3.16000 -109.78756
v -62.60622 3.16000 -109.95000
v -63.05000 3.16000 -110.39378
v -63.21244 3.16000 -111.00000
v -63.05000 3.16000 -111.60622
v -62.60622 3.16000 -112.05000
v -62.00000 3.16000 -112.21244
v -61.39378 3.16000 -112.05000
v -60.95000 3.16000 -111.60622
v -61.30000 2.54508 -111.00000
v -61.39378 2.54508 -110.65000
v -61.65000 2.54508 -110.39378
v -62.00000 2.54508 -110.30000
v -62.35000 2.54508 -110.39378
v -62.60622 2.54508 -110.65000
v -62.70000 2.54508 -111.00000
v -62.60622 2.54508 -111.35000
v -62.35000 2.54508 -111.60622
v -62.00000 2.54508 -111.70000
v -61.65000 2.54508 -111.60622
v -61.39378 2.54508 -111.35000
v -62.00000 5.68000 -111.00000
v -62.00000 2.32000 -111.00000
v -14.78000 0.00000 -40.00000
v -14.78000 3.20000 -40.00000
v -14.82202 0.00000 -39.87069
v -14.82202 3.20000 -39.87069
v -14.93202 0.00000 -39.79077
v -14.93202 3.20000 -39.79077
v -15.06798 0.00000 -39.79077
v -15.06798 3.20000 -39.79077
v -15.17798 0.00000 -39.87069
v -15.17798 3.20000 -39.87069
v -15.22000 0.00000 -40.00000
v -15.22000 3.20000 -40.00000
v -15.17798 0.00000 -40.12931
v -15.17798 3.20000 -40.12931
v -15.06798 0.00000 -40.20923
v -15.06798 3.20000 -40.20923
v -14.93202 0.00000 -40.20923
v -14.93202 3.20000 -40.20923
v -14.82202 0.00000 -40.12931
v -14.82202 3.20000 -40.12931
v -14.30000 5.45492 -40.00000
v -14.39378 5.45492 -39.65000
v -14.65000 5.45492 -39.39378
v -15.00000 5.45492 -39.30000
v -15.35000 5.45492 -39.39378
v -15.60622 5.45492 -39.65000
v -15.70000 5.45492 -40.00000
v -15.60622 5.45492 -40.35000
v -15.35000 5.45492 -40.60622
v -15.00000 5.45492 -40.70000
v -14.65000 5.45492 -40.60622
v -14.39378 5.45492 -40.35000
v -13.78756 4.84000 -40.00000
v -13.95000 4.84000 -39.39378
v -14.39378 4.84000 -38.95000
v -15.00000 4.84000 -38.78756
v -15.60622 4.84000 -38.95000
v -16.05000 4.84000 -39.39378
v -16.21244 4.84000 -40.00000
v -16.05000 4.84000 -40.60622
v -15.60622 4.84000 -41.05000
v -15.00000 4.84000 -41.21244
v -14.39378 4.84000 -41.05000
v -13.95000 4.84000 -40.60622
v -13.60000 4.00000 -40.00000
v -13.78756 4.00000 -39.30000
v -14.30000 4.00000 -38.78756
v -15.00000 4.00000 -38.60000
v -15.70000 4.00000 -38.78756
v -16.21244 4.00000 -39.30000
v -16.40000 4.00000 -40.00000
v -16.21244 4.00000 -40.70000
v -15.70000 4.00000 -41.21244
v -15.00000 4.00000 -41.40000
v -14.30000 4.00000 -41.21244
v -13.78756 4.00000 -40.70000
v -13.78756 3.16000 -40.00000
v -13.95000 3.16000 -39.39378
v -14.39378 3.16000 -38.95000
v -15.00000 3.16000 -38.78756
v -15.60622 3.16000 -38.95000
v -16.05000 3.16000 -39.39378
v -16.21244 3.16000 -40.00000
v -16.05000 3.16000 -40.60622
v -15.60622 3.16000 -41.05000
v -15.00000 3.16000 -41.21244
v -14.39378 3.16000 -41.05000
v -13.95000 3.16000 -40.60622
v -14.30000 2.54508 -40.00000
v -14.39378 2.54508 -39.65000
v -14.65000 2.54508 -39.39378
v -15.00000 2.54508 -39.30000
v -15.35000 2.54508 -39.39378
v -15.60622 2.54508 -39.65000
v -15.70000 2.54508 -40.00000
v -15.60622 2.54508 -40.35000
v -15.35000 2.54508 -40.60622
v -15.00000 2.54508 -40.70000
v -14.65000 2.54508 -40.60622
v -14.39378 2.54508 -40.35000
v -15.00000 5.68000 -40.00000
v -15.00000 2.32000 -40.00000
v 32.22000 0.00000 31.00000
v 32.22000 3.20000 31.00000
v 32.17798 0.00000 31.12931
v 32.17798 3.20000 31.12931
v 32.06798 0.00000 31.20923
v 32.06798 3.20000 31.20923
v 31.93202 0.00000 31.20923
v 31.93202 3.20000 31.20923
v 31.82202 0.00000 31.12931
v 31.82202 3.20000 31.12931
v 31.78000 0.00000 31.00000
v 31.78000 3.20000 31.00000
v 31.82202 0.00000 30.87069
v 31.82202 3.20000 30.87069
v 31.93202 0.00000 30.79077
v 31.93202 3.20000 30.79077
v 32.06798 0.00000 30.79077
v 32.06798 3.20000 30.79077
v 32.17798 0.00000 30.87069
v 32.17798 3.20000 30.87069
v 32.70000 5.45492 31.00000
v 32.60622 5.45492 31.35000
v 32.35000 5.45492 31.60622
v 32.00000 5.45492 31.70000
v 31.65000 5.45492 31.60622
v 31.39378 5.45492 31.35000
v 31.30000 5.45492 31.00000
v 31.39378 5.45492 30.65000
v 31.65000 5.45492 30.39378
v 32.00000 5.45492 30.30000
v 32.35000 5.45492 30.39378
v 32.60622 5.45492 30.65000
v 33.21244 4.84000 31.00000
v 33.05000 4.84000 31.60622
v 32.60622 4.84000 32.05000
v 32.00000 4.84000 32.21244
v 31.39378 4.84000 32.05000
v 30.95000 4.84000 31.60622
v 30.78756 4.84000 31.00000
v 30.95000 4.84000 30.39378
v 31.39378 4.84000 29.95000
v 32.00000 4.84000 29.78756
v 32.60622 4.84000 29.95000
v 33.05000 4.84000 30.39378
v 33.40000 4.00000 31.00000
v 33.21244 4.00000 31.70000
v 32.70000 4.00000 32.21244
v 32.00000 4.00000 32.40000
v 31.30000 4.00000 32.21244
v 30.78756 4.00000 31.70000
v 30.60000 4.00000 31.00000
v 30.78756 4.00000 30.30000
v 31.30000 4.00000 29.78756
v 32.00000 4.00000 29.60000
v 32.70000 4.00000 29.78756
v 33.21244 4.00000 30.30000
v 33.21244 3.16000 31.00000
v 33.05000 3.16000 31.60622
v 32.60622 3.16000 32.05000
v 32.00000 3.16000 32.21244
v 31.39378 3.16000 32.05000
v 30.95000 3.16000 31.60622
v 30.78756 3.16000 31.00000
v 30.95000 3.16000 30.39378
v 31.39378 3.16000 29.95000
v 32.00000 3.16000 29.78756
v 32.60622 3.16000 29.95000
v 33.05000 3.16000 30.39378
v 32.70000 2.54508 31.00000
v 32.60622 2.54508 31.35000
v 32.35000 2.54508 31.60622
v 32.00000 2.54508 31.70000
v 31.65000 2.54508 31.60622
v 31.39378 2.54508 31.35000
v 31.30000 2.54508 31.00000
v 31.39378 2.54508 30.65000
v 31.65000 2.54508 30.39378
v 32.00000 2.54508 30.30000
v 32.35000 2.54508 30.39378
v 32.60622 2.54508 30.65000
v 32.00000 5.68000 31.00000
v 32.00000 2.32000 31.00000
v 79.22000 0.00000 102.00000
v 79.22000 3.20000 102.00000
v 79.17798 0.00000 102.12931
v 79.17798 3.20000 102.12931
v 79.06798 0.00000 102.20923
v 79.06798 3.20000 102.20923
v 78.93202 0.00000 102.20923
v 78.93202 3.20000 102.20923
v 78.82202 0.00000 102.12931
v 78.82202 3.20000 102.12931
v 78.78000 0.00000 102.00000
v 78.78000 3.20000 102.00000
v 78.82202 0.00000 101.87069
v 78.82202 3.20000 101.87069
v 78.93202 0.00000 101.79077
v 78.93202 3.20000 101.79077
v 79.06798 0.00000 101.79077
v 79.06798 3.20000 101.79077
v 79.17798 0.00000 101.87069
v 79.17798 3.20000 101.87069
v 79.70000 5.45492 102.00000
v 79.60622 5.45492 102.35000
v 79.35000 5.45492 102.60622
v 79.00000 5.45492 102.70000
v 78.65000 5.45492 102.60622
v 78.39378 5.45492 102.35000
v 78.30000 5.45492 102.00000
v 78.39378 5.45492 101.65000
v 78.65000 5.45492 101.39378
v 79.00000 5.45492 101.30000
v 79.35000 5.45492 101.39378
v 79.60622 5.45492 101.65000
v 80.21244 4.84000 102.00000
v 80.05000 4.84000 102.60622
v 79.60622 4.84000 103.05000
v 79.00000 4.84000 103.21244
v 78.39378 4.84000 103.05000
v 77.95000 4.84000 102.60622
v 77.78756 4.84000 102.00000
v 77.95000 4.84000 101.39378
v 78.39378 4.84000 100.95000
v 79.00000 4.84000 100.78756
v 79.60622 4.84000 100.95000
v 80.05000 4.84000 101.39378
v 80.40000 4.00000 102.00000
v 80.21244 4.00000 102.70000
v 79.70000 4.00000 103.21244
v 79.00000 4.00000 103.40000
v 78.30000 4.00000 103.21244
v 77.78756 4.00000 102.70000
v 77.60000 4.00000 102.00000
v 77.78756 4.00000 101.30000
v 78.30000 4.00000 100.78756
v 79.00000 4.00000 100.60000
v 79.70000 4.00000 100.78756
v 80.21244 4.00000 101.30000
v 80.21244 3.16000 102.00000
v 80.05000 3.16000 102.60622
v 79.60622 3.16000 103.05000
v 79.00000 3.16000 103.21244
v 78.39378 3.16000 103.05000
v 77.95000 3.16000 102.60622
v 77.78756 3.16000 102.00000
v 77.95000 3.16000 101.39378
v 78.39378 3.16000 100.95000
v 79.00000 3.16000 100.78756
v 79.60622 3.16000 100.95000
v 80.05000 3.16000 101.39378
v 79.70000 2.54508 102.00000
v 79.60622 2.54508 102.35000
v 79.35000 2.54508 102.60622
v 79.00000 2.54508 102.70000
v 78.65000 2.54508 102.60622
v 78.39378 2.54508 102.35000
v 78.30000 2.54508 102.00000
v 78.39378 2.54508 101.65000
v 78.65000 2.54508 101.39378
v 79.00000 2.54508 101.30000
v 79.35000 2.54508 101.39378
v 79.60622 2.54508 101.65000
v 79.00000 5.68000 102.00000
v 79.00000 2.32000 102.00000
v 126.22000 0.00000 -157.00000
v 126.22000 3.20000 -157.00000
v 126.17798 0.00000 -156.87069
v 126.17798 3.20000 -156.87069
v 126.06798 0.00000 -156.79077
v 126.06798 3.20000 -156.79077
v 125.93202 0.00000 -156.79077
v 125.93202 3.20000 -156.79077
v 125.82202 0.00000 -156.87069
v 125.82202 3.20000 -156.87069
v 125.78000 0.00000 -157.00000
v 125.78000 3.20000 -157.00000
v 125.82202 0.00000 -157.12931
v 125.82202 3.20000 -157.12931
v 125.93202 0.00000 -157.20923
v 125.93202 3.20000 -157.20923
v 126.06798 0.00000 -157.20923
v 126.06798 3.20000 -157.20923
v 126.17798 0.00000 -157.12931
v 126.17798 3.20000 -157.12931
v 126.70000 5.45492 -157.00000
v 126.60622 5.45492 -156.65000
v 126.35000 5.45492 -156.39378
v 126.00000 5.45492 -156.30000
v 125.65000 5.45492 -156.39378
v 125.39378 5.45492 -156.65000
v 125.30000 5.45492 -157.00000
v 125.39378 5.45492 -157.35000
v 125.65000 5.45492 -157.60622
v 126.00000 5.45492 -157.70000
v 126.35000 5.45492 -157.60622
v 126.60622 5.45492 -157.35000
v 127.21244 4.84000 -157.00000
v 127.05000 4.84000 -156.39378
v 126.60622 4.84000 -155.95000
v 126.00000 4.84000 -155.78756
v 125.39378 4.84000 -155.95000
v 124.95000 4.84000 -156.39378
v 124.78756 4.84000 -157.00000
v 124.95000 4.84000 -157.60622
v 125.39378 4.84000 -158.05000
v 126.00000 4.84000 -158.21244
v 126.60622 4.84000 -158.05000
v 127.05000 4.84000 -157.60622
v 127.40000 4.00000 -157.00000
v 127.21244 4.00000 -156.30000
v 126.70000 4.00000 -155.78756
v 126.00000 4.00000 -155.60000
v 125.30000 4.00000 -155.78756
v 124.78756 4.00000 -156.30000
v 124.60000 4.00000 -157.00000
v 124.78756 4.00000 -157.70000
v 125.30000 4.00000 -158.21244
v 126.00000 4.00000 -158.40000
v 126.70000 4.00000 -158.21244
v 127.21244 4.00000 -157.70000
v 127.21244 3.16000 -157.00000
v 127.05000 3.16000 -156.39378
v 126.60622 3.16000 -155.95000
v 126.00000 3.16000 -155.78756
v 125.39378 3.16000 -155.95000
v 124.95000 3.16000 -156.39378
v 124.78756 3.16000 -157.00000
v 124.95000 3.16000 -157.60622
v 125.39378 3.16000 -158.05000
v 126.00000 3.16000 -158.21244
v 126.60622 3.16000 -158.05000
v 127.05000 3.16000 -157.60622
v 126.70000 2.54508 -157.00000
v 126.60622 2.54508 -156.65000
v 126.35000 2.54508 -156.39378
v 126.00000 2.54508 -156.30000
v 125.65000 2.54508 -156.39378
v 125.39378 2.54508 -156.65000
v 125.30000 2.54508 -157.00000
v 125.39378 2.54508 -157.35000
v 125.65000 2.54508 -157.60622
v 126.00000 2.54508 -157.70000
v 126.35000 2.54508 -157.60622
v 126.60622 2.54508 -157.35000
v 126.00000 5.68000 -157.00000
v 126.00000 2.32000 -157.00000
v -166.78000 0.00000 -86.00000
v -166.78000 3.20000 -86.00000
v -166.82202 0.00000 -85.87069
v -166.82202 3.20000 -85.87069
v -166.93202 0.00000 -85.79077
v -166.93202 3.20000 -85.79077
v -167.06798 0.00000 -85.79077
v -167.06798 3.20000 -85.79077
v -167.17798 0.00000 -85.87069
v -167.17798 3.20000 -85.87069
v -167.22000 0.00000 -86.00000
v -167.22000 3.20000 -86.00000
v -167.17798 0.00000 -86.12931
v -167.17798 3.20000 -86.12931
v -167.06798 0.00000 -86.20923
v -167.06798 3.20000 -86.20923
v -166.93202 0.00000 -86.20923
v -166.93202 3.20000 -86.20923
v -166.82202 0.00000 -86.12931
v -166.82202 3.20000 -86.12931
v -166.30000 5.45492 -86.00000
v -166.39378 5.45492 -85.65000
v -166.65000 5.45492 -85.39378
v -167.00000 5.45492 -85.30000
v -167.35000 5.45492 -85.39378
v -167.60622 5.45492 -85.65000
v -167.70000 5.45492 -86.00000
v -167.60622 5.45492 -86.35000
v -167.35000 5.45492 -86.60622
v -167.00000 5.45492 -86.70000
v -166.65000 5.45492 -86.60622
v -166.39378 5.45492 -86.35000
v -165.78756 4.84000 -86.00000
v -165.95000 4.84000 -85.39378
v -166.39378 4.84000 -84.95000
v -167.00000 4.84000 -84.78756
v -167.60622 4.84000 -84.95000
v -168.05000 4.84000 -85.39378
v -168.21244 4.84000 -86.00000
v -168.05000 4.84000 -86.60622
v -167.60622 4.84000 -87.05000
v -167.00000 4.84000 -87.21244
v -166.39378 4.84000 -87.05000
v -165.95000 4.84000 -86.60622
v -165.60000 4.00000 -86.00000
v -165.78756 4.00000 -85.30000
v -166.30000 4.00000 -84.78756
v -167.00000 4.00000 -84.60000
v -167.70000 4.00000 -84.78756
v -168.21244 4.00000 -85.30000
v -168.40000 4.00000 -86.00000
v -168.21244 4.00000 -86.70000
v -167.70000 4.00000 -87.21244
v -167.00000 4.00000 -87.40000
v -166.30000 4.00000 -87.21244
v -165.78756 4.00000 -86.70000
v -165.78756 3.16000 -86.00000
v -165.95000 3.16000 -85.39378
v -166.39378 3.16000 -84.95000
v -167.00000 3.16000 -84.78756
v -167.60622 3.16000 -84.95000
v -168.05000 3.16000 -85.39378
v -168.21244 3.16000 -86.00000
v -168.05000 3.16000 -86.60622
v -167.60622 3.16000 -87.05000
v -167.00000 3.16000 -87.21244
v -166.39378 3.16000 -87.05000
v -165.95000 3.16000 -86.60622
v -166.30000 2.54508 -86.00000
v -166.39378 2.54508 -85.65000
v -166.65000 2.54508 -85.39378
v -167.00000 2.54508 -85.30000
v -167.35000 2.54508 -85.39378
v -167.60622 2.54508 -85.65000
v -167.70000 2.54508 -86.00000
v -167.60622 2.54508 -86.35000
v -167.35000 2.54508 -86.60622
v -167.00000 2.54508 -86.70000
v -166.65000 2.54508 -86.60622
v -166.39378 2.54508 -86.35000
v -167.00000 5.68000 -86.00000
v -167.00000 2.32000 -86.00000
v -119.78000 0.00000 -15.00000
v -119.78000 3.20000 -15.00000
v -119.82202 0.00000 -14.87069
v -119.82202 3.20000 -14.87069
v -119.93202 0.00000 -14.79077
v -119.93202 3.20000 -14.79077
v -120.06798 0.00000 -14.79077
v -120.06798 3.20000 -14.79077
v -120.17798 0.00000 -14.87069
v -120.17798 3.20000 -14.87069
v -120.22000 0.00000 -15.00000
v -120.22000 3.20000 -15.00000
v -120.17798 0.00000 -15.12931
v -120.17798 3.20000 -15.12931
v -120.06798 0.00000 -15.20923
v -120.06798 3.20000 -15.20923
v -119.93202 0.00000 -15.20923
v -119.93202 3.20000 -15.20923
v -119.82202 0.00000 -15.12931
v -119.82202 3.20000 -15.12931
v -119.30000 5.45492 -15.00000
v -119.39378 5.45492 -14.65000
v -119.65000 5.45492 -14.39378
v -120.00000 5.45492 -14.30000
v -120.35000 5.45492 -14.39378
v -120.60622 5.45492 -14.65000
v -120.70000 5.45492 -15.00000
v -120.60622 5.45492 -15.35000
v -120.35000 5.45492 -15.60622
v -120.00000 5.45492 -15.70000
v -119.65000 5.45492 -15.60622
v -119.39378 5.45492 -15.35000
v -118.78756 4.84000 -15.00000
v -118.95000 4.84000 -14.39378
v -119.39378 4.84000 -13.95000
v -120.00000 4.84000 -13.78756
v -120.60622 4.84000 -13.95000
v -121.05000 4.84000 -14.39378
v -121.21244 4.84000 -15.00000
v -121.05000 4.84000 -15.60622
v -120.60622 4.84000 -16.05000
v -120.00000 4.84000 -16.21244
v -119.39378 4.84000 -16.05000
v -118.95000 4.84000 -15.60622
v -118.60000 4.00000 -15.00000
v -118.78756 4.00000 -14.30000
v -119.30000 4.00000 -13.78756
v -120.00000 4.00000 -13.60000
v -120.70000 4.00000 -13.78756
v -121.21244 4.00000 -14.30000
v -121.40000 4.00000 -15.00000
v -121.21244 4.00000 -15.70000
v -120.70000 4.00000 -16.21244
v -120.00000 4.00000 -16.40000
v -119.30000 4.00000 -16.21244
v -118.78756 4.00000 -15.70000
v -118.78756 3.16000 -15.00000
v -118.95000 3.16000 -14.39378
v -119.39378 3.16000 -13.95000
v -120.00000 3.16000 -13.78756
v -120.60622 3.16000 -13.95000
v -121.05000 3.16000 -14.39378
v -121.21244 3.16000 -15.00000
v -121.05000 3.16000 -15.60622
v -120.60622 3.16000 -16.05000
v -120.00000 3.16000 -16.21244
v -119.39378 3.16000 -16.05000
v -118.95000 3.16000 -15.60622
v -119.30000 2.54508 -15.00000
v -119.39378 2.54508 -14.65000
v -119.65000 2.54508 -14.39378
v -120.00000 2.54508 -14.30000
v -120.35000 2.54508 -14.39378
v -120.60622 2.54508 -14.65000
v -120.70000 2.54508 -15.00000
v -120.60622 2.54508 -15.35000
v -120.35000 2.54508 -15.60622
v -120.00000 2.54508 -15.70000
v -119.65000 2.54508 -15.60622
v -119.39378 2.54508 -15.35000
v -120.00000 5.68000 -15.00000
v -120.00000 2.32000 -15.00000
v -72.78000 0.00000 56.00000
v -72.78000 3.20000 56.00000
v -72.82202 0.00000 56.12931
v -72.82202 3.20000 56.12931
v -72.93202 0.00000 56.20923
v -72.93202 3.20000 56.20923
v -73.06798 0.00000 56.20923
v -73.06798 3.20000 56.20923
v -73.17798 0.00000 56.12931
v -73.17798 3.20000 56.12931
v -73.22000 0.00000 56.00000
v -73.22000 3.20000 56.00000
v -73.17798 0.00000 55.87069
v -73.17798 3.20000 55.87069
v -73.06798 0.00000 55.79077
v -73.06798 3.20000 55.79077
v -72.93202 0.00000 55.79077
v -72.93202 3.20000 55.79077
v -72.82202 0.00000 55.87069
v -72.82202 3.20000 55.87069
v -72.30000 5.45492 56.00000
v -72.39378 5.45492 56.35000
v -72.65000 5.45492 56.60622
v -73.00000 5.45492 56.70000
v -73.35000 5.45492 56.60622
v -73.60622 5.45492 56.35000
v -73.70000 5.45492 56.00000
v -73.60622 5.45492 55.65000
v -73.35000 5.45492 55.39378
v -73.00000 5.45492 55.30000
v -72.65000 5.45492 55.39378
v -72.39378 5.45492 55.65000
v -71.78756 4.84000 56.00000
v -71.95000 4.84000 56.60622
v -72.39378 4.84000 57.05000
v -73.00000 4.84000 57.21244
v -73.60622 4.84000 57.05000
v -74.05000 4.84000 56.60622
v -74.21244 4.84000 56.00000
v -74.05000 4.84000 55.39378
v -73.60622 4.84000 54.95000
v -73.00000 4.84000 54.78756
v -72.39378 4.84000 54.95000
v -71.95000 4.84000 55.39378
v -71.60000 4.00000 56.00000
v -71.78756 4.00000 56.70000
v -72.30000 4.00000 57.21244
v -73.00000 4.00000 57.40000
v -73.70000 4.00000 57.21244
v -74.21244 4.00000 56.70000
v -74.40000 4.00000 56.00000
v -74.21244 4.00000 55.30000
v -73.70000 4.00000 54.78756
v -73.00000 4.00000 54.60000
v -72.30000 4.00000 54.78756
v -71.78756 4.00000 55.30000
v -71.78756 3.16000 56.00000
v -71.95000 3.16000 56.60622
v -72.39378 3.16000 57.05000
v -73.00000 3.16000 57.21244
v -73.60622 3.16000 57.05000
v -74.05000 3.16000 56.60622
v -74.21244 3.16000 56.00000
v -74.05000 3.16000 55.39378
v -73.60622 3.16000 54.95000
v -73.00000 3.16000 54.78756
v -72.39378 3.16000 54.95000
v -71.95000 3.16000 55.39378
v -72.30000 2.54508 56.00000
v -72.39378 2.54508 56.35000
v -72.65000 2.54508 56.60622
v -73.00000 2.54508 56.70000
v -73.35000 2.54508 56.60622
v -73.60622 2.54508 56.35000
v -73.70000 2.54508 56.00000
v -73.60622 2.54508 55.65000
v -73.35000 2.54508 55.39378
v -73.00000 2.54508 55.30000
v -72.65000 2.54508 55.39378
v -72.39378 2.54508 55.65000
v -73.00000 5.68000 56.00000
v -73.00000 2.32000 56.00000
v -25.78000 0.00000 127.00000
v -25.78000 3.20000 127.00000
v -25.82202 0.00000 127.12931
v -25.82202 3.20000 127.12931
v -25.93202 0.00000 127.20923
v -25.93202 3.20000 127.20923
v -26.06798 0.00000 127.20923
v -26.06798 3.20000 127.20923
v -26.17798 0.00000 127.12931
v -26.17798 3.20000 127.12931
v -26.22000 0.00000 127.00000
v -26.22000 3.20000 127.00000
v -26.17798 0.00000 126.87069
v -26.17798 3.20000 126.87069
v -26.06798 0.00000 126.79077
v -26.06798 3.20000 126.79077
v -25.93202 0.00000 126.79077
v -25.93202 3.20000 126.79077
v -25.82202 0.00000 126.87069
v -25.82202 3.20000 126.87069
v -25.30000 5.45492 127.00000
v -25.39378 5.45492 127.35000
v -25.65000 5.45492 127.60622
v -26.00000 5.45492 127.70000
v -26.35000 5.45492 127.60622
v -26.60622 5.45492 127.35000
v -26.70000 5.45492 127.00000
v -26.60622 5.45492 126.65000
v -26.35000 5.45492 126.39378
v -26.00000 5.45492 126.30000
v -25.65000 5.45492 126.39378
v -25.39378 5.45492 126.65000
v -24.78756 4.84000 127.00000
v -24.95000 4.84000 127.60622
v -25.39378 4.84000 128.05000
v -26.00000 4.84000 128.21244
v -26.60622 4.84000 128.05000
v -27.05000 4.84000 127.60622
v -27.21244 4.84000 127.00000
v -27.05000 4.84000 126.39378
v -26.60622 4.84000 125.95000
v -26.00000 4.84000 125.78756
v -25.39378 4.84000 125.95000
v -24.95000 4.84000 126.39378
v -24.60000 4.00000 127.00000
v -24.78756 4.00000 127.70000
v -25.30000 4.00000 128.21244
v -26.00000 4.00000 128.40000
v -26.70000 4.00000 128.21244
v -27.21244 4.00000 127.70000
v -27.40000 4.00000 127.00000
v -27.21244 4.00000 126.30000
v -26.70000 4.00000 125.78756
v -26.00000 4.00000 125.60000
v -25.30000 4.00000 125.78756
v -24.78756 4.00000 126.30000
v -24.78756 3.16000 127.00000
v -24.95000 3.16000 127.60622
v -25.39378 3.16000 128.05000
v -26.00000 3.16000 128.21244
v -26.60622 3.16000 128.05000
v -27.05000 3.16000 127.60622
v -27.21244 3.16000 127.00000
v -27.05000 3.16000 126.39378
v -26.60622 3.16000 125.95000
v -26.00000 3.16000 125.78756
v -25.39378 3.16000 125.95000
v -24.95000 3.16000 126.39378
v -25.30000 2.54508 127.00000
v -25.39378 2.54508 127.35000
v -25.65000 2.54508 127.60622
v -26.00000 2.54508 127.70000
v -26.35000 2.54508 127.60622
v -26.60622 2.54508 127.35000
v -26.70000 2.54508 127.00000
v -26.60622 2.54508 126.65000
v -26.35000 2.54508 126.39378
v -26.00000 2.54508 126.30000
v -25.65000 2.54508 126.39378
v -25.39378 2.54508 126.65000
v -26.00000 5.68000 127.00000
v -26.00000 2.32000 127.00000
v 21.22000 0.00000 -132.00000
v 21.22000 3.20000 -132.00000
v 21.17798 0.00000 -131.87069
v 21.17798 3.20000 -131.87069
v 21.06798 0.00000 -131.79077
v 21.06798 3.20000 -131.79077
v 20.93202 0.00000 -131.79077
v 20.93202 3.20000 -131.79077
v 20.82202 0.00000 -131.87069
v 20.82202 3.20000 -131.87069
v 20.78000 0.00000 -132.00000
v 20.78000 3.20000 -132.00000
v 20.82202 0.00000 -132.12931
v 20.82202 3.20000 -132.12931
v 20.93202 0.00000 -132.20923
v 20.93202 3.20000 -132.20923
v 21.06798 0.00000 -132.20923
v 21.06798 3.20000 -132.20923
v 21.17798 0.00000 -132.12931
v 21.17798 3.20000 -132.12931
v 21.70000 5.45492 -132.00000
v 21.60622 5.45492 -131.65000
v 21.35000 5.45492 -131.39378
v 21.00000 5.45492 -131.30000
v 20.65000 5.45492 -131.39378
v 20.39378 5.45492 -131.65000
v 20.30000 5.45492 -132.00000
v 20.39378 5.45492 -132.35000
v 20.65000 5.45492 -132.60622
v 21.00000 5.45492 -132.70000
v 21.35000 5.45492 -132.60622
v 21.60622 5.45492 -132.35000
v 22.21244 4.84000 -132.00000
v 22.05000 4.84000 -131.39378
v 21.60622 4.84000 -130.95000
v 21.00000 4.84000 -130.78756
v 20.39378 4.84000 -130.95000
v 19.95000 4.84000 -131.39378
v 19.78756 4.84000 -132.00000
v 19.95000 4.84000 -132.60622
v 20.39378 4.84000 -133.05000
v 21.00000 4.84000 -133.21244
v 21.60622 4.84000 -133.05000
v 22.05000 4.84000 -132.60622
v 22.40000 4.00000 -132.00000
v 22.21244 4.00000 -131.30000
v 21.70000 4.00000 -130.78756
v 21.00000 4.00000 -130.60000
v 20.30000 4.00000 -130.78756
v 19.78756 4.00000 -131.30000
v 19.60000 4.00000 -132.00000
v 19.78756 4.00000 -132.70000
v 20.30000 4.00000 -133.21244
v 21.00000 4.00000 -133.40000
v 21.70000 4.00000 -133.21244
v 22.21244 4.00000 -132.70000
v 22.21244 3.16000 -132.00000
v 22.05000 3.16000 -131.39378
v 21.60622 3.16000 -130.95000
v 21.00000 3.16000 -130.78756
v 20.39378 3.16000 -130.95000
v 19.95000 3.16000 -131.39378
v 19.78756 3.16000 -132.00000
v 19.95000 3.16000 -132.60622
v 20.39378 3.16000 -133.05000
v 21.00000 3.16000 -133.21244
v 21.60622 3.16000 -133.05000
v 22.05000 3.16000 -132.60622
v 21.70000 2.54508 -132.00000
v 21.60622 2.54508 -131.65000
v 21.35000 2.54508 -131.39378
v 21.00000 2.54508 -131.30000
v 20.65000 2.54508 -131.39378
v 20.39378 2.54508 -131.65000
v 20.30000 2.54508 -132.00000
v 20.39378 2.54508 -132.35000
v 20.65000 2.54508 -132.60622
v 21.00000 2.54508 -132.70000
v 21.35000 2.54508 -132.60622
v 21.60622 2.54508 -132.35000
v 21.00000 5.68000 -132.00000
v 21.00000 2.32000 -132.00000
v 68.22000 0.00000 -61.00000
v 68.22000 3.20000 -61.00000
v 68.17798 0.00000 -60.87069
v 68.17798 3.20000 -60.87069
v 68.06798 0.00000 -60.79077
v 68.06798 3.20000 -60.79077
v 67.93202 0.00000 -60.79077
v 67.93202 3.20000 -60.79077
v 67.82202 0.00000 -60.87069
v 67.82202 3.20000 -60.87069
v 67.78000 0.00000 -61.00000
v 67.78000 3.20000 -61.00000
v 67.82202 0.00000 -61.12931
v 67.82202 3.20000 -61.12931
v 67.93202 0.00000 -61.20923
v 67.93202 3.20000 -61.20923
v 68.06798 0.00000 -61.20923
v 68.06798 3.20000 -61.20923
v 68.17798 0.00000 -61.12931
v 68.17798 3.20000 -61.12931
v 68.70000 5.45492 -61.00000
v 68.60622 5.45492 -60.65000
v 68.35000 5.45492 -60.39378
v 68.00000 5.45492 -60.30000
v 67.65000 5.45492 -60.39378
v 67.39378 5.45492 -60.65000
v 67.30000 5.45492 -61.00000
v 67.39378 5.45492 -61.35000
v 67.65000 5.45492 -61.60622
v 68.00000 5.45492 -61.70000
v 68.35000 5.45492 -61.60622
v 68.60622 5.45492 -61.35000
v 69.21244 4.84000 -61.00000
v 69.05000 4.84000 -60.39378
v 68.60622 4.84000 -59.95000
v 68.00000 4.84000 -59.78756
v 67.39378 4.84000 -59.95000
v 66.95000 4.84000 -60.39378
v 66.78756 4.84000 -61.00000
v 66.95000 4.84000 -61.60622
v 67.39378 4.84000 -62.05000
v 68.00000 4.84000 -62.21244
v 68.60622 4.84000 -62.05000
v 69.05000 4.84000 -61.60622
v 69.40000 4.00000 -61.00000
v 69.21244 4.00000 -60.30000
v 68.70000 4.00000 -59.78756
v 68.00000 4.00000 -59.60000
v 67.30000 4.00000 -59.78756
v 66.78756 4.00000 -60.30000
v 66.60000 4.00000 -61.00000
v 66.78756 4.00000 -61.70000
v 67.30000 4.00000 -62.21244
v 68.00000 4.00000 -62.40000
v 68.70000 4.00000 -62.21244
v 69.21244 4.00000 -61.70000
v 69.21244 3.16000 -61.00000
v 69.05000 3.16000 -60.39378
v 68.60622 3.16000 -59.95000
v 68.00000 3.16000 -59.78756
v 67.39378 3.16000 -59.95000
v 66.95000 3.16000 -60.39378
v 66.78756 3.16000 -61.00000
v 66.95000 3.16000 -61.60622
v 67.39378 3.16000 -62.05000
v 68.00000 3.16000 -62.21244
v 68.60622 3.16000 -62.05000
v 69.05000 3.16000 -61.60622
v 68.70000 2.54508 -61.00000
v 68.60622 2.54508 -60.65000
v 68.35000 2.54508 -60.39378
v 68.00000 2.54508 -60.30000
v 67.65000 2.54508 -60.39378
v 67.39378 2.54508 -60.65000
v 67.30000 2.54508 -61.00000
v 67.39378 2.54508 -61.35000
v 67.65000 2.54508 -61.60622
v 68.00000 2.54508 -61.70000
v 68.35000 2.54508 -61.60622
v 68.60622 2.54508 -61.35000
v 68.00000 5.68000 -61.00000
v 68.00000 2.32000 -61.00000
v 115.22000 0.00000 10.00000
v 115.22000 3.20000 10.00000
v 115.17798 0.00000 10.12931
v 115.17798 3.20000 10.12931
v 115.06798 0.00000 10.20923
v 115.06798 3.20000 10.20923
v 114.93202 0.00000 10.20923
v 114.93202 3.20000 10.20923
v 114.82202 0.00000 10.12931
v 114.82202 3.20000 10.12931
v 114.78000 0.00000 10.00000
v 114.78000 3.20000 10.00000
v 114.82202 0.00000 9.87069
v 114.82202 3.20000 9.87069
v 114.93202 0.00000 9.79077
v 114.93202 3.20000 9.79077
v 115.06798 0.00000 9.79077
v 115.06798 3.20000 9.79077
v 115.17798 0.00000 9.87069
v 115.17798 3.20000 9.87069
v 115.70000 5.45492 10.00000
v 115.60622 5.45492 10.35000
v 115.35000 5.45492 10.60622
v 115.00000 5.45492 10.70000
v 114.65000 5.45492 10.60622
v 114.39378 5.45492 10.35000
v 114.30000 5.45492 10.00000
v 114.39378 5.45492 9.65000
v 114.65000 5.45492 9.39378
v 115.00000 5.45492 9.30000
v 115.35000 5.45492 9.39378
v 115.60622 5.45492 9.65000
v 116.21244 4.84000 10.00000
v 116.05000 4.84000 10.60622
v 115.60622 4.84000 11.05000
v 115.00000 4.84000 11.21244
v 114.39378 4.84000 11.05000
v 113.95000 4.84000 10.60622
v 113.78756 4.84000 10.00000
v 113.95000 4.84000 9.39378
v 114.39378 4.84000 8.95000
v 115.00000 4.84000 8.78756
v 115.60622 4.84000 8.95000
v 116.05000 4.84000 9.39378
v 116.40000 4.00000 10.00000
v 116.21244 4.00000 10.70000
v 115.70000 4.00000 11.21244
v 115.00000 4.00000 11.40000
v 114.30000 4.00000 11.21244
v 113.78756 4.00000 10.70000
v 113.60000 4.00000 10.00000
v 113.78756 4.00000 9.30000
v 114.30000 4.00000 8.78756
v 115.00000 4.00000 8.60000
v 115.70000 4.00000 8.78756
v 116.21244 4.00000 9.30000
v 116.21244 3.16000 10.00000
v 116.05000 3.16000 10.60622
v 115.60622 3.16000 11.05000
v 115.00000 3.16000 11.21244
v 114.39378 3.16000 11.05000
v 113.95000 3.16000 10.60622
v 113.78756 3.16000 10.00000
v 113.95000 3.16000 9.39378
v 114.39378 3.16000 8.95000
v 115.00000 3.16000 8.78756
v 115.60622 3.16000 8.95000
v 116.05000 3.16000 9.39378
v 115.70000 2.54508 10.00000
v 115.60622 2.54508 10.35000
v 115.35000 2.54508 10.60622
v 115.00000 2.54508 10.70000
v 114.65000 2.54508 10.60622
v 114.39378 2.54508 10.35000
v 114.30000 2.54508 10.00000
v 114.39378 2.54508 9.65000
v 114.65000 2.54508 9.39378
v 115.00000 2.54508 9.30000
v 115.35000 2.54508 9.39378
v 115.60622 2.54508 9.65000
v 115.00000 5.68000 10.00000
v 115.00000 2.32000 10.00000
v 162.22000 0.00000 81.00000
v 162.22000 3.20000 81.00000
v 162.17798 0.00000 81.12931
v 162.17798 3.20000 81.12931
v 162.06798 0.00000 81.20923
v 162.06798 3.20000 81.20923
v 161.93202 0.00000 81.20923
v 161.93202 3.20000 81.20923
v 161.82202 0.00000 81.12931
v 161.82202 3.20000 81.12931
v 161.78000 0.00000 81.00000
v 161.78000 3.20000 81.00000
v 161.82202 0.00000 80.87069
v 161.82202 3.20000 80.87069
v 161.93202 0.00000 80.79077
v 161.93202 3.20000 80.79077
v 162.06798 0.00000 80.79077
v 162.06798 3.20000 80.79077
v 162.17798 0.00000 80.87069
v 162.17798 3.20000 80.87069
v 162.70000 5.45492 81.00000
v 162.60622 5.45492 81.35000
v 162.35000 5.45492 81.60622
v 162.00000 5.45492 81.70000
v 161.65000 5.45492 81.60622
v 161.39378 5.45492 81.35000
v 161.30000 5.45492 81.00000
v 161.39378 5.45492 80.65000
v 161.65000 5.45492 80.39378
v 162.00000 5.45492 80.30000
v 162.35000 5.45492 80.39378
v 162.60622 5.45492 80.65000
v 163.21244 4.84000 81.00000
v 163.05000 4.84000 81.60622
v 162.60622 4.84000 82.05000
v 162.00000 4.84000 82.21244
v 161.39378 4.84000 82.05000
v 160.95000 4.84000 81.60622
v 160.78756 4.84000 81.00000
v 160.95000 4.84000 80.39378
v 161.39378 4.84000 79.95000
v 162.00000 4.84000 79.78756
v 162.60622 4.84000 79.95000
v 163.05000 4.84000 80.39378
v 163.40000 4.00000 81.00000
v 163.21244 4.00000 81.70000
v 162.70000 4.00000 82.21244
v 162.00000 4.00000 82.40000
v 161.30000 4.00000 82.21244
v 160.78756 4.00000 81.70000
v 160.60000 4.00000 81.00000
v 160.78756 4.00000 80.30000
v 161.30000 4.00000 79.78756
v 162.00000 4.00000 79.60000
v 162.70000 4.00000 79.78756
v 163.21244 4.00000 80.30000
v 163.21244 3.16000 81.00000
v 163.05000 3.16000 81.60622
v 162.60622 3.16000 82.05000
v 162.00000 3.16000 82.21244
v 161.39378 3.16000 82.05000
v 160.95000 3.16000 81.60622
v 160.78756 3.16000 81.00000
v 160.95000 3.16000 80.39378
v 161.39378 3.16000 79.95000
v 162.00000 3.16000 79.78756
v 162.60622 3.16000 79.95000
v 163.05000 3.16000 80.39378
v 162.70000 2.54508 81.00000
v 162.60622 2.54508 81.35000
v 162.35000 2.54508 81.60622
v 162.00000 2.54508 81.70000
v 161.65000 2.54508 81.60622
v 161.39378 2.54508 81.35000
v 161.30000 2.54508 81.00000
v 161.39378 2.54508 80.65000
v 161.65000 2.54508 80.39378
v 162.00000 2.54508 80.30000
v 162.35000 2.54508 80.39378
v 162.60622 2.54508 80.65000
v 162.00000 5.68000 81.00000
v 162.00000 2.32000 81.00000
v -130.78000 0.00000 152.00000
v -130.78000 3.20000 152.00000
v -130.82202 0.00000 152.12931
v -130.82202 3.20000 152.12931
v -130.93202 0.00000 152.20923
v -130.93202 3.20000 152.20923
v -131.06798 0.00000 152.20923
v -131.06798 3.20000 152.20923
v -131.17798 0.00000 152.12931
v -131.17798 3.20000 152.12931
v -131.22000 0.00000 152.00000
v -131.22000 3.20000 152.00000
v -131.17798 0.00000 151.87069
v -131.17798 3.20000 151.87069
v -131.06798 0.00000 151.79077
v -131.06798 3.20000 151.79077
v -130.93202 0.00000 151.79077
v -130.93202 3.20000 151.79077
v -130.82202 0.00000 151.87069
v -130.82202 3.20000 151.87069
v -130.30000 5.45492 152.00000
v -130.39378 5.45492 152.35000
v -130.65000 5.45492 152.60622
v -131.00000 5.45492 152.70000
v -131.35000 5.45492 152.60622
v -131.60622 5.45492 152.35000
v -131.70000 5.45492 152.00000
v -131.60622 5.45492 151.65000
v -131.35000 5.45492 151.39378
v -131.00000 5.45492 151.30000
v -130.65000 5.45492 151.39378
v -130.39378 5.45492 151.65000
v -129.78756 4.84000 152.00000
v -129.95000 4.84000 152.60622
v -130.39378 4.84000 153.05000
v -131.00000 4.84000 153.21244
v -131.60622 4.84000 153.05000
v -132.05000 4.84000 152.60622
v -132.21244 4.84000 152.00000
v -132.05000 4.84000 151.39378
v -131.60622 4.84000 150.95000
v -131.00000 4.84000 150.78756
v -130.39378 4.84000 150.95000
v -129.95000 4.84000 151.39378
v -129.60000 4.00000 152.00000
v -129.78756 4.00000 152.70000
v -130.30000 4.00000 153.21244
v -131.00000 4.00000 153.40000
v -131.70000 4.00000 153.21244
v -132.21244 4.00000 152.70000
v -132.40000 4.00000 152.00000
v -132.21244 4.00000 151.30000
v -131.70000 4.00000 150.78756
v -131.00000 4.00000 150.60000
v -130.30000 4.00000 150.78756
v -129.78756 4.00000 151.30000
v -129.78756 3.16000 152.00000
v -129.95000 3.16000 152.60622
v -130.39378 3.16000 153.05000
v -131.00000 3.16000 153.21244
v -131.60622 3.16000 153.05000
v -132.05000 3.16000 152.60622
v -132.21244 3.16000 152.00000
v -132.05000 3.16000 151.39378
v -131.60622 3.16000 150.95000
v -131.00000 3.16000 150.78756
v -130.39378 3.16000 150.95000
v -129.95000 3.16000 151.39378
v -130.30000 2.54508 152.00000
v -130.39378 2.54508 152.35000
v -130.65000 2.54508 152.60622
v -131.00000 2.54508 152.70000
v -131.35000 2.54508 152.60622
v -131.60622 2.54508 152.35000
v -131.70000 2.54508 152.00000
v -131.60622 2.54508 151.65000
v -131.35000 2.54508 151.39378
v -131.00000 2.54508 151.30000
v -130.65000 2.54508 151.39378
v -130.39378 2.54508 151.65000
v -131.00000 5.68000 152.00000
v -131.00000 2.32000 152.00000
v -83.78000 0.00000 -107.00000
v -83.78000 3.20000 -107.00000
v -83.82202 0.00000 -106.87069
v -83.82202 3.20000 -106.87069
v -83.93202 0.00000 -106.79077
v -83.93202 3.20000 -106.79077
v -84.06798 0.00000 -106.79077
v -84.06798 3.20000 -106.79077
v -84.17798 0.00000 -106.87069
v -84.17798 3.20000 -106.87069
v -84.22000 0.00000 -107.00000
v -84.22000 3.20000 -107.00000
v -84.17798 0.00000 -107.12931
v -84.17798 3.20000 -107.12931
v -84.06798 0.00000 -107.20923
v -84.06798 3.20000 -107.20923
v -83.93202 0.00000 -107.20923
v -83.93202 3.20000 -107.20923
v -83.82202 0.00000 -107.12931
v -83.82202 3.20000 -107.12931
v -83.30000 5.45492 -107.00000
v -83.39378 5.45492 -106.65000
v -83.65000 5.45492 -106.39378
v -84.00000 5.45492 -106.30000
v -84.35000 5.45492 -106.39378
v -84.60622 5.45492 -106.65000
v -84.70000 5.45492 -107.00000
v -84.60622 5.45492 -107.35000
v -84.35000 5.45492 -107.60622
v -84.00000 5.45492 -107.70000
v -83.65000 5.45492 -107.60622
v -83.39378 5.45492 -107.35000
v -82.78756 4.84000 -107.00000
v -82.95000 4.84000 -106.39378
v -83.39378 4.84000 -105.95000
v -84.00000 4.84000 -105.78756
v -84.60622 4.84000 -105.95000
v -85.05000 4.84000 -106.39378
v -85.21244 4.84000 -107.00000
v -85.05000 4.84000 -107.60622
v -84.60622 4.84000 -108.05000
v -84.00000 4.84000 -108.21244
v -83.39378 4.84000 -108.05000
v -82.95000 4.84000 -107.60622
v -82.60000 4.00000 -107.00000
v -82.78756 4.00000 -106.30000
v -83.30000 4.00000 -105.78756
v -84.00000 4.00000 -105.60000
v -84.70000 4.00000 -105.78756
v -85.21244 4.00000 -106.30000
v -85.40000 4.00000 -107.00000
v -85.21244 4.00000 -107.70000
v -84.70000 4.00000 -108.21244
v -84.00000 4.00000 -108.40000
v -83.30000 4.00000 -108.21244
v -82.78756 4.00000 -107.70000
v -82.78756 3.16000 -107.00000
v -82.95000 3.16000 -106.39378
v -83.39378 3.16000 -105.95000
v -84.00000 3.16000 -105.78756
v -84.60622 3.16000 -105.95000
v -85.05000 3.16000 -106.39378
v -85.21244 3.16000 -107.00000
v -85.05000 3.16000 -107.60622
v -84.60622 3.16000 -108.05000
v -84.00000 3.16000 -108.21244
v -83.39378 3.16000 -108.05000
v -82.95000 3.16000 -107.60622
v -83.30000 2.54508 -107.00000
v -83.39378 2.54508 -106.65000
v -83.65000 2.54508 -106.39378
v -84.00000 2.54508 -106.30000
v -84.35000 2.54508 -106.39378
v -84.60622 2.54508 -106.65000
v -84.70000 2.54508 -107.00000
v -84.60622 2.54508 -107.35000
v -84.35000 2.54508 -107.60622
v -84.00000 2.54508 -107.70000
v -83.65000 2.54508 -107.60622
v -83.39378 2.54508 -107.35000
v -84.00000 5.68000 -107.00000
v -84.00000 2.32000 -107.00000
v -36.78000 0.00000 -36.00000
v -36.78000 3.20000 -36.00000
v -36.82202 0.00000 -35.87069
v -36.82202 3.20000 -35.87069
v -36.93202 0.00000 -35.79077
v -36.93202 3.20000 -35.79077
v -37.06798 0.00000 -35.79077
v -37.06798 3.20000 -35.79077
v -37.17798 0.00000 -35.87069
v -37.17798 3.20000 -35.87069
v -37.22000 0.00000 -36.00000
v -37.22000 3.20000 -36.00000
v -37.17798 0.00000 -36.12931
v -37.17798 3.20000 -36.12931
v -37.06798 0.00000 -36.20923
v -37.06798 3.20000 -36.20923
v -36.93202 0.00000 -36.20923
v -36.93202 3.20000 -36.20923
v -36.82202 0.00000 -36.12931
v -36.82202 3.20000 -36.12931
v -36.30000 5.45492 -36.00000
v -36.39378 5.45492 -35.65000
v -36.65000 5.45492 -35.39378
v -37.00000 5.45492 -35.30000
v -37.35000 5.45492 -35.39378
v -37.60622 5.45492 -35.65000
v -37.70000 5.45492 -36.00000
v -37.60622 5.45492 -36.35000
v -37.35000 5.45492 -36.60622
v -37.00000 5.45492 -36.70000
v -36.65000 5.45492 -36.60622
v -36.39378 5.45492 -36.35000
v -35.78756 4.84000 -36.00000
v -35.95000 4.84000 -35.39378
v -36.39378 4.84000 -34.95000
v -37.00000 4.84000 -34.78756
v -37.60622 4.84000 -34.95000
v -38.05000 4.84000 -35.39378
v -38.21244 4.84000 -36.00000
v -38.05000 4.84000 -36.60622
v -37.60622 4.84000 -37.05000
v -37.00000 4.84000 -37.21244
v -36.39378 4.84000 -37.05000
v -35.95000 4.84000 -36.60622
v -35.60000 4.00000 -36.00000
v -35.78756 4.00000 -35.30000
v -36.30000 4.00000 -34.78756
v -37.00000 4.00000 -34.60000
v -37.70000 4.00000 -34.78756
v -38.21244 4.00000 -35.30000
v -38.40000 4.00000 -36.00000
v -38.21244 4.00000 -36.70000
v -37.70000 4.00000 -37.21244
v -37.00000 4.00000 -37.40000
v -36.30000 4.00000 -37.21244
v -35.78756 4.00000 -36.70000
v -35.78756 3.16000 -36.00000
v -35.95000 3.16000 -35.39378
v -36.39378 3.16000 -34.95000
v -37.00000 3.16000 -34.78756
v -37.60622 3.16000 -34.95000
v -38.05000 3.16000 -35.39378
v -38.21244 3.16000 -36.00000
v -38.05000 3.16000 -36.60622
v -37.60622 3.16000 -37.05000
v -37.00000 3.16000 -37.21244
v -36.39378 3.16000 -37.05000
v -35.95000 3.16000 -36.60622
v -36.30000 2.54508 -36.00000
v -36.39378 2.54508 -35.65000
v -36.65000 2.54508 -35.39378
v -37.00000 2.54508 -35.30000
v -37.35000 2.54508 -35.39378
v -37.60622 2.54508 -35.65000
v -37.70000 2.54508 -36.00000
v -37.60622 2.54508 -36.35000
v -37.35000 2.54508 -36.60622
v -37.00000 2.54508 -36.70000
v -36.65000 2.54508 -36.60622
v -36.39378 2.54508 -36.35000
v -37.00000 5.68000 -36.00000
v -37.00000 2.32000 -36.00000
v 10.22000 0.00000 35.00000
v 10.22000 3.20000 35.00000
v 10.17798 0.00000 35.12931
v 10.17798 3.20000 35.12931
v 10.06798 0.00000 35.20923
v 10.06798 3.20000 35.20923
v 9.93202 0.00000 35.20923
v 9.93202 3.20000 35.20923
v 9.82202 0.00000 35.12931
v 9.82202 3.20000 35.12931
v 9.78000 0.00000 35.00000
v 9.78000 3.20000 35.00000
v 9.82202 0.00000 34.87069
v 9.82202 3.20000 34.87069
v 9.93202 0.00000 34.79077
v 9.93202 3.20000 34.79077
v 10.06798 0.00000 34.79077
v 10.06798 3.20000 34.79077
v 10.17798 0.00000 34.87069
v 10.17798 3.20000 34.87069
v 10.70000 5.45492 35.00000
v 10.60622 5.45492 35.35000
v 10.35000 5.45492 35.60622
v 10.00000 5.45492 35.70000
v 9.65000 5.45492 35.60622
v 9.39378 5.45492 35.35000
v 9.30000 5.45492 35.00000
v 9.39378 5.45492 34.65000
v 9.65000 5.45492 34.39378
v 10.00000 5.45492 34.30000
v 10.35000 5.45492 34.39378
v 10.60622 5.45492 34.65000
v 11.21244 4.84000 35.00000
v 11.05000 4.84000 35.60622
v 10.60622 4.84000 36.05000
v 10.00000 4.84000 36.21244
v 9.39378 4.84000 36.05000
v 8.95000 4.84000 35.60622
v 8.78756 4.84000 35.00000
v 8.95000 4.84000 34.39378
v 9.39378 4.84000 33.95000
v 10.00000 4.84000 33.78756
v 10.60622 4.84000 33.95000
v 11.05000 4.84000 34.39378
v 11.40000 4.00000 35.00000
v 11.21244 4.00000 35.70000
v 10.70000 4.00000 36.21244
v 10.00000 4.00000 36.40000
v 9.30000 4.00000 36.21244
v 8.78756 4.00000 35.70000
v 8.60000 4.00000 35.00000
v 8.78756 4.00000 34.30000
v 9.30000 4.00000 33.78756
v 10.00000 4.00000 33.60000
v 10.70000 4.00000 33.78756
v 11.21244 4.00000 34.30000
v 11.21244 3.16000 35.00000
v 11.05000 3.16000 35.60622
v 10.60622 3.16000 36.05000
v 10.00000 3.16000 36.21244
v 9.39378 3.16000 36.05000
v 8.95000 3.16000 35.60622
v 8.78756 3.16000 35.00000
v 8.95000 3.16000 34.39378
v 9.39378 3.16000 33.95000
v 10.00000 3.16000 33.78756
v 10.60622 3.16000 33.95000
v 11.05000 3.16000 34.39378
v 10.70000 2.54508 35.00000
v 10.60622 2.54508 35.35000
v 10.35000 2.54508 35.60622
v 10.00000 2.54508 35.70000
v 9.65000 2.54508 35.60622
v 9.39378 2.54508 35.35000
v 9.30000 2.54508 35.00000
v 9.39378 2.54508 34.65000
v 9.65000 2.54508 34.39378
v 10.00000 2.54508 34.30000
v 10.35000 2.54508 34.39378
v 10.60622 2.54508 34.65000
v 10.00000 5.68000 35.00000
v 10.00000 2.32000 35.00000
v 57.22000 0.00000 106.00000
v 57.22000 3.20000 106.00000
v 57.17798 0.00000 106.12931
v 57.17798 3.20000 106.12931
v 57.06798 0.00000 106.20923
v 57.06798 3.20000 106.20923
v 56.93202 0.00000 106.20923
v 56.93202 3.20000 106.20923
v 56.82202 0.00000 106.12931
v 56.82202 3.20000 106.12931
v 56.78000 0.00000 106.00000
v 56.78000 3.20000 106.00000
v 56.82202 0.00000 105.87069
v 56.82202 3.20000 105.87069
v 56.93202 0.00000 105.79077
v 56.93202 3.20000 105.79077
v 57.06798 0.00000 105.79077
v 57.06798 3.20000 105.79077
v 57.17798 0.00000 105.87069
v 57.17798 3.20000 105.87069
v 57.70000 5.45492 106.00000
v 57.60622 5.45492 106.35000
v 57.35000 5.45492 106.60622
v 57.00000 5.45492 106.70000
v 56.65000 5.45492 106.60622
v 56.39378 5.45492 106.35000
v 56.30000 5.45492 106.00000
v 56.39378 5.45492 105.65000
v 56.65000 5.45492 105.39378
v 57.00000 5.45492 105.30000
v 57.35000 5.45492 105.39378
v 57.60622 5.45492 105.65000
v 58.21244 4.84000 106.00000
v 58.05000 4.84000 106.60622
v 57.60622 4.84000 107.05000
v 57.00000 4.84000 107.21244
v 56.39378 4.84000 107.05000
v 55.95000 4.84000 106.60622
v 55.78756 4.84000 106.00000
v 55.95000 4.84000 105.39378
v 56.39378 4.84000 104.95000
v 57.00000 4.84000 104.78756
v 57.60622 4.84000 104.95000
v 58.05000 4.84000 105.39378
v 58.40000 4.00000 106.00000
v 58.21244 4.00000 106.70000
v 57.70000 4.00000 107.21244
v 57.00000 4.00000 107.40000
v 56.30000 4.00000 107.21244
v 55.78756 4.00000 106.70000
v 55.60000 4.00000 106.00000
v 55.78756 4.00000 105.30000
v 56.30000 4.00000 104.78756
v 57.00000 4.00000 104.60000
v 57.70000 4.00000 104.78756
v 58.21244 4.00000 105.30000
v 58.21244 3.16000 106.00000
v 58.05000 3.16000 106.60622
v 57.60622 3.16000 107.05000
v 57.00000 3.16000 107.21244
v 56.39378 3.16000 107.05000
v 55.95000 3.16000 106.60622
v 55.78756 3.16000 106.00000
v 55.95000 3.16000 105.39378
v 56.39378 3.16000 104.95000
v 57.00000 3.16000 104.78756
v 57.60622 3.16000 104.95000
v 58.05000 3.16000 105.39378
v 57.70000 2.54508 106.00000
v 57.60622 2.54508 106.35000
v 57.35000 2.54508 106.60622
v 57.00000 2.54508 106.70000
v 56.65000 2.54508 106.60622
v 56.39378 2.54508 106.35000
v 56.30000 2.54508 106.00000
v 56.39378 2.54508 105.65000
v 56.65000 2.54508 105.39378
v 57.00000 2.54508 105.30000
v 57.35000 2.54508 105.39378
v 57.60622 2.54508 105.65000
v 57.00000 5.68000 106.00000
v 57.00000 2.32000 106.00000
v 104.22000 0.00000 -153.00000
v 104.22000 3.20000 -153.00000
v 104.17798 0.00000 -152.87069
v 104.17798 3.20000 -152.87069
v 104.06798 0.00000 -152.79077
v 104.06798 3.20000 -152.79077
v 103.93202 0.00000 -152.79077
v 103.93202 3.20000 -152.79077
v 103.82202 0.00000 -152.87069
v 103.82202 3.20000 -152.87069
v 103.78000 0.00000 -153.00000
v 103.78000 3.20000 -153.00000
v 103.82202 0.00000 -153.12931
v 103.82202 3.20000 -153.12931
v 103.93202 0.00000 -153.20923
v 103.93202 3.20000 -153.20923
v 104.06798 0.00000 -153.20923
v 104.06798 3.20000 -153.20923
v 104.17798 0.00000 -153.12931
v 104.17798 3.20000 -153.12931
v 104.70000 5.45492 -153.00000
v 104.60622 5.45492 -152.65000
v 104.35000 5.45492 -152.39378
v 104.00000 5.45492 -152.30000
v 103.65000 5.45492 -152.39378
v 103.39378 5.45492 -152.65000
v 103.30000 5.45492 -153.00000
v 103.39378 5.45492 -153.35000
v 103.65000 5.45492 -153.60622
v 104.00000 5.45492 -153.70000
v 104.35000 5.45492 -153.60622
v 104.60622 5.45492 -153.35000
v 105.21244 4.84000 -153.00000
v 105.05000 4.84000 -152.39378
v 104.60622 4.84000 -151.95000
v 104.00000 4.84000 -151.78756
v 103.39378 4.84000 -151.95000
v 102.95000 4.84000 -152.39378
v 102.78756 4.84000 -153.00000
v 102.95000 4.84000 -153.60622
v 103.39378 4.84000 -154.05000
v 104.00000 4.84000 -154.21244
v 104.60622 4.84000 -154.05000
v 105.05000 4.84000 -153.60622
v 105.40000 4.00000 -153.00000
v 105.21244 4.00000 -152.30000
v 104.70000 4.00000 -151.78756
v 104.00000 4.00000 -151.60000
v 103.30000 4.00000 -151.78756
v 102.78756 4.00000 -152.30000
v 102.60000 4.00000 -153.00000
v 102.78756 4.00000 -153.70000
v 103.30000 4.00000 -154.21244
v 104.00000 4.00000 -154.40000
v 104.70000 4.00000 -154.21244
v 105.21244 4.00000 -153.70000
v 105.21244 3.16000 -153.00000
v 105.05000 3.16000 -152.39378
v 104.60622 3.16000 -151.95000
v 104.00000 3.16000 -151.78756
v 103.39378 3.16000 -151.95000
v 102.95000 3.16000 -152.39378
v 102.78756 3.16000 -153.00000
v 102.95000 3.16000 -153.60622
v 103.39378 3.16000 -154.05000
v 104.00000 3.16000 -154.21244
v 104.60622 3.16000 -154.05000
v 105.05000 3.16000 -153.60622
v 104.70000 2.54508 -153.00000
v 104.60622 2.54508 -152.65000
v 104.35000 2.54508 -152.39378
v 104.00000 2.54508 -152.30000
v 103.65000 2.54508 -152.39378
v 103.39378 2.54508 -152.65000
v 103.30000 2.54508 -153.00000
v 103.39378 2.54508 -153.35000
v 103.65000 2.54508 -153.60622
v 104.00000 2.54508 -153.70000
v 104.35000 2.54508 -153.60622
v 104.60622 2.54508 -153.35000
v 104.00000 5.68000 -153.00000
v 104.00000 2.32000 -153.00000
v 151.22000 0.00000 -82.00000
v 151.22000 3.20000 -82.00000
v 151.17798 0.00000 -81.87069
v 151.17798 3.20000 -81.87069
v 151.06798 0.00000 -81.79077
v 151.06798 3.20000 -81.79077
v 150.93202 0.00000 -81.79077
v 150.93202 3.20000 -81.79077
v 150.82202 0.00000 -81.87069
v 150.82202 3.20000 -81.87069
v 150.78000 0.00000 -82.00000
v 150.78000 3.20000 -82.00000
v 150.82202 0.00000 -82.12931
v 150.82202 3.20000 -82.12931
v 150.93202 0.00000 -82.20923
v 150.93202 3.20000 -82.20923
v 151.06798 0.00000 -82.20923
v 151.06798 3.20000 -82.20923
v 151.17798 0.00000 -82.12931
v 151.17798 3.20000 -82.12931
v 151.70000 5.45492 -82.00000
v 151.60622 5.45492 -81.65000
v 151.35000 5.45492 -81.39378
v 151.00000 5.45492 -81.30000
v 150.65000 5.45492 -81.39378
v 150.39378 5.45492 -81.65000
v 150.30000 5.45492 -82.00000
v 150.39378 5.45492 -82.35000
v 150.65000 5.45492 -82.60622
v 151.00000 5.45492 -82.70000
v 151.35000 5.45492 -82.60622
v 151.60622 5.45492 -82.35000
v 152.21244 4.84000 -82.00000
v 152.05000 4.84000 -81.39378
v 151.60622 4.84000 -80.95000
v 151.00000 4.84000 -80.78756
v 150.39378 4.84000 -80.95000
v 149.95000 4.84000 -81.39378
v 149.78756 4.84000 -82.00000
v 149.95000 4.84000 -82.60622
v 150.39378 4.84000 -83.05000
v 151.00000 4.84000 -83.21244
v 151.60622 4.84000 -83.05000
v 152.05000 4.84000 -82.60622
v 152.40000 4.00000 -82.00000
v 152.21244 4.00000 -81.30000
v 151.70000 4.00000 -80.78756
v 151.00000 4.00000 -80.60000
v 150.30000 4.00000 -80.78756
v 149.78756 4.00000 -81.30000
v 149.60000 4.00000 -82.00000
v 149.78756 4.00000 -82.70000
v 150.30000 4.00000 -83.21244
v 151.00000 4.00000 -83.40000
v 151.70000 4.00000 -83.21244
v 152.21244 4.00000 -82.70000
v 152.21244 3.16000 -82.00000
v 152.05000 3.16000 -81.39378
v 151.60622 3.16000 -80.95000
v 151.00000 3.16000 -80.78756
v 150.39378 3.16000 -80.95000
v 149.95000 3.16000 -81.39378
v 149.78756 3.16000 -82.00000
v 149.95000 3.16000 -82.60622
v 150.39378 3.16000 -83.05000
v 151.00000 3.16000 -83.21244
v 151.60622 3.16000 -83.05000
v 152.05000 3.16000 -82.60622
v 151.70000 2.54508 -82.00000
v 151.60622 2.54508 -81.65000
v 151.35000 2.54508 -81.39378
v 151.00000 2.54508 -81.30000
v 150.65000 2.54508 -81.39378
v 150.39378 2.54508 -81.65000
v 150.30000 2.54508 -82.00000
v 150.39378 2.54508 -82.35000
v 150.65000 2.54508 -82.60622
v 151.00000 2.54508 -82.70000
v 151.35000 2.54508 -82.60622
v 151.60622 2.54508 -82.35000
v 151.00000 5.68000 -82.00000
v 151.00000 2.32000 -82.00000
v -141.78000 0.00000 -11.00000
v -141.78000 3.20000 -11.00000
v -141.82202 0.00000 -10.87069
v -141.82202 3.20000 -10.87069
v -141.93202 0.00000 -10.79077
v -141.93202 3.20000 -10.79077
v -142.06798 0.00000 -10.79077
v -142.06798 3.20000 -10.79077
v -142.17798 0.00000 -10.87069
v -142.17798 3.20000 -10.87069
v -142.22000 0.00000 -11.00000
v -142.22000 3.20000 -11.00000
v -142.17798 0.00000 -11.12931
v -142.17798 3.20000 -11.12931
v -142.06798 0.00000 -11.20923
v -142.06798 3.20000 -11.20923
v -141.93202 0.00000 -11.20923
v -141.93202 3.20000 -11.20923
v -141.82202 0.00000 -11.12931
v -141.82202 3.20000 -11.12931
v -141.30000 5.45492 -11.00000
v -141.39378 5.45492 -10.65000
v -141.65000 5.45492 -10.39378
v -142.00000 5.45492 -10.30000
v -142.35000 5.45492 -10.39378
v -142.60622 5.45492 -10.65000
v -142.70000 5.45492 -11.00000
v -142.60622 5.45492 -11.35000
v -142.35000 5.45492 -11.60622
v -142.00000 5.45492 -11.70000
v -141.65000 5.45492 -11.60622
v -141.39378 5.45492 -11.35000
v -140.78756 4.84000 -11.00000
v -140.95000 4.84000 -10.39378
v -141.39378 4.84000 -9.95000
v -142.00000 4.84000 -9.78756
v -142.60622 4.84000 -9.95000
v -143.05000 4.84000 -10.39378
v -143.21244 4.84000 -11.00000
v -143.05000 4.84000 -11.60622
v -142.60622 4.84000 -12.05000
v -142.00000 4.84000 -12.21244
v -141.39378 4.84000 -12.05000
v -140.95000 4.84000 -11.60622
v -140.60000 4.00000 -11.00000
v -140.78756 4.00000 -10.30000
v -141.30000 4.00000 -9.78756
v -142.00000 4.00000 -9.60000
v -142.70000 4.00000 -9.78756
v -143.21244 4.00000 -10.30000
v -143.40000 4.00000 -11.00000
v -143.21244 4.00000 -11.70000
v -142.70000 4.00000 -12.21244
v -142.00000 4.00000 -12.40000
v -141.30000 4.00000 -12.21244
v -140.78756 4.00000 -11.70000
v -140.78756 3.16000 -11.00000
v -140.95000 3.16000 -10.39378
v -141.39378 3.16000 -9.95000
v -142.00000 3.16000 -9.78756
v -142.60622 3.16000 -9.95000
v -143.05000 3.16000 -10.39378
v -143.21244 3.16000 -11.00000
v -143.05000 3.16000 -11.60622
v -142.60622 3.16000 -12.05000
v -142.00000 3.16000 -12.21244
v -141.39378 3.16000 -12.05000
v -140.95000 3.16000 -11.60622
v -141.30000 2.54508 -11.00000
v -141.39378 2.54508 -10.65000
v -141.65000 2.54508 -10.39378
v -142.00000 2.54508 -10.30000
v -142.35000 2.54508 -10.39378
v -142.60622 2.54508 -10.65000
v -142.70000 2.54508 -11.00000
v -142.60622 2.54508 -11.35000
v -142.35000 2.54508 -11.60622
v -142.00000 2.54508 -11.70000
v -141.65000 2.54508 -11.60622
v -141.39378 2.54508 -11.35000
v -142.00000 5.68000 -11.00000
v -142.00000 2.32000 -11.00000
v -94.78000 0.00000 60.00000
v -94.78000 3.20000 60.00000
v -94.82202 0.00000 60.12931
v -94.82202 3.20000 60.12931
v -94.93202 0.00000 60.20923
v -94.93202 3.20000 60.20923
v -95.06798 0.00000 60.20923
v -95.06798 3.20000 60.20923
v -95.17798 0.00000 60.12931
v -95.17798 3.20000 60.12931
v -95.22000 0.00000 60.00000
v -95.22000 3.20000 60.00000
v -95.17798 0.00000 59.87069
v -95.17798 3.20000 59.87069
v -95.06798 0.00000 59.79077
v -95.06798 3.20000 59.79077
v -94.93202 0.00000 59.79077
v -94.93202 3.20000 59.79077
v -94.82202 0.00000 59.87069
v -94.82202 3.20000 59.87069
v -94.30000 5.45492 60.00000
v -94.39378 5.45492 60.35000
v -94.65000 5.45492 60.60622
v -95.00000 5.45492 60.70000
v -95.35000 5.45492 60.60622
v -95.60622 5.45492 60.35000
v -95.70000 5.45492 60.00000
v -95.60622 5.45492 59.65000
v -95.35000 5.45492 59.39378
v -95.00000 5.45492 59.30000
v -94.65000 5.45492 59.39378
v -94.39378 5.45492 59.65000
v -93.78756 4.84000 60.00000
v -93.95000 4.84000 60.60622
v -94.39378 4.84000 61.05000
v -95.00000 4.84000 61.21244
v -95.60622 4.84000 61.05000
v -96.05000 4.84000 60.60622
v -96.21244 4.84000 60.00000
v -96.05000 4.84000 59.39378
v -95.60622 4.84000 58.95000
v -95.00000 4.84000 58.78756
v -94.39378 4.84000 58.95000
v -93.95000 4.84000 59.39378
v -93.60000 4.00000 60.00000
v -93.78756 4.00000 60.70000
v -94.30000 4.00000 61.21244
v -95.00000 4.00000 61.40000
v -95.70000 4.00000 61.21244
v -96.21244 4.00000 60.70000
v -96.40000 4.00000 60.00000
v -96.21244 4.00000 59.30000
v -95.70000 4.00000 58.78756
v -95.00000 4.00000 58.60000
v -94.30000 4.00000 58.78756
v -93.78756 4.00000 59.30000
v -93.78756 3.16000 60.00000
v -93.95000 3.16000 60.60622
v -94.39378 3.16000 61.05000
v -95.00000 3.16000 61.21244
v -95.60622 3.16000 61.05000
v -96.05000 3.16000 60.60622
v -96.21244 3.16000 60.00000
v -96.05000 3.16000 59.39378
v -95.60622 3.16000 58.95000
v -95.00000 3.16000 58.78756
v -94.39378 3.16000 58.95000
v -93.95000 3.16000 59.39378
v -94.30000 2.54508 60.00000
v -94.39378 2.54508 60.35000
v -94.65000 2.54508 60.60622
v -95.00000 2.54508 60.70000
v -95.35000 2.54508 60.60622
v -95.60622 2.54508 60.35000
v -95.70000 2.54508 60.00000
v -95.60622 2.54508 59.65000
v -95.35000 2.54508 59.39378
v -95.00000 2.54508 59.30000
v -94.65000 2.54508 59.39378
v -94.39378 2.54508 59.65000
v -95.00000 5.68000 60.00000
v -95.00000 2.32000 60.00000
v -47.78000 0.00000 131.00000
v -47.78000 3.20000 131.00000
v -47.82202 0.00000 131.12931
v -47.82202 3.20000 131.12931
v -47.93202 0.00000 131.20923
v -47.93202 3.20000 131.20923
v -48.06798 0.00000 131.20923
v -48.06798 3.20000 131.20923
v -48.17798 0.00000 131.12931
v -48.17798 3.20000 131.12931
v -48.22000 0.00000 131.00000
v -48.22000 3.20000 131.00000
v -48.17798 0.00000 130.87069
v -48.17798 3.20000 130.87069
v -48.06798 0.00000 130.79077
v -48.06798 3.20000 130.79077
v -47.93202 0.00000 130.79077
v -47.93202 3.20000 130.79077
v -47.82202 0.00000 130.87069
v -47.82202 3.20000 130.87069
v -47.30000 5.45492 131.00000
v -47.39378 5.45492 131.35000
v -47.65000 5.45492 131.60622
v -48.00000 5.45492 131.70000
v -48.35000 5.45492 131.60622
v -48.60622 5.45492 131.35000
v -48.70000 5.45492 131.00000
v -48.60622 5.45492 130.65000
v -48.35000 5.45492 130.39378
v -48.00000 5.45492 130.30000
v -47.65000 5.45492 130.39378
v -47.39378 5.45492 130.65000
v -46.78756 4.84000 131.00000
v -46.95000 4.84000 131.60622
v -47.39378 4.84000 132.05000
v -48.00000 4.84000 132.21244
v -48.60622 4.84000 132.05000
v -49.05000 4.84000 131.60622
v -49.21244 4.84000 131.00000
v -49.05000 4.84000 130.39378
v -48.60622 4.84000 129.95000
v -48.00000 4.84000 129.78756
v -47.39378 4.84000 129.95000
v -46.95000 4.84000 130.39378
v -46.60000 4.00000 131.00000
v -46.78756 4.00000 131.70000
v -47.30000 4.00000 132.21244
v -48.00000 4.00000 132.40000
v -48.70000 4.00000 132.21244
v -49.21244 4.00000 131.70000
v -49.40000 4.00000 131.00000
v -49.21244 4.00000 130.30000
v -48.70000 4.00000 129.78756
v -48.00000 4.00000 129.60000
v -47.30000 4.00000 129.78756
v -46.78756 4.00000 130.30000
v -46.78756 3.16000 131.00000
v -46.95000 3.16000 131.60622
v -47.39378 3.16000 132.05000
v -48.00000 3.16000 132.21244
v -48.60622 3.16000 132.05000
v -49.05000 3.16000 131.60622
v -49.21244 3.16000 131.00000
v -49.05000 3.16000 130.39378
v -48.60622 3.16000 129.95000
v -48.00000 3.16000 129.78756
v -47.39378 3.16000 129.95000
v -46.95000 3.16000 130.39378
v -47.30000 2.54508 131.00000
v -47.39378 2.54508 131.35000
v -47.65000 2.54508 131.60622
v -48.00000 2.54508 131.70000
v -48.35000 2.54508 131.60622
v -48.60622 2.54508 131.35000
v -48.70000 2.54508 131.00000
v -48.60622 2.54508 130.65000
v -48.35000 2.54508 130.39378
v -48.00000 2.54508 130.30000
v -47.65000 2.54508 130.39378
v -47.39378 2.54508 130.65000
v -48.00000 5.68000 131.00000
v -48.00000 2.32000 131.00000
v -0.78000 0.00000 -128.00000
v -0.78000 3.20000 -128.00000
v -0.82202 0.00000 -127.87069
v -0.82202 3.20000 -127.87069
v -0.93202 0.00000 -127.79077
v -0.93202 3.20000 -127.79077
v -1.06798 0.00000 -127.79077
v -1.06798 3.20000 -127.79077
v -1.17798 0.00000 -127.87069
v -1.17798 3.20000 -127.87069
v -1.22000 0.00000 -128.00000
v -1.22000 3.20000 -128.00000
v -1.17798 0.00000 -128.12931
v -1.17798 3.20000 -128.12931
v -1.06798 0.00000 -128.20923
v -1.06798 3.20000 -128.20923
v -0.93202 0.00000 -128.20923
v -0.93202 3.20000 -128.20923
v -0.82202 0.00000 -128.12931
v -0.82202 3.20000 -128.12931
v -0.30000 5.45492 -128.00000
v -0.39378 5.45492 -127.65000
v -0.65000 5.45492 -127.39378
v -1.00000 5.45492 -127.30000
v -1.35000 5.45492 -127.39378
v -1.60622 5.45492 -127.65000
v -1.70000 5.45492 -128.00000
v -1.60622 5.45492 -128.35000
v -1.35000 5.45492 -128.60622
v -1.00000 5.45492 -128.70000
v -0.65000 5.45492 -128.60622
v -0.39378 5.45492 -128.35000
v 0.21244 4.84000 -128.00000
v 0.05000 4.84000 -127.39378
v -0.39378 4.84000 -126.95000
v -1.00000 4.84000 -126.78756
v -1.60622 4.84000 -126.95000
v -2.05000 4.84000 -127.39378
v -2.21244 4.84000 -128.00000
v -2.05000 4.84000 -128.60622
v -1.60622 4.84000 -129.05000
v -1.00000 4.84000 -129.21244
v -0.39378 4.84000 -129.05000
v 0.05000 4.84000 -128.60622
v 0.40000 4.00000 -128.00000
v 0.21244 4.00000 -127.30000
v -0.30000 4.00000 -126.78756
v -1.00000 4.00000 -126.60000
v -1.70000 4.00000 -126.78756
v -2.21244 4.00000 -127.30000
v -2.40000 4.00000 -128.00000
v -2.21244 4.00000 -128.70000
v -1.70000 4.00000 -129.21244
v -1.00000 4.00000 -129.40000
v -0.30000 4.00000 -129.21244
v 0.21244 4.00000 -128.70000
v 0.21244 3.16000 -128.00000
v 0.05000 3.16000 -127.39378
v -0.39378 3.16000 -126.95000
v -1.00000 3.16000 -126.78756
v -1.60622 3.16000 -126.95000
v -2.05000 3.16000 -127.39378
v -2.21244 3.16000 -128.00000
v -2.05000 3.16000 -128.60622
v -1.60622 3.16000 -129.05000
v -1.00000 3.16000 -129.21244
v -0.39378 3.16000 -129.05000
v 0.05000 3.16000 -128.60622
v -0.30000 2.54508 -128.00000
v -0.39378 2.54508 -127.65000
v -0.65000 2.54508 -127.39378
v -1.00000 2.54508 -127.30000
v -1.35000 2.54508 -127.39378
v -1.60622 2.54508 -127.65000
v -1.70000 2.54508 -128.00000
v -1.60622 2.54508 -128.35000
v -1.35000 2.54508 -128.60622
v -1.00000 2.54508 -128.70000
v -0.65000 2.54508 -128.60622
v -0.39378 2.54508 -128.35000
v -1.00000 5.68000 -128.00000
v -1.00000 2.32000 -128.00000
v 46.22000 0.00000 -57.00000
v 46.22000 3.20000 -57.00000
v 46.17798 0.00000 -56.87069
v 46.17798 3.20000 -56.87069
v 46.06798 0.00000 -56.79077
v 46.06798 3.20000 -56.79077
v 45.93202 0.00000 -56.79077
v 45.93202 3.20000 -56.79077
v 45.82202 0.00000 -56.87069
v 45.82202 3.20000 -56.87069
v 45.78000 0.00000 -57.00000
v 45.78000 3.20000 -57.00000
v 45.82202 0.00000 -57.12931
v 45.82202 3.20000 -57.12931
v 45.93202 0.00000 -57.20923
v 45.93202 3.20000 -57.20923
v 46.06798 0.00000 -57.20923
v 46.06798 3.20000 -57.20923
v 46.17798 0.00000 -57.12931
v 46.17798 3.20000 -57.12931
v 46.70000 5.45492 -57.00000
v 46.60622 5.45492 -56.65000
v 46.35000 5.45492 -56.39378
v 46.00000 5.45492 -56.30000
v 45.65000 5.45492 -56.39378
v 45.39378 5.45492 -56.65000
v 45.30000 5.45492 -57.00000
v 45.39378 5.45492 -57.35000
v 45.65000 5.45492 -57.60622
v 46.00000 5.45492 -57.70000
v 46.35000 5.45492 -57.60622
v 46.60622 5.45492 -57.35000
v 47.21244 4.84000 -57.00000
v 47.05000 4.84000 -56.39378
v 46.60622 4.84000 -55.95000
v 46.00000 4.84000 -55.78756
v 45.39378 4.84000 -55.95000
v 44.95000 4.84000 -56.39378
v 44.78756 4.84000 -57.00000
v 44.95000 4.84000 -57.60622
v 45.39378 4.84000 -58.05000
v 46.00000 4.84000 -58.21244
v 46.60622 4.84000 -58.05000
v 47.05000 4.84000 -57.60622
v 47.40000 4.00000 -57.00000
v 47.21244 4.00000 -56.30000
v 46.70000 4.00000 -55.78756
v 46.00000 4.00000 -55.60000
v 45.30000 4.00000 -55.78756
v 44.78756 4.00000 -56.30000
v 44.60000 4.00000 -57.00000
v 44.78756 4.00000 -57.70000
v 45.30000 4.00000 -58.21244
v 46.00000 4.00000 -58.40000
v 46.70000 4.00000 -58.21244
v 47.21244 4.00000 -57.70000
v 47.21244 3.16000 -57.00000
v 47.05000 3.16000 -56.39378
v 46.60622 3.16000 -55.95000
v 46.00000 3.16000 -55.78756
v 45.39378 3.16000 -55.95000
v 44.95000 3.16000 -56.39378
v 44.78756 3.16000 -57.00000
v 44.95000 3.16000 -57.60622
v 45.39378 3.16000 -58.05000
v 46.00000 3.16000 -58.21244
v 46.60622 3.16000 -58.05000
v 47.05000 3.16000 -57.60622
v 46.70000 2.54508 -57.00000
v 46.60622 2.54508 -56.65000
v 46.35000 2.54508 -56.39378
v 46.00000 2.54508 -56.30000
v 45.65000 2.54508 -56.39378
v 45.39378 2.54508 -56.65000
v 45.30000 2.54508 -57.00000
v 45.39378 2.54508 -57.35000
v 45.65000 2.54508 -57.60622
v 46.00000 2.54508 -57.70000
v 46.35000 2.54508 -57.60622
v 46.60622 2.54508 -57.35000
v 46.00000 5.68000 -57.00000
v 46.00000 2.32000 -57.00000
v 93.22000 0.00000 14.00000
v 93.22000 3.20000 14.00000
v 93.17798 0.00000 14.12931
v 93.17798 3.20000 14.12931
v 93.06798 0.00000 14.20923
v 93.06798 3.20000 14.20923
v 92.93202 0.00000 14.20923
v 92.93202 3.20000 14.20923
v 92.82202 0.00000 14.12931
v 92.82202 3.20000 14.12931
v 92.78000 0.00000 14.00000
v 92.78000 3.20000 14.00000
v 92.82202 0.00000 13.87069
v 92.82202 3.20000 13.87069
v 92.93202 0.00000 13.79077
v 92.93202 3.20000 13.79077
v 93.06798 0.00000 13.79077
v 93.06798 3.20000 13.79077
v 93.17798 0.00000 13.87069
v 93.17798 3.20000 13.87069
v 93.70000 5.45492 14.00000
v 93.60622 5.45492 14.35000
v 93.35000 5.45492 14.60622
v 93.00000 5.45492 14.70000
v 92.65000 5.45492 14.60622
v 92.39378 5.45492 14.35000
v 92.30000 5.45492 14.00000
v 92.39378 5.45492 13.65000
v 92.65000 5.45492 13.39378
v 93.00000 5.45492 13.30000
v 93.35000 5.45492 13.39378
v 93.60622 5.45492 13.65000
v 94.21244 4.84000 14.00000
v 94.05000 4.84000 14.60622
v 93.60622 4.84000 15.05000
v 93.00000 4.84000 15.21244
v 92.39378 4.84000 15.05000
v 91.95000 4.84000 14.60622
v 91.78756 4.84000 14.00000
v 91.95000 4.84000 13.39378
v 92.39378 4.84000 12.95000
v 93.00000 4.84000 12.78756
v 93.60622 4.84000 12.95000
v 94.05000 4.84000 13.39378
v 94.40000 4.00000 14.00000
v 94.21244 4.00000 14.70000
v 93.70000 4.00000 15.21244
v 93.00000 4.00000 15.40000
v 92.30000 4.00000 15.21244
v 91.78756 4.00000 14.70000
v 91.60000 4.00000 14.00000
v 91.78756 4.00000 13.30000
v 92.30000 4.00000 12.78756
v 93.00000 4.00000 12.60000
v 93.70000 4.00000 12.78756
v 94.21244 4.00000 13.30000
v 94.21244 3.16000 14.00000
v 94.05000 3.16000 14.60622
v 93.60622 3.16000 15.05000
v 93.00000 3.16000 15.21244
v 92.39378 3.16000 15.05000
v 91.95000 3.16000 14.60622
v 91.78756 3.16000 14.00000
v 91.95000 3.16000 13.39378
v 92.39378 3.16000 12.95000
v 93.00000 3.16000 12.78756
v 93.60622 3.16000 12.95000
v 94.05000 3.16000 13.39378
v 93.70000 2.54508 14.00000
v 93.60622 2.54508 14.35000
v 93.35000 2.54508 14.60622
v 93.00000 2.54508 14.70000
v 92.65000 2.54508 14.60622
v 92.39378 2.54508 14.35000
v 92.30000 2.54508 14.00000
v 92.39378 2.54508 13.65000
v 92.65000 2.54508 13.39378
v 93.00000 2.54508 13.30000
v 93.35000 2.54508 13.39378
v 93.60622 2.54508 13.65000
v 93.00000 5.68000 14.00000
v 93.00000 2.32000 14.00000
v 140.22000 0.00000 85.00000
v 140.22000 3.20000 85.00000
v 140.17798 0.00000 85.12931
v 140.17798 3.20000 85.12931
v 140.06798 0.00000 85.20923
v 140.06798 3.20000 85.20923
v 139.93202 0.00000 85.20923
v 139.93202 3.20000 85.20923
v 139.82202 0.00000 85.12931
v 139.82202 3.20000 85.12931
v 139.78000 0.00000 85.00000
v 139.78000 3.20000 85.00000
v 139.82202 0.00000 84.87069
v 139.82202 3.20000 84.87069
v 139.93202 0.00000 84.79077
v 139.93202 3.20000 84.79077
v 140.06798 0.00000 84.79077
v 140.06798 3.20000 84.79077
v 140.17798 0.00000 84.87069
v 140.17798 3.20000 84.87069
v 140.70000 5.45492 85.00000
v 140.60622 5.45492 85.35000
v 140.35000 5.45492 85.60622
v 140.00000 5.45492 85.70000
v 139.65000 5.45492 85.60622
v 139.39378 5.45492 85.35000
v 139.30000 5.45492 85.00000
v 139.39378 5.45492 84.65000
v 139.65000 5.45492 84.39378
v 140.00000 5.45492 84.30000
v 140.35000 5.45492 84.39378
v 140.60622 5.45492 84.65000
v 141.21244 4.84000 85.00000
v 141.05000 4.84000 85.60622
v 140.60622 4.84000 86.05000
v 140.00000 4.84000 86.21244
v 139.39378 4.84000 86.05000
v 138.95000 4.84000 85.60622
v 138.78756 4.84000 85.00000
v 138.95000 4.84000 84.39378
v 139.39378 4.84000 83.95000
v 140.00000 4.84000 83.78756
v 140.60622 4.84000 83.95000
v 141.05000 4.84000 84.39378
v 141.40000 4.00000 85.00000
v 141.21244 4.00000 85.70000
v 140.70000 4.00000 86.21244
v 140.00000 4.00000 86.40000
v 139.30000 4.00000 86.21244
v 138.78756 4.00000 85.70000
v 138.60000 4.00000 85.00000
v 138.78756 4.00000 84.30000
v 139.30000 4.00000 83.78756
v 140.00000 4.00000 83.60000
v 140.70000 4.00000 83.78756
v 141.21244 4.00000 84.30000
v 141.21244 3.16000 85.00000
v 141.05000 3.16000 85.60622
v 140.60622 3.16000 86.05000
v 140.00000 3.16000 86.21244
v 139.39378 3.16000 86.05000
v 138.95000 3.16000 85.60622
v 138.78756 3.16000 85.00000
v 138.95000 3.16000 84.39378
v 139.39378 3.16000 83.95000
v 140.00000 3.16000 83.78756
v 140.60622 3.16000 83.95000
v 141.05000 3.16000 84.39378
v 140.70000 2.54508 85.00000
v 140.60622 2.54508 85.35000
v 140.35000 2.54508 85.60622
v 140.00000 2.54508 85.70000
v 139.65000 2.54508 85.60622
v 139.39378 2.54508 85.35000
v 139.30000 2.54508 85.00000
v 139.39378 2.54508 84.65000
v 139.65000 2.54508 84.39378
v 140.00000 2.54508 84.30000
v 140.35000 2.54508 84.39378
v 140.60622 2.54508 84.65000
v 140.00000 5.68000 85.00000
v 140.00000 2.32000 85.00000
v -152.78000 0.00000 156.00000
v -152.78000 3.20000 156.00000
v -152.82202 0.00000 156.12931
v -152.82202 3.20000 156.12931
v -152.93202 0.00000 156.20923
v -152.93202 3.20000 156.20923
v -153.06798 0.00000 156.20923
v -153.06798 3.20000 156.20923
v -153.17798 0.00000 156.12931
v -153.17798 3.20000 156.12931
v -153.22000 0.00000 156.00000
v -153.22000 3.20000 156.00000
v -153.17798 0.00000 155.87069
v -153.17798 3.20000 155.87069
v -153.06798 0.00000 155.79077
v -153.06798 3.20000 155.79077
v -152.93202 0.00000 155.79077
v -152.93202 3.20000 155.79077
v -152.82202 0.00000 155.87069
v -152.82202 3.20000 155.87069
v -152.30000 5.45492 156.00000
v -152.39378 5.45492 156.35000
v -152.65000 5.45492 156.60622
v -153.00000 5.45492 156.70000
v -153.35000 5.45492 156.60622
v -153.60622 5.45492 156.35000
v -153.70000 5.45492 156.00000
v -153.60622 5.45492 155.65000
v -153.35000 5.45492 155.39378
v -153.00000 5.45492 155.30000
v -152.65000 5.45492 155.39378
v -152.39378 5.45492 155.65000
v -151.78756 4.84000 156.00000
v -151.95000 4.84000 156.60622
v -152.39378 4.84000 157.05000
v -153.00000 4.84000 157.21244
v -153.60622 4.84000 157.05000
v -154.05000 4.84000 156.60622
v -154.21244 4.84000 156.00000
v -154.05000 4.84000 155.39378
v -153.60622 4.84000 154.95000
v -153.00000 4.84000 154.78756
v -152.39378 4.84000 154.95000
v -151.95000 4.84000 155.39378
v -151.60000 4.00000 156.00000
v -151.78756 4.00000 156.70000
v -152.30000 4.00000 157.21244
v -153.00000 4.00000 157.40000
v -153.70000 4.00000 157.21244
v -154.21244 4.00000 156.70000
v -154.40000 4.00000 156.00000
v -154.21244 4.00000 155.30000
v -153.70000 4.00000 154.78756
v -153.00000 4.00000 154.60000
v -152.30000 4.00000 154.78756
v -151.78756 4.00000 155.30000
v -151.78756 3.16000 156.00000
v -151.95000 3.16000 156.60622
v -152.39378 3.16000 157.05000
v -153.00000 3.16000 157.21244
v -153.60622 3.16000 157.05000
v -154.05000 3.16000 156.60622
v -154.21244 3.16000 156.00000
v -154.05000 3.16000 155.39378
v -153.60622 3.16000 154.95000
v -153.00000 3.16000 154.78756
v -152.39378 3.16000 154.95000
v -151.95000 3.16000 155.39378
v -152.30000 2.54508 156.00000
v -152.39378 2.54508 156.35000
v -152.65000 2.54508 156.60622
v -153.00000 2.54508 156.70000
v -153.35000 2.54508 156.60622
v -153.60622 2.54508 156.35000
v -153.70000 2.54508 156.00000
v -153.60622 2.54508 155.65000
v -153.35000 2.54508 155.39378
v -153.00000 2.54508 155.30000
v -152.65000 2.54508 155.39378
v -152.39378 2.54508 155.65000
v -153.00000 5.68000 156.00000
v -153.00000 2.32000 156.00000
v -105.78000 0.00000 -103.00000
v -105.78000 3.20000 -103.00000
v -105.82202 0.00000 -102.87069
v -105.82202 3.20000 -102.87069
v -105.93202 0.00000 -102.79077
v -105.93202 3.20000 -102.79077
v -106.06798 0.00000 -102.79077
v -106.06798 3.20000 -102.79077
v -106.17798 0.00000 -102.87069
v -106.17798 3.20000 -102.87069
v -106.22000 0.00000 -103.00000
v -106.22000 3.20000 -103.00000
v -106.17798 0.00000 -103.12931
v -106.17798 3.20000 -103.12931
v -106.06798 0.00000 -103.20923
v -106.06798 3.20000 -103.20923
v -105.93202 0.00000 -103.20923
v -105.93202 3.20000 -103.20923
v -105.82202 0.00000 -103.12931
v -105.82202 3.20000 -103.12931
v -105.30000 5.45492 -103.00000
v -105.39378 5.45492 -102.65000
v -105.65000 5.45492 -102.39378
v -106.00000 5.45492 -102.30000
v -106.35000 5.45492 -102.39378
v -106.60622 5.45492 -102.65000
v -106.70000 5.45492 -103.00000
v -106.60622 5.45492 -103.35000
v -106.35000 5.45492 -103.60622
v -106.00000 5.45492 -103.70000
v -105.65000 5.45492 -103.60622
v -105.39378 5.45492 -103.35000
v -104.78756 4.84000 -103.00000
v -104.95000 4.84000 -102.39378
v -105.39378 4.84000 -101.95000
v -106.00000 4.84000 -101.78756
v -106.60622 4.84000 -101.95000
v -107.05000 4.84000 -102.39378
v -107.21244 4.84000 -103.00000
v -107.05000 4.84000 -103.60622
v -106.60622 4.84000 -104.05000
v -106.00000 4.84000 -104.21244
v -105.39378 4.84000 -104.05000
v -104.95000 4.84000 -103.60622
v -104.60000 4.00000 -103.00000
v -104.78756 4.00000 -102.30000
v -105.30000 4.00000 -101.78756
v -106.00000 4.00000 -101.60000
v -106.70000 4.00000 -101.78756
v -107.21244 4.00000 -102.30000
v -107.40000 4.00000 -103.00000
v -107.21244 4.00000 -103.70000
v -106.70000 4.00000 -104.21244
v -106.00000 4.00000 -104.40000
v -105.30000 4.00000 -104.21244
v -104.78756 4.00000 -103.70000
v -104.78756 3.16000 -103.00000
v -104.95000 3.16000 -102.39378
v -105.39378 3.16000 -101.95000
v -106.00000 3.16000 -101.78756
v -106.60622 3.16000 -101.95000
v -107.05000 3.16000 -102.39378
v -107.21244 3.16000 -103.00000
v -107.05000 3.16000 -103.60622
v -106.60622 3.16000 -104.05000
v -106.00000 3.16000 -104.21244
v -105.39378 3.16000 -104.05000
v -104.95000 3.16000 -103.60622
v -105.30000 2.54508 -103.00000
v -105.39378 2.54508 -102.65000
v -105.65000 2.54508 -102.39378
v -106.00000 2.54508 -102.30000
v -106.35000 2.54508 -102.39378
v -106.60622 2.54508 -102.65000
v -106.70000 2.54508 -103.00000
v -106.60622 2.54508 -103.35000
v -106.35000 2.54508 -103.60622
v -106.00000 2.54508 -103.70000
v -105.65000 2.54508 -103.60622
v -105.39378 2.54508 -103.35000
v -106.00000 5.68000 -103.00000
v -106.00000 2.32000 -103.00000
v -58.78000 0.00000 -32.00000
v -58.78000 3.20000 -32.00000
v -58.82202 0.00000 -31.87069
v -58.82202 3.20000 -31.87069
v -58.93202 0.00000 -31.79077
v -58.93202 3.20000 -31.79077
v -59.06798 0.00000 -31.79077
v -59.06798 3.20000 -31.79077
v -59.17798 0.00000 -31.87069
v -59.17798 3.20000 -31.87069
v -59.22000 0.00000 -32.00000
v -59.22000 3.20000 -32.00000
v -59.17798 0.00000 -32.12931
v -59.17798 3.20000 -32.12931
v -59.06798 0.00000 -32.20923
v -59.06798 3.20000 -32.20923
v -58.93202 0.00000 -32.20923
v -58.93202 3.20000 -32.20923
v -58.82202 0.00000 -32.12931
v -58.82202 3.20000 -32.12931
v -58.30000 5.45492 -32.00000
v -58.39378 5.45492 -31.65000
v -58.65000 5.45492 -31.39378
v -59.00000 5.45492 -31.30000
v -59.35000 5.45492 -31.39378
v -59.60622 5.45492 -31.65000
v -59.70000 5.45492 -32.00000
v -59.60622 5.45492 -32.35000
v -59.35000 5.45492 -32.60622
v -59.00000 5.45492 -32.70000
v -58.65000 5.45492 -32.60622
v -58.39378 5.45492 -32.35000
v -57.78756 4.84000 -32.00000
v -57.95000 4.84000 -31.39378
v -58.39378 4.84000 -30.95000
v -59.00000 4.84000 -30.78756
v -59.60622 4.84000 -30.95000
v -60.05000 4.84000 -31.39378
v -60.21244 4.84000 -32.00000
v -60.05000 4.84000 -32.60622
v -59.60622 4.84000 -33.05000
v -59.00000 4.84000 -33.21244
v -58.39378 4.84000 -33.05000
v -57.95000 4.84000 -32.60622
v -57.60000 4.00000 -32.00000
v -57.78756 4.00000 -31.30000
v -58.30000 4.00000 -30.78756
v -59.00000 4.00000 -30.60000
v -59.70000 4.00000 -30.78756
v -60.21244 4.00000 -31.30000
v -60.40000 4.00000 -32.00000
v -60.21244 4.00000 -32.70000
v -59.70000 4.00000 -33.21244
v -59.00000 4.00000 -33.40000
v -58.30000 4.00000 -33.21244
v -57.78756 4.00000 -32.70000
v -57.78756 3.16000 -32.00000
v -57.95000 3.16000 -31.39378
v -58.39378 3.16000 -30.95000
v -59.00000 3.16000 -30.78756
v -59.60622 3.16000 -30.95000
v -60.05000 3.16000 -31.39378
v -60.21244 3.16000 -32.00000
v -60.05000 3.16000 -32.60622
v -59.60622 3.16000 -33.05000
v -59.00000 3.16000 -33.21244
v -58.39378 3.16000 -33.05000
v -57.95000 3.16000 -32.60622
v -58.30000 2.54508 -32.00000
v -58.39378 2.54508 -31.65000
v -58.65000 2.54508 -31.39378
v -59.00000 2.54508 -31.30000
v -59.35000 2.54508 -31.39378
v -59.60622 2.54508 -31.65000
v -59.70000 2.54508 -32.00000
v -59.60622 2.54508 -32.35000
v -59.35000 2.54508 -32.60622
v -59.00000 2.54508 -32.70000
v -58.65000 2.54508 -32.60622
v -58.39378 2.54508 -32.35000
v -59.00000 5.68000 -32.00000
v -59.00000 2.32000 -32.00000
v -11.78000 0.00000 39.00000
v -11.78000 3.20000 39.00000
v -11.82202 0.00000 39.12931
v -11.82202 3.20000 39.12931
v -11.93202 0.00000 39.20923
v -11.93202 3.20000 39.20923
v -12.06798 0.00000 39.20923
v -12.06798 3.20000 39.20923
v -12.17798 0.00000 39.12931
v -12.17798 3.20000 39.12931
v -12.22000 0.00000 39.00000
v -12.22000 3.20000 39.00000
v -12.17798 0.00000 38.87069
v -12.17798 3.20000 38.87069
v -12.06798 0.00000 38.79077
v -12.06798 3.20000 38.79077
v -11.93202 0.00000 38.79077
v -11.93202 3.20000 38.79077
v -11.82202 0.00000 38.87069
v -11.82202 3.20000 38.87069
v -11.30000 5.45492 39.00000
v -11.39378 5.45492 39.35000
v -11.65000 5.45492 39.60622
v -12.00000 5.45492 39.70000
v -12.35000 5.45492 39.60622
v -12.60622 5.45492 39.35000
v -12.70000 5.45492 39.00000
v -12.60622 5.45492 38.65000
v -12.35000 5.45492 38.39378
v -12.00000 5.45492 38.30000
v -11.65000 5.45492 38.39378
v -11.39378 5.45492 38.65000
v -10.78756 4.84000 39.00000
v -10.95000 4.84000 39.60622
v -11.39378 4.84000 40.05000
v -12.00000 4.84000 40.21244
v -12.60622 4.84000 40.05000
v -13.05000 4.84000 39.60622
v -13.21244 4.84000 39.00000
v -13.05000 4.84000 38.39378
v -12.60622 4.84000 37.95000
v -12.00000 4.84000 37.78756
v -11.39378 4.84000 37.95000
v -10.95000 4.84000 38.39378
v -10.60000 4.00000 39.00000
v -10.78756 4.00000 39.70000
v -11.30000 4.00000 40.21244
v -12.00000 4.00000 40.40000
v -12.70000 4.00000 40.21244
v -13.21244 4.00000 39.70000
v -13.40000 4.00000 39.00000
v -13.21244 4.00000 38.30000
v -12.70000 4.00000 37.78756
v -12.00000 4.00000 37.60000
v -11.30000 4.00000 37.78756
v -10.78756 4.00000 38.30000
v -10.78756 3.16000 39.00000
v -10.95000 3.16000 39.60622
v -11.39378 3.16000 40.05000
v -12.00000 3.16000 40.21244
v -12.60622 3.16000 40.05000
v -13.05000 3.16000 39.60622
v -13.21244 3.16000 39.00000
v -13.05000 3.16000 38.39378
v -12.60622 3.16000 37.95000
v -12.00000 3.16000 37.78756
v -11.39378 3.16000 37.95000
v -10.95000 3.16000 38.39378
v -11.30000 2.54508 39.00000
v -11.39378 2.54508 39.35000
v -11.65000 2.54508 39.60622
v -12.00000 2.54508 39.70000
v -12.35000 2.54508 39.60622
v -12.60622 2.54508 39.35000
v -12.70000 2.54508 39.00000
v -12.60622 2.54508 38.65000
v -12.35000 2.54508 38.39378
v -12.00000 2.54508 38.30000
v -11.65000 2.54508 38.39378
v -11.39378 2.54508 38.65000
v -12.00000 5.68000 39.00000
v -12.00000 2.32000 39.00000
v 35.22000 0.00000 110.00000
v 35.22000 3.20000 110.00000
v 35.17798 0.00000 110.12931
v 35.17798 3.20000 110.12931
v 35.06798 0.00000 110.20923
v 35.06798 3.20000 110.20923
v 34.93202 0.00000 110.20923
v 34.93202 3.20000 110.20923
v 34.82202 0.00000 110.12931
v 34.82202 3.20000 110.12931
v 34.78000 0.00000 110.00000
v 34.78000 3.20000 110.00000
v 34.82202 0.00000 109.87069
v 34.82202 3.20000 109.87069
v 34.93202 0.00000 109.79077
v 34.93202 3.20000 109.79077
v 35.06798 0.00000 109.79077
v 35.06798 3.20000 109.79077
v 35.17798 0.00000 109.87069
v 35.17798 3.20000 109.87069
v 35.70000 5.45492 110.00000
v 35.60622 5.45492 110.35000
v 35.35000 5.45492 110.60622
v 35.00000 5.45492 110.70000
v 34.65000 5.45492 110.60622
v 34.39378 5.45492 110.35000
v 34.30000 5.45492 110.00000
v 34.39378 5.45492 109.65000
v 34.65000 5.45492 109.39378
v 35.00000 5.45492 109.30000
v 35.35000 5.45492 109.39378
v 35.60622 5.45492 109.65000
v 36.21244 4.84000 110.00000
v 36.05000 4.84000 110.60622
v 35.60622 4.84000 111.05000
v 35.00000 4.84000 111.21244
v 34.39378 4.84000 111.05000
v 33.95000 4.84000 110.60622
v 33.78756 4.84000 110.00000
v 33.95000 4.84000 109.39378
v 34.39378 4.84000 108.95000
v 35.00000 4.84000 108.78756
v 35.60622 4.84000 108.95000
v 36.05000 4.84000 109.39378
v 36.40000 4.00000 110.00000
v 36.21244 4.00000 110.70000
v 35.70000 4.00000 111.21244
v 35.00000 4.00000 111.40000
v 34.30000 4.00000 111.21244
v 33.78756 4.00000 110.70000
v 33.60000 4.00000 110.00000
v 33.78756 4.00000 109.30000
v 34.30000 4.00000 108.78756
v 35.00000 4.00000 108.60000
v 35.70000 4.00000 108.78756
v 36.21244 4.00000 109.30000
v 36.21244 3.16000 110.00000
v 36.05000 3.16000 110.60622
v 35.60622 3.16000 111.05000
v 35.00000 3.16000 111.21244
v 34.39378 3.16000 111.05000
v 33.95000 3.16000 110.60622
v 33.78756 3.16000 110.00000
v 33.95000 3.16000 109.39378
v 34.39378 3.16000 108.95000
v 35.00000 3.16000 108.78756
v 35.60622 3.16000 108.95000
v 36.05000 3.16000 109.39378
v 35.70000 2.54508 110.00000
v 35.60622 2.54508 110.35000
v 35.35000 2.54508 110.60622
v 35.00000 2.54508 110.70000
v 34.65000 2.54508 110.60622
v 34.39378 2.54508 110.35000
v 34.30000 2.54508 110.00000
v 34.39378 2.54508 109.65000
v 34.65000 2.54508 109.39378
v 35.00000 2.54508 109.30000
v 35.35000 2.54508 109.39378
v 35.60622 2.54508 109.65000
v 35.00000 5.68000 110.00000
v 35.00000 2.32000 110.00000
v 82.22000 0.00000 -149.00000
v 82.22000 3.20000 -149.00000
v 82.17798 0.00000 -148.87069
v 82.17798 3.20000 -148.87069
v 82.06798 0.00000 -148.79077
v 82.06798 3.20000 -148.79077
v 81.93202 0.00000 -148.79077
v 81.93202 3.20000 -148.79077
v 81.82202 0.00000 -148.87069
v 81.82202 3.20000 -148.87069
v 81.78000 0.00000 -149.00000
v 81.78000 3.20000 -149.00000
v 81.82202 0.00000 -149.12931
v 81.82202 3.20000 -149.12931
v 81.93202 0.00000 -149.20923
v 81.93202 3.20000 -149.20923
v 82.06798 0.00000 -149.20923
v 82.06798 3.20000 -149.20923
v 82.17798 0.00000 -149.12931
v 82.17798 3.20000 -149.12931
v 82.70000 5.45492 -149.00000
v 82.60622 5.45492 -148.65000
v 82.35000 5.45492 -148.39378
v 82.00000 5.45492 -148.30000
v 81.65000 5.45492 -148.39378
v 81.39378 5.45492 -148.65000
v 81.30000 5.45492 -149.00000
v 81.39378 5.45492 -149.35000
v 81.65000 5.45492 -149.60622
v 82.00000 5.45492 -149.70000
v 82.35000 5.45492 -149.60622
v 82.60622 5.45492 -149.35000
v 83.21244 4.84000 -149.00000
v 83.05000 4.84000 -148.39378
v 82.60622 4.84000 -147.95000
v 82.00000 4.84000 -147.78756
v 81.39378 4.84000 -147.95000
v 80.95000 4.84000 -148.39378
v 80.78756 4.84000 -149.00000
v 80.95000 4.84000 -149.60622
v 81.39378 4.84000 -150.05000
v 82.00000 4.84000 -150.21244
v 82.60622 4.84000 -150.05000
v 83.05000 4.84000 -149.60622
v 83.40000 4.00000 -149.00000
v 83.21244 4.00000 -148.30000
v 82.70000 4.00000 -147.78756
v 82.00000 4.00000 -147.60000
v 81.30000 4.00000 -147.78756
v 80.78756 4.00000 -148.30000
v 80.60000 4.00000 -149.00000
v 80.78756 4.00000 -149.70000
v 81.30000 4.00000 -150.21244
v 82.00000 4.00000 -150.40000
v 82.70000 4.00000 -150.21244
v 83.21244 4.00000 -149.70000
v 83.21244 3.16000 -149.00000
v 83.05000 3.16000 -148.39378
v 82.60622 3.16000 -147.95000
v 82.00000 3.16000 -147.78756
v 81.39378 3.16000 -147.95000
v 80.95000 3.16000 -148.39378
v 80.78756 3.16000 -149.00000
v 80.95000 3.16000 -149.60622
v 81.39378 3.16000 -150.05000
v 82.00000 3.16000 -150.21244
v 82.60622 3.16000 -150.05000
v 83.05000 3.16000 -149.60622
v 82.70000 2.54508 -149.00000
v 82.60622 2.54508 -148.65000
v 82.35000 2.54508 -148.39378
v 82.00000 2.54508 -148.30000
v 81.65000 2.54508 -148.39378
v 81.39378 2.54508 -148.65000
v 81.30000 2.54508 -149.00000
v 81.39378 2.54508 -149.35000
v 81.65000 2.54508 -149.60622
v 82.00000 2.54508 -149.70000
v 82.35000 2.54508 -149.60622
v 82.60622 2.54508 -149.35000
v 82.00000 5.68000 -149.00000
v 82.00000 2.32000 -149.00000
v 129.22000 0.00000 -78.00000
v 129.22000 3.20000 -78.00000
v 129.17798 0.00000 -77.87069
v 129.17798 3.20000 -77.87069
v 129.06798 0.00000 -77.79077
v 129.06798 3.20000 -77.79077
v 128.93202 0.00000 -77.79077
v 128.93202 3.20000 -77.79077
v 128.82202 0.00000 -77.87069
v 128.82202 3.20000 -77.87069
v 128.78000 0.00000 -78.00000
v 128.78000 3.20000 -78.00000
v 128.82202 0.00000 -78.12931
v 128.82202 3.20000 -78.12931
v 128.93202 0.00000 -78.20923
v 128.93202 3.20000 -78.20923
v 129.06798 0.00000 -78.20923
v 129.06798 3.20000 -78.20923
v 129.17798 0.00000 -78.12931
v 129.17798 3.20000 -78.12931
v 129.70000 5.45492 -78.00000
v 129.60622 5.45492 -77.65000
v 129.35000 5.45492 -77.39378
v 129.00000 5.45492 -77.30000
v 128.65000 5.45492 -77.39378
v 128.39378 5.45492 -77.65000
v 128.30000 5.45492 -78.00000
v 128.39378 5.45492 -78.35000
v 128.65000 5.45492 -78.60622
v 129.00000 5.45492 -78.70000
v 129.35000 5.45492 -78.60622
v 129.60622 5.45492 -78.35000
v 130.21244 4.84000 -78.00000
v 130.05000 4.84000 -77.39378
v 129.60622 4.84000 -76.95000
v 129.00000 4.84000 -76.78756
v 128.39378 4.84000 -76.95000
v 127.95000 4.84000 -77.39378
v 127.78756 4.84000 -78.00000
v 127.95000 4.84000 -78.60622
v 128.39378 4.84000 -79.05000
v 129.00000 4.84000 -79.21244
v 129.60622 4.84000 -79.05000
v 130.05000 4.84000 -78.60622
v 130.40000 4.00000 -78.00000
v 130.21244 4.00000 -77.30000
v 129.70000 4.00000 -76.78756
v 129.00000 4.00000 -76.60000
v 128.30000 4.00000 -76.78756
v 127.78756 4.00000 -77.30000
v 127.60000 4.00000 -78.00000
v 127.78756 4.00000 -78.70000
v 128.30000 4.00000 -79.21244
v 129.00000 4.00000 -79.40000
v 129.70000 4.00000 -79.21244
v 130.21244 4.00000 -78.70000
v 130.21244 3.16000 -78.00000
v 130.05000 3.16000 -77.39378
v 129.60622 3.16000 -76.95000
v 129.00000 3.16000 -76.78756
v 128.39378 3.16000 -76.95000
v 127.95000 3.16000 -77.39378
v 127.78756 3.16000 -78.00000
v 127.95000 3.16000 -78.60622
v 128.39378 3.16000 -79.05000
v 129.00000 3.16000 -79.21244
v 129.60622 3.16000 -79.05000
v 130.05000 3.16000 -78.60622
v 129.70000 2.54508 -78.00000
v 129.60622 2.54508 -77.65000
v 129.35000 2.54508 -77.39378
v 129.00000 2.54508 -77.30000
v 128.65000 2.54508 -77.39378
v 128.39378 2.54508 -77.65000
v 128.30000 2.54508 -78.00000
v 128.39378 2.54508 -78.35000
v 128.65000 2.54508 -78.60622
v 129.00000 2.54508 -78.70000
v 129.35000 2.54508 -78.60622
v 129.60622 2.54508 -78.35000
v 129.00000 5.68000 -78.00000
v 129.00000 2.32000 -78.00000
v -163.78000 0.00000 -7.00000
v -163.78000 3.20000 -7.00000
v -163.82202 0.00000 -6.87069
v -163.82202 3.20000 -6.87069
v -163.93202 0.00000 -6.79077
v -163.93202 3.20000 -6.79077
v -164.06798 0.00000 -6.79077
v -164.06798 3.20000 -6.79077
v -164.17798 0.00000 -6.87069
v -164.17798 3.20000 -6.87069
v -164.22000 0.00000 -7.00000
v -164.22000 3.20000 -7.00000
v -164.17798 0.00000 -7.12931
v -164.17798 3.20000 -7.12931
v -164.06798 0.00000 -7.20923
v -164.06798 3.20000 -7.20923
v -163.93202 0.00000 -7.20923
v -163.93202 3.20000 -7.20923
v -163.82202 0.00000 -7.12931
v -163.82202 3.20000 -7.12931
v -163.30000 5.45492 -7.00000
v -163.39378 5.45492 -6.65000
v -163.65000 5.45492 -6.39378
v -164.00000 5.45492 -6.30000
v -164.35000 5.45492 -6.39378
v -164.60622 5.45492 -6.65000
v -164.70000 5.45492 -7.00000
v -164.60622 5.45492 -7.35000
v -164.35000 5.45492 -7.60622
v -164.00000 5.45492 -7.70000
v -163.65000 5.45492 -7.60622
v -163.39378 5.45492 -7.35000
v -162.78756 4.84000 -7.00000
v -162.95000 4.84000 -6.39378
v -163.39378 4.84000 -5.95000
v -164.00000 4.84000 -5.78756
v -164.60622 4.84000 -5.95000
v -165.05000 4.84000 -6.39378
v -165.21244 4.84000 -7.00000
v -165.05000 4.84000 -7.60622
v -164.60622 4.84000 -8.05000
v -164.00000 4.84000 -8.21244
v -163.39378 4.84000 -8.05000
v -162.95000 4.84000 -7.60622
v -162.60000 4.00000 -7.00000
v -162.78756 4.00000 -6.30000
v -163.30000 4.00000 -5.78756
v -164.00000 4.00000 -5.60000
v -164.70000 4.00000 -5.78756
v -165.21244 4.00000 -6.30000
v -165.40000 4.00000 -7.00000
v -165.21244 4.00000 -7.70000
v -164.70000 4.00000 -8.21244
v -164.00000 4.00000 -8.40000
v -163.30000 4.00000 -8.21244
v -162.78756 4.00000 -7.70000
v -162.78756 3.16000 -7.00000
v -162.95000 3.16000 -6.39378
v -163.39378 3.16000 -5.95000
v -164.00000 3.16000 -5.78756
v -164.60622 3.16000 -5.95000
v -165.05000 3.16000 -6.39378
v -165.21244 3.16000 -7.00000
v -165.05000 3.16000 -7.60622
v -164.60622 3.16000 -8.05000
v -164.00000 3.16000 -8.21244
v -163.39378 3.16000 -8.05000
v -162.95000 3.16000 -7.60622
v -163.30000 2.54508 -7.00000
v -163.39378 2.54508 -6.65000
v -163.65000 2.54508 -6.39378
v -164.00000 2.54508 -6.30000
v -164.35000 2.54508 -6.39378
v -164.60622 2.54508 -6.65000
v -164.70000 2.54508 -7.00000
v -164.60622 2.54508 -7.35000
v -164.35000 2.54508 -7.60622
v -164.00000 2.54508 -7.70000
v -163.65000 2.54508 -7.60622
v -163.39378 2.54508 -7.35000
v -164.00000 5.68000 -7.00000
v -164.00000 2.32000 -7.00000
v -116.78000 0.00000 64.00000
v -116.78000 3.20000 64.00000
v -116.82202 0.00000 64.12931
v -116.82202 3.20000 64.12931
v -116.93202 0.00000 64.20923
v -116.93202 3.20000 64.20923
v -117.06798 0.00000 64.20923
v -117.06798 3.20000 64.20923
v -117.17798 0.00000 64.12931
v -117.17798 3.20000 64.12931
v -117.22000 0.00000 64.00000
v -117.22000 3.20000 64.00000
v -117.17798 0.00000 63.87069
v -117.17798 3.20000 63.87069
v -117.06798 0.00000 63.79077
v -117.06798 3.20000 63.79077
v -116.93202 0.00000 63.79077
v -116.93202 3.20000 63.79077
v -116.82202 0.00000 63.87069
v -116.82202 3.20000 63.87069
v -116.30000 5.45492 64.00000
v -116.39378 5.45492 64.35000
v -116.65000 5.45492 64.60622
v -117.00000 5.45492 64.70000
v -117.35000 5.45492 64.60622
v -117.60622 5.45492 64.35000
v -117.70000 5.45492 64.00000
v -117.60622 5.45492 63.65000
v -117.35000 5.45492 63.39378
v -117.00000 5.45492 63.30000
v -116.65000 5.45492 63.39378
v -116.39378 5.45492 63.65000
v -115.78756 4.84000 64.00000
v -115.95000 4.84000 64.60622
v -116.39378 4.84000 65.05000
v -117.00000 4.84000 65.21244
v -117.60622 4.84000 65.05000
v -118.05000 4.84000 64.60622
v -118.21244 4.84000 64.00000
v -118.05000 4.84000 63.39378
v -117.60622 4.84000 62.95000
v -117.00000 4.84000 62.78756
v -116.39378 4.84000 62.95000
v -115.95000 4.84000 63.39378
v -115.60000 4.00000 64.00000
v -115.78756 4.00000 64.70000
v -116.30000 4.00000 65.21244
v -117.00000 4.00000 65.40000
v -117.70000 4.00000 65.21244
v -118.21244 4.00000 64.70000
v -118.40000 4.00000 64.00000
v -118.21244 4.00000 63.30000
v -117.70000 4.00000 62.78756
v -117.00000 4.00000 62.60000
v -116.30000 4.00000 62.78756
v -115.78756 4.00000 63.30000
v -115.78756 3.16000 64.00000
v -115.95000 3.16000 64.60622
v -116.39378 3.16000 65.05000
v -117.00000 3.16000 65.21244
v -117.60622 3.16000 65.05000
v -118.05000 3.16000 64.60622
v -118.21244 3.16000 64.00000
v -118.05000 3.16000 63.39378
v -117.60622 3.16000 62.95000
v -117.00000 3.16000 62.78756
v -116.39378 3.16000 62.95000
v -115.95000 3.16000 63.39378
v -116.30000 2.54508 64.00000
v -116.39378 2.54508 64.35000
v -116.65000 2.54508 64.60622
v -117.00000 2.54508 64.70000
v -117.35000 2.54508 64.60622
v -117.60622 2.54508 64.35000
v -117.70000 2.54508 64.00000
v -117.60622 2.54508 63.65000
v -117.35000 2.54508 63.39378
v -117.00000 2.54508 63.30000
v -116.65000 2.54508 63.39378
v -116.39378 2.54508 63.65000
v -117.00000 5.68000 64.00000
v -117.00000 2.32000 64.00000
v -69.78000 0.00000 135.00000
v -69.78000 3.20000 135.00000
v -69.82202 0.00000 135.12931
v -69.82202 3.20000 135.12931
v -69.93202 0.00000 135.20923
v -69.93202 3.20000 135.20923
v -70.06798 0.00000 135.20923
v -70.06798 3.20000 135.20923
v -70.17798 0.00000 135.12931
v -70.17798 3.20000 135.12931
v -70.22000 0.00000 135.00000
v -70.22000 3.20000 135.00000
v -70.17798 0.00000 134.87069
v -70.17798 3.20000 134.87069
v -70.06798 0.00000 134.79077
v -70.06798 3.20000 134.79077
v -69.93202 0.00000 134.79077
v -69.93202 3.20000 134.79077
v -69.82202 0.00000 134.87069
v -69.82202 3.20000 134.87069
v -69.30000 5.45492 135.00000
v -69.39378 5.45492 135.35000
v -69.65000 5.45492 135.60622
v -70.00000 5.45492 135.70000
v -70.35000 5.45492 135.60622
v -70.60622 5.45492 135.35000
v -70.70000 5.45492 135.00000
v -70.60622 5.45492 134.65000
v -70.35000 5.45492 134.39378
v -70.00000 5.45492 134.30000
v -69.65000 5.45492 134.39378
v -69.39378 5.45492 134.65000
v -68.78756 4.84000 135.00000
v -68.95000 4.84000 135.60622
v -69.39378 4.84000 136.05000
v -70.00000 4.84000 136.21244
v -70.60622 4.84000 136.05000
v -71.05000 4.84000 135.60622
v -71.21244 4.84000 135.00000
v -71.05000 4.84000 134.39378
v -70.60622 4.84000 133.95000
v -70.00000 4.84000 133.78756
v -69.39378 4.84000 133.95000
v -68.95000 4.84000 134.39378
v -68.60000 4.00000 135.00000
v -68.78756 4.00000 135.70000
v -69.30000 4.00000 136.21244
v -70.00000 4.00000 136.40000
v -70.70000 4.00000 136.21244
v -71.21244 4.00000 135.70000
v -71.40000 4.00000 135.00000
v -71.21244 4.00000 134.30000
v -70.70000 4.00000 133.78756
v -70.00000 4.00000 133.60000
v -69.30000 4.00000 133.78756
v -68.78756 4.00000 134.30000
v -68.78756 3.16000 135.00000
v -68.95000 3.16000 135.60622
v -69.39378 3.16000 136.05000
v -70.00000 3.16000 136.21244
v -70.60622 3.16000 136.05000
v -71.05000 3.16000 135.60622
v -71.21244 3.16000 135.00000
v -71.05000 3.16000 134.39378
v -70.60622 3.16000 133.95000
v -70.00000 3.16000 133.78756
v -69.39378 3.16000 133.95000
v -68.95000 3.16000 134.39378
v -69.30000 2.54508 135.00000
v -69.39378 2.54508 135.35000
v -69.65000 2.54508 135.60622
v -70.00000 2.54508 135.70000
v -70.35000 2.54508 135.60622
v -70.60622 2.54508 135.35000
v -70.70000 2.54508 135.00000
v -70.60622 2.54508 134.65000
v -70.35000 2.54508 134.39378
v -70.00000 2.54508 134.30000
v -69.65000 2.54508 134.39378
v -69.39378 2.54508 134.65000
v -70.00000 5.68000 135.00000
v -70.00000 2.32000 135.00000
v -22.78000 0.00000 -124.00000
v -22.78000 3.20000 -124.00000
v -22.82202 0.00000 -123.87069
v -22.82202 3.20000 -123.87069
v -22.93202 0.00000 -123.79077
v -22.93202 3.20000 -123.79077
v -23.06798 0.00000 -123.79077
v -23.06798 3.20000 -123.79077
v -23.17798 0.00000 -123.87069
v -23.17798 3.20000 -123.87069
v -23.22000 0.00000 -124.00000
v -23.22000 3.20000 -124.00000
v -23.17798 0.00000 -124.12931
v -23.17798 3.20000 -124.12931
v -23.06798 0.00000 -124.20923
v -23.06798 3.20000 -124.20923
v -22.93202 0.00000 -124.20923
v -22.93202 3.20000 -124.20923
v -22.82202 0.00000 -124.12931
v -22.82202 3.20000 -124.12931
v -22.30000 5.45492 -124.00000
v -22.39378 5.45492 -123.65000
v -22.65000 5.45492 -123.39378
v -23.00000 5.45492 -123.30000
v -23.35000 5.45492 -123.39378
v -23.60622 5.45492 -123.65000
v -23.70000 5.45492 -124.00000
v -23.60622 5.45492 -124.35000
v -23.35000 5.45492 -124.60622
v -23.00000 5.45492 -124.70000
v -22.65000 5.45492 -124.60622
v -22.39378 5.45492 -124.35000
v -21.78756 4.84000 -124.00000
v -21.95000 4.84000 -123.39378
v -22.39378 4.84000 -122.95000
v -23.00000 4.84000 -122.78756
v -23.60622 4.84000 -122.95000
v -24.05000 4.84000 -123.39378
v -24.21244 4.84000 -124.00000
v -24.05000 4.84000 -124.60622
v -23.60622 4.84000 -125.05000
v -23.00000 4.84000 -125.21244
v -22.39378 4.84000 -125.05000
v -21.95000 4.84000 -124.60622
v -21.60000 4.00000 -124.00000
v -21.78756 4.00000 -123.30000
v -22.30000 4.00000 -122.78756
v -23.00000 4.00000 -122.60000
v -23.70000 4.00000 -122.78756
v -24.21244 4.00000 -123.30000
v -24.40000 4.00000 -124.00000
v -24.21244 4.00000 -124.70000
v -23.70000 4.00000 -125.21244
v -23.00000 4.00000 -125.40000
v -22.30000 4.00000 -125.21244
v -21.78756 4.00000 -124.70000
v -21.78756 3.16000 -124.00000
v -21.95000 3.16000 -123.39378
v -22.39378 3.16000 -122.95000
v -23.00000 3.16000 -122.78756
v -23.60622 3.16000 -122.95000
v -24.05000 3.16000 -123.39378
v -24.21244 3.16000 -124.00000
v -24.05000 3.16000 -124.60622
v -23.60622 3.16000 -125.05000
v -23.00000 3.16000 -125.21244
v -22.39378 3.16000 -125.05000
v -21.95000 3.16000 -124.60622
v -22.30000 2.54508 -124.00000
v -22.39378 2.54508 -123.65000
v -22.65000 2.54508 -123.39378
v -23.00000 2.54508 -123.30000
v -23.35000 2.54508 -123.39378
v -23.60622 2.54508 -123.65000
v -23.70000 2.54508 -124.00000
v -23.60622 2.54508 -124.35000
v -23.35000 2.54508 -124.60622
v -23.00000 2.54508 -124.70000
v -22.65000 2.54508 -124.60622
v -22.39378 2.54508 -124.35000
v -23.00000 5.68000 -124.00000
v -23.00000 2.32000 -124.00000
v 24.22000 0.00000 -53.00000
v 24.22000 3.20000 -53.00000
v 24.17798 0.00000 -52.87069
v 24.17798 3.20000 -52.87069
v 24.06798 0.00000 -52.79077
v 24.06798 3.20000 -52.79077
v 23.93202 0.00000 -52.79077
v 23.93202 3.20000 -52.79077
v 23.82202 0.00000 -52.87069
v 23.82202 3.20000 -52.87069
v 23.78000 0.00000 -53.00000
v 23.78000 3.20000 -53.00000
v 23.82202 0.00000 -53.12931
v 23.82202 3.20000 -53.12931
v 23.93202 0.00000 -53.20923
v 23.93202 3.20000 -53.20923
v 24.06798 0.00000 -53.20923
v 24.06798 3.20000 -53.20923
v 24.17798 0.00000 -53.12931
v 24.17798 3.20000 -53.12931
v 24.70000 5.45492 -53.00000
v 24.60622 5.45492 -52.65000
v 24.35000 5.45492 -52.39378
v 24.00000 5.45492 -52.30000
v 23.65000 5.45492 -52.39378
v 23.39378 5.45492 -52.65000
v 23.30000 5.45492 -53.00000
v 23.39378 5.45492 -53.35000
v 23.65000 5.45492 -53.60622
v 24.00000 5.45492 -53.70000
v 24.35000 5.45492 -53.60622
v 24.60622 5.45492 -53.35000
v 25.21244 4.84000 -53.00000
v 25.05000 4.84000 -52.39378
v 24.60622 4.84000 -51.95000
v 24.00000 4.84000 -51.78756
v 23.39378 4.84000 -51.95000
v 22.95000 4.84000 -52.39378
v 22.78756 4.84000 -53.00000
v 22.95000 4.84000 -53.60622
v 23.39378 4.84000 -54.05000
v 24.00000 4.84000 -54.21244
v 24.60622 4.84000 -54.05000
v 25.05000 4.84000 -53.60622
v 25.40000 4.00000 -53.00000
v 25.21244 4.00000 -52.30000
v 24.70000 4.00000 -51.78756
v 24.00000 4.00000 -51.60000
v 23.30000 4.00000 -51.78756
v 22.78756 4.00000 -52.30000
v 22.60000 4.00000 -53.00000
v 22.78756 4.00000 -53.70000
v 23.30000 4.00000 -54.21244
v 24.00000 4.00000 -54.40000
v 24.70000 4.00000 -54.21244
v 25.21244 4.00000 -53.70000
v 25.21244 3.16000 -53.00000
v 25.05000 3.16000 -52.39378
v 24.60622 3.16000 -51.95000
v 24.00000 3.16000 -51.78756
v 23.39378 3.16000 -51.95000
v 22.95000 3.16000 -52.39378
v 22.78756 3.16000 -53.00000
v 22.95000 3.16000 -53.60622
v 23.39378 3.16000 -54.05000
v 24.00000 3.16000 -54.21244
v 24.60622 3.16000 -54.05000
v 25.05000 3.16000 -53.60622
v 24.70000 2.54508 -53.00000
v 24.60622 2.54508 -52.65000
v 24.35000 2.54508 -52.39378
v 24.00000 2.54508 -52.30000
v 23.65000 2.54508 -52.39378
v 23.39378 2.54508 -52.65000
v 23.30000 2.54508 -53.00000
v 23.39378 2.54508 -53.35000
v 23.65000 2.54508 -53.60622
v 24.00000 2.54508 -53.70000
v 24.35000 2.54508 -53.60622
v 24.60622 2.54508 -53.35000
v 24.00000 5.68000 -53.00000
v 24.00000 2.32000 -53.00000
v 71.22000 0.00000 18.00000
v 71.22000 3.20000 18.00000
v 71.17798 0.00000 18.12931
v 71.17798 3.20000 18.12931
v 71.06798 0.00000 18.20923
v 71.06798 3.20000 18.20923
v 70.93202 0.00000 18.20923
v 70.93202 3.20000 18.20923
v 70.82202 0.00000 18.12931
v 70.82202 3.20000 18.12931
v 70.78000 0.00000 18.00000
v 70.78000 3.20000 18.00000
v 70.82202 0.00000 17.87069
v 70.82202 3.20000 17.87069
v 70.93202 0.00000 17.79077
v 70.93202 3.20000 17.79077
v 71.06798 0.00000 17.79077
v 71.06798 3.20000 17.79077
v 71.17798 0.00000 17.87069
v 71.17798 3.20000 17.87069
v 71.70000 5.45492 18.00000
v 71.60622 5.45492 18.35000
v 71.35000 5.45492 18.60622
v 71.00000 5.45492 18.70000
v 70.65000 5.45492 18.60622
v 70.39378 5.45492 18.35000
v 70.30000 5.45492 18.00000
v 70.39378 5.45492 17.65000
v 70.65000 5.45492 17.39378
v 71.00000 5.45492 17.30000
v 71.35000 5.45492 17.39378
v 71.60622 5.45492 17.65000
v 72.21244 4.84000 18.00000
v 72.05000 4.84000 18.60622
v 71.60622 4.84000 19.05000
v 71.00000 4.84000 19.21244
v 70.39378 4.84000 19.05000
v 69.95000 4.84000 18.60622
v 69.78756 4.84000 18.00000
v 69.95000 4.84000 17.39378
v 70.39378 4.84000 16.95000
v 71.00000 4.84000 16.78756
v 71.60622 4.84000 16.95000
v 72.05000 4.84000 17.39378
v 72.40000 4.00000 18.00000
v 72.21244 4.00000 18.70000
v 71.70000 4.00000 19.21244
v 71.00000 4.00000 19.40000
v 70.30000 4.00000 19.21244
v 69.78756 4.00000 18.70000
v 69.60000 4.00000 18.00000
v 69.78756 4.00000 17.30000
v 70.30000 4.00000 16.78756
v 71.00000 4.00000 16.60000
v 71.70000 4.00000 16.78756
v 72.21244 4.00000 17.30000
v 72.21244 3.16000 18.00000
v 72.05000 3.16000 18.60622
v 71.60622 3.16000 19.05000
v 71.00000 3.16000 19.21244
v 70.39378 3.16000 19.05000
v 69.95000 3.16000 18.60622
v 69.78756 3.16000 18.00000
v 69.95000 3.16000 17.39378
v 70.39378 3.16000 16.95000
v 71.00000 3.16000 16.78756
v 71.60622 3.16000 16.95000
v 72.05000 3.16000 17.39378
v 71.70000 2.54508 18.00000
v 71.60622 2.54508 18.35000
v 71.35000 2.54508 18.60622
v 71.00000 2.54508 18.70000
v 70.65000 2.54508 18.60622
v 70.39378 2.54508 18.35000
v 70.30000 2.54508 18.00000
v 70.39378 2.54508 17.65000
v 70.65000 2.54508 17.39378
v 71.00000 2.54508 17.30000
v 71.35000 2.54508 17.39378
v 71.60622 2.54508 17.65000
v 71.00000 5.68000 18.00000
v 71.00000 2.32000 18.00000
v 118.22000 0.00000 89.00000
v 118.22000 3.20000 89.00000
v 118.17798 0.00000 89.12931
v 118.17798 3.20000 89.12931
v 118.06798 0.00000 89.20923
v 118.06798 3.20000 89.20923
v 117.93202 0.00000 89.20923
v 117.93202 3.20000 89.20923
v 117.82202 0.00000 89.12931
v 117.82202 3.20000 89.12931
v 117.78000 0.00000 89.00000
v 117.78000 3.20000 89.00000
v 117.82202 0.00000 88.87069
v 117.82202 3.20000 88.87069
v 117.93202 0.00000 88.79077
v 117.93202 3.20000 88.79077
v 118.06798 0.00000 88.79077
v 118.06798 3.20000 88.79077
v 118.17798 0.00000 88.87069
v 118.17798 3.20000 88.87069
v 118.70000 5.45492 89.00000
v 118.60622 5.45492 89.35000
v 118.35000 5.45492 89.60622
v 118.00000 5.45492 89.70000
v 117.65000 5.45492 89.60622
v 117.39378 5.45492 89.35000
v 117.30000 5.45492 89.00000
v 117.39378 5.45492 88.65000
v 117.65000 5.45492 88.39378
v 118.00000 5.45492 88.30000
v 118.35000 5.45492 88.39378
v 118.60622 5.45492 88.65000
v 119.21244 4.84000 89.00000
v 119.05000 4.84000 89.60622
v 118.60622 4.84000 90.05000
v 118.00000 4.84000 90.21244
v 117.39378 4.84000 90.05000
v 116.95000 4.84000 89.60622
v 116.78756 4.84000 89.00000
v 116.95000 4.84000 88.39378
v 117.39378 4.84000 87.95000
v 118.00000 4.84000 87.78756
v 118.60622 4.84000 87.95000
v 119.05000 4.84000 88.39378
v 119.40000 4.00000 89.00000
v 119.21244 4.00000 89.70000
v 118.70000 4.00000 90.21244
v 118.00000 4.00000 90.40000
v 117.30000 4.00000 90.21244
v 116.78756 4.00000 89.70000
v 116.60000 4.00000 89.00000
v 116.78756 4.00000 88.30000
v 117.30000 4.00000 87.78756
v 118.00000 4.00000 87.60000
v 118.70000 4.00000 87.78756
v 119.21244 4.00000 88.30000
v 119.21244 3.16000 89.00000
v 119.05000 3.16000 89.60622
v 118.60622 3.16000 90.05000
v 118.00000 3.16000 90.21244
v 117.39378 3.16000 90.05000
v 116.95000 3.16000 89.60622
v 116.78756 3.16000 89.00000
v 116.95000 3.16000 88.39378
v 117.39378 3.16000 87.95000
v 118.00000 3.16000 87.78756
v 118.60622 3.16000 87.95000
v 119.05000 3.16000 88.39378
v 118.70000 2.54508 89.00000
v 118.60622 2.54508 89.35000
v 118.35000 2.54508 89.60622
v 118.00000 2.54508 89.70000
v 117.65000 2.54508 89.60622
v 117.39378 2.54508 89.35000
v 117.30000 2.54508 89.00000
v 117.39378 2.54508 88.65000
v 117.65000 2.54508 88.39378
v 118.00000 2.54508 88.30000
v 118.35000 2.54508 88.39378
v 118.60622 2.54508 88.65000
v 118.00000 5.68000 89.00000
v 118.00000 2.32000 89.00000
v 165.22000 0.00000 160.00000
v 165.22000 3.20000 160.00000
v 165.17798 0.00000 160.12931
v 165.17798 3.20000 160.12931
v 165.06798 0.00000 160.20923
v 165.06798 3.20000 160.20923
v 164.93202 0.00000 160.20923
v 164.93202 3.20000 160.20923
v 164.82202 0.00000 160.12931
v 164.82202 3.20000 160.12931
v 164.78000 0.00000 160.00000
v 164.78000 3.20000 160.00000
v 164.82202 0.00000 159.87069
v 164.82202 3.20000 159.87069
v 164.93202 0.00000 159.79077
v 164.93202 3.20000 159.79077
v 165.06798 0.00000 159.79077
v 165.06798 3.20000 159.79077
v 165.17798 0.00000 159.87069
v 165.17798 3.20000 159.87069
v 165.70000 5.45492 160.00000
v 165.60622 5.45492 160.35000
v 165.35000 5.45492 160.60622
v 165.00000 5.45492 160.70000
v 164.65000 5.45492 160.60622
v 164.39378 5.45492 160.35000
v 164.30000 5.45492 160.00000
v 164.39378 5.45492 159.65000
v 164.65000 5.45492 159.39378
v 165.00000 5.45492 159.30000
v 165.35000 5.45492 159.39378
v 165.60622 5.45492 159.65000
v 166.21244 4.84000 160.00000
v 166.05000 4.84000 160.60622
v 165.60622 4.84000 161.05000
v 165.00000 4.84000 161.21244
v 164.39378 4.84000 161.05000
v 163.95000 4.84000 160.60622
v 163.78756 4.84000 160.00000
v 163.95000 4.84000 159.39378
v 164.39378 4.84000 158.95000
v 165.00000 4.84000 158.78756
v 165.60622 4.84000 158.95000
v 166.05000 4.84000 159.39378
v 166.40000 4.00000 160.00000
v 166.21244 4.00000 160.70000
v 165.70000 4.00000 161.21244
v 165.00000 4.00000 161.40000
v 164.30000 4.00000 161.21244
v 163.78756 4.00000 160.70000
v 163.60000 4.00000 160.00000
v 163.78756 4.00000 159.30000
v 164.30000 4.00000 158.78756
v 165.00000 4.00000 158.60000
v 165.70000 4.00000 158.78756
v 166.21244 4.00000 159.30000
v 166.21244 3.16000 160.00000
v 166.05000 3.16000 160.60622
v 165.60622 3.16000 161.05000
v 165.00000 3.16000 161.21244
v 164.39378 3.16000 161.05000
v 163.95000 3.16000 160.60622
v 163.78756 3.16000 160.00000
v 163.95000 3.16000 159.39378
v 164.39378 3.16000 158.95000
v 165.00000 3.16000 158.78756
v 165.60622 3.16000 158.95000
v 166.05000 3.16000 159.39378
v 165.70000 2.54508 160.00000
v 165.60622 2.54508 160.35000
v 165.35000 2.54508 160.60622
v 165.00000 2.54508 160.70000
v 164.65000 2.54508 160.60622
v 164.39378 2.54508 160.35000
v 164.30000 2.54508 160.00000
v 164.39378 2.54508 159.65000
v 164.65000 2.54508 159.39378
v 165.00000 2.54508 159.30000
v 165.35000 2.54508 159.39378
v 165.60622 2.54508 159.65000
v 165.00000 5.68000 160.00000
v 165.00000 2.32000 160.00000
v -127.78000 0.00000 -99.00000
v -127.78000 3.20000 -99.00000
v -127.82202 0.00000 -98.87069
v -127.82202 3.20000 -98.87069
v -127.93202 0.00000 -98.79077
v -127.93202 3.20000 -98.79077
v -128.06798 0.00000 -98.79077
v -128.06798 3.20000 -98.79077
v -128.17798 0.00000 -98.87069
v -128.17798 3.20000 -98.87069
v -128.22000 0.00000 -99.00000
v -128.22000 3.20000 -99.00000
v -128.17798 0.00000 -99.12931
v -128.17798 3.20000 -99.12931
v -128.06798 0.00000 -99.20923
v -128.06798 3.20000 -99.20923
v -127.93202 0.00000 -99.20923
v -127.93202 3.20000 -99.20923
v -127.82202 0.00000 -99.12931
v -127.82202 3.20000 -99.12931
v -127.30000 5.45492 -99.00000
v -127.39378 5.45492 -98.65000
v -127.65000 5.45492 -98.39378
v -128.00000 5.45492 -98.30000
v -128.35000 5.45492 -98.39378
v -128.60622 5.45492 -98.65000
v -128.70000 5.45492 -99.00000
v -128.60622 5.45492 -99.35000
v -128.35000 5.45492 -99.60622
v -128.00000 5.45492 -99.70000
v -127.65000 5.45492 -99.60622
v -127.39378 5.45492 -99.35000
v -126.78756 4.84000 -99.00000
v -126.95000 4.84000 -98.39378
v -127.39378 4.84000 -97.95000
v -128.00000 4.84000 -97.78756
v -128.60622 4.84000 -97.95000
v -129.05000 4.84000 -98.39378
v -129.21244 4.84000 -99.00000
v -129.05000 4.84000 -99.60622
v -128.60622 4.84000 -100.05000
v -128.00000 4.84000 -100.21244
v -127.39378 4.84000 -100.05000
v -126.95000 4.84000 -99.60622
v -126.60000 4.00000 -99.00000
v -126.78756 4.00000 -98.30000
v -127.30000 4.00000 -97.78756
v -128.00000 4.00000 -97.60000
v -128.70000 4.00000 -97.78756
v -129.21244 4.00000 -98.30000
v -129.40000 4.00000 -99.00000
v -129.21244 4.00000 -99.70000
v -128.70000 4.00000 -100.21244
v -128.00000 4.00000 -100.40000
v -127.30000 4.00000 -100.21244
v -126.78756 4.00000 -99.70000
v -126.78756 3.16000 -99.00000
v -126.95000 3.16000 -98.39378
v -127.39378 3.16000 -97.95000
v -128.00000 3.16000 -97.78756
v -128.60622 3.16000 -97.95000
v -129.05000 3.16000 -98.39378
v -129.21244 3.16000 -99.00000
v -129.05000 3.16000 -99.60622
v -128.60622 3.16000 -100.05000
v -128.00000 3.16000 -100.21244
v -127.39378 3.16000 -100.05000
v -126.95000 3.16000 -99.60622
v -127.30000 2.54508 -99.00000
v -127.39378 2.54508 -98.65000
v -127.65000 2.54508 -98.39378
v -128.00000 2.54508 -98.30000
v -128.35000 2.54508 -98.39378
v -128.60622 2.54508 -98.65000
v -128.70000 2.54508 -99.00000
v -128.60622 2.54508 -99.35000
v -128.35000 2.54508 -99.60622
v -128.00000 2.54508 -99.70000
v -127.65000 2.54508 -99.60622
v -127.39378 2.54508 -99.35000
v -128.00000 5.68000 -99.00000
v -128.00000 2.32000 -99.00000
v -80.78000 0.00000 -28.00000
v -80.78000 3.20000 -28.00000
v -80.82202 0.00000 -27.87069
v -80.82202 3.20000 -27.87069
v -80.93202 0.00000 -27.79077
v -80.93202 3.20000 -27.79077
v -81.06798 0.00000 -27.79077
v -81.06798 3.20000 -27.79077
v -81.17798 0.00000 -27.87069
v -81.17798 3.20000 -27.87069
v -81.22000 0.00000 -28.00000
v -81.22000 3.20000 -28.00000
v -81.17798 0.00000 -28.12931
v -81.17798 3.20000 -28.12931
v -81.06798 0.00000 -28.20923
v -81.06798 3.20000 -28.20923
v -80.93202 0.00000 -28.20923
v -80.93202 3.20000 -28.20923
v -80.82202 0.00000 -28.12931
v -80.82202 3.20000 -28.12931
v -80.30000 5.45492 -28.00000
v -80.39378 5.45492 -27.65000
v -80.65000 5.45492 -27.39378
v -81.00000 5.45492 -27.30000
v -81.35000 5.45492 -27.39378
v -81.60622 5.45492 -27.65000
v -81.70000 5.45492 -28.00000
v -81.60622 5.45492 -28.35000
v -81.35000 5.45492 -28.60622
v -81.00000 5.45492 -28.70000
v -80.65000 5.45492 -28.60622
v -80.39378 5.45492 -28.35000
v -79.78756 4.84000 -28.00000
v -79.95000 4.84000 -27.39378
v -80.39378 4.84000 -26.95000
v -81.00000 4.84000 -26.78756
v -81.60622 4.84000 -26.95000
v -82.05000 4.84000 -27.39378
v -82.21244 4.84000 -28.00000
v -82.05000 4.84000 -28.60622
v -81.60622 4.84000 -29.05000
v -81.00000 4.84000 -29.21244
v -80.39378 4.84000 -29.05000
v -79.95000 4.84000 -28.60622
v -79.60000 4.00000 -28.00000
v -79.78756 4.00000 -27.30000
v -80.30000 4.00000 -26.78756
v -81.00000 4.00000 -26.60000
v -81.70000 4.00000 -26.78756
v -82.21244 4.00000 -27.30000
v -82.40000 4.00000 -28.00000
v -82.21244 4.00000 -28.70000
v -81.70000 4.00000 -29.21244
v -81.00000 4.00000 -29.40000
v -80.30000 4.00000 -29.21244
v -79.78756 4.00000 -28.70000
v -79.78756 3.16000 -28.00000
v -79.95000 3.16000 -27.39378
v -80.39378 3.16000 -26.95000
v -81.00000 3.16000 -26.78756
v -81.60622 3.16000 -26.95000
v -82.05000 3.16000 -27.39378
v -82.21244 3.16000 -28.00000
v -82.05000 3.16000 -28.60622
v -81.60622 3.16000 -29.05000
v -81.00000 3.16000 -29.21244
v -80.39378 3.16000 -29.05000
v -79.95000 3.16000 -28.60622
v -80.30000 2.54508 -28.00000
v -80.39378 2.54508 -27.65000
v -80.65000 2.54508 -27.39378
v -81.00000 2.54508 -27.30000
v -81.35000 2.54508 -27.39378
v -81.60622 2.54508 -27.65000
v -81.70000 2.54508 -28.00000
v -81.60622 2.54508 -28.35000
v -81.35000 2.54508 -28.60622
v -81.00000 2.54508 -28.70000
v -80.65000 2.54508 -28.60622
v -80.39378 2.54508 -28.35000
v -81.00000 5.68000 -28.00000
v -81.00000 2.32000 -28.00000
v -33.78000 0.00000 43.00000
v -33.78000 3.20000 43.00000
v -33.82202 0.00000 43.12931
v -33.82202 3.20000 43.12931
v -33.93202 0.00000 43.20923
v -33.93202 3.20000 43.20923
v -34.06798 0.00000 43.20923
v -34.06798 3.20000 43.20923
v -34.17798 0.00000 43.12931
v -34.17798 3.20000 43.12931
v -34.22000 0.00000 43.00000
v -34.22000 3.20000 43.00000
v -34.17798 0.00000 42.87069
v -34.17798 3.20000 42.87069
v -34.06798 0.00000 42.79077
v -34.06798 3.20000 42.79077
v -33.93202 0.00000 42.79077
v -33.93202 3.20000 42.79077
v -33.82202 0.00000 42.87069
v -33.82202 3.20000 42.87069
v -33.30000 5.45492 43.00000
v -33.39378 5.45492 43.35000
v -33.65000 5.45492 43.60622
v -34.00000 5.45492 43.70000
v -34.35000 5.45492 43.60622
v -34.60622 5.45492 43.35000
v -34.70000 5.45492 43.00000
v -34.60622 5.45492 42.65000
v -34.35000 5.45492 42.39378
v -34.00000 5.45492 42.30000
v -33.65000 5.45492 42.39378
v -33.39378 5.45492 42.65000
v -32.78756 4.84000 43.00000
v -32.95000 4.84000 43.60622
v -33.39378 4.84000 44.05000
v -34.00000 4.84000 44.21244
v -34.60622 4.84000 44.05000
v -35.05000 4.84000 43.60622
v -35.21244 4.84000 43.00000
v -35.05000 4.84000 42.39378
v -34.60622 4.84000 41.95000
v -34.00000 4.84000 41.78756
v -33.39378 4.84000 41.95000
v -32.95000 4.84000 42.39378
v -32.60000 4.00000 43.00000
v -32.78756 4.00000 43.70000
v -33.30000 4.00000 44.21244
v -34.00000 4.00000 44.40000
v -34.70000 4.00000 44.21244
v -35.21244 4.00000 43.70000
v -35.40000 4.00000 43.00000
v -35.21244 4.00000 42.30000
v -34.70000 4.00000 41.78756
v -34.00000 4.00000 41.60000
v -33.30000 4.00000 41.78756
v -32.78756 4.00000 42.30000
v -32.78756 3.16000 43.00000
v -32.95000 3.16000 43.60622
v -33.39378 3.16000 44.05000
v -34.00000 3.16000 44.21244
v -34.60622 3.16000 44.05000
v -35.05000 3.16000 43.60622
v -35.21244 3.16000 43.00000
v -35.05000 3.16000 42.39378
v -34.60622 3.16000 41.95000
v -34.00000 3.16000 41.78756
v -33.39378 3.16000 41.95000
v -32.95000 3.16000 42.39378
v -33.30000 2.54508 43.00000
v -33.39378 2.54508 43.35000
v -33.65000 2.54508 43.60622
v -34.00000 2.54508 43.70000
v -34.35000 2.54508 43.60622
v -34.60622 2.54508 43.35000
v -34.70000 2.54508 43.00000
v -34.60622 2.54508 42.65000
v -34.35000 2.54508 42.39378
v -34.00000 2.54508 42.30000
v -33.65000 2.54508 42.39378
v -33.39378 2.54508 42.65000
v -34.00000 5.68000 43.00000
v -34.00000 2.32000 43.00000
v 13.22000 0.00000 114.00000
v 13.22000 3.20000 114.00000
v 13.17798 0.00000 114.12931
v 13.17798 3.20000 114.12931
v 13.06798 0.00000 114.20923
v 13.06798 3.20000 114.20923
v 12.93202 0.00000 114.20923
v 12.93202 3.20000 114.20923
v 12.82202 0.00000 114.12931
v 12.82202 3.20000 114.12931
v 12.78000 0.00000 114.00000
v 12.78000 3.20000 114.00000
v 12.82202 0.00000 113.87069
v 12.82202 3.20000 113.87069
v 12.93202 0.00000 113.79077
v 12.93202 3.20000 113.79077
v 13.06798 0.00000 113.79077
v 13.06798 3.20000 113.79077
v 13.17798 0.00000 113.87069
v 13.17798 3.20000 113.87069
v 13.70000 5.45492 114.00000
v 13.60622 5.45492 114.35000
v 13.35000 5.45492 114.60622
v 13.00000 5.45492 114.70000
v 12.65000 5.45492 114.60622
v 12.39378 5.45492 114.35000
v 12.30000 5.45492 114.00000
v 12.39378 5.45492 113.65000
v 12.65000 5.45492 113.39378
v 13.00000 5.45492 113.30000
v 13.35000 5.45492 113.39378
v 13.60622 5.45492 113.65000
v 14.21244 4.84000 114.00000
v 14.05000 4.84000 114.60622
v 13.60622 4.84000 115.05000
v 13.00000 4.84000 115.21244
v 12.39378 4.84000 115.05000
v 11.95000 4.84000 114.60622
v 11.78756 4.84000 114.00000
v 11.95000 4.84000 113.39378
v 12.39378 4.84000 112.95000
v 13.00000 4.84000 112.78756
v 13.60622 4.84000 112.95000
v 14.05000 4.84000 113.39378
v 14.40000 4.00000 114.00000
v 14.21244 4.00000 114.70000
v 13.70000 4.00000 115.21244
v 13.00000 4.00000 115.40000
v 12.30000 4.00000 115.21244
v 11.78756 4.00000 114.70000
v 11.60000 4.00000 114.00000
v 11.78756 4.00000 113.30000
v 12.30000 4.00000 112.78756
v 13.00000 4.00000 112.60000
v 13.70000 4.00000 112.78756
v 14.21244 4.00000 113.30000
v 14.21244 3.16000 114.00000
v 14.05000 3.16000 114.60622
v 13.60622 3.16000 115.05000
v 13.00000 3.16000 115.21244
v 12.39378 3.16000 115.05000
v 11.95000 3.16000 114.60622
v 11.78756 3.16000 114.00000
v 11.95000 3.16000 113.39378
v 12.39378 3.16000 112.95000
v 13.00000 3.16000 112.78756
v 13.60622 3.16000 112.95000
v 14.05000 3.16000 113.39378
v 13.70000 2.54508 114.00000
v 13.60622 2.54508 114.35000
v 13.35000 2.54508 114.60622
v 13.00000 2.54508 114.70000
v 12.65000 2.54508 114.60622
v 12.39378 2.54508 114.35000
v 12.30000 2.54508 114.00000
v 12.39378 2.54508 113.65000
v 12.65000 2.54508 113.39378
v 13.00000 2.54508 113.30000
v 13.35000 2.54508 113.39378
v 13.60622 2.54508 113.65000
v 13.00000 5.68000 114.00000
v 13.00000 2.32000 114.00000
f 1 2 3
f 1 3 4
f 5 8 7
f 5 7 6
f 1 5 6
f 1 6 2
f 2 6 7
f 2 7 3
f 3 7 8
f 3 8 4
f 5 1 4
f 5 4 8
f 9 10 11
f 9 11 12
f 13 16 15
f 13 15 14
f 9 13 14
f 9 14 10
f 10 14 15
f 10 15 11
f 11 15 16
f 11 16 12
f 13 9 12
f 13 12 16
f 17 18 19
f 17 19 20
f 21 24 23
f 21 23 22
f 17 21 22
f 17 22 18
f 18 22 23
f 18 23 19
f 19 23 24
f 19 24 20
f 21 17 20
f 21 20 24
f 25 26 27
f 25 27 28
f 29 32 31
f 29 31 30
f 25 29 30
f 25 30 26
f 26 30 31
f 26 31 27
f 27 31 32
f 27 32 28
f 29 25 28
f 29 28 32
f 33 34 35
f 33 35 36
f 37 40 39
f 37 39 38
f 33 37 38
f 33 38 34
f 34 38 39
f 34 39 35
f 35 39 40
f 35 40 36
f 37 33 36
f 37 36 40
f 41 42 43
f 41 43 44
f 45 48 47
f 45 47 46
f 41 45 46
f 41 46 42
f 42 46 47
f 42 47 43
f 43 47 48
f 43 48 44
f 45 41 44
f 45 44 48
f 49 50 51
f 49 51 52
f 53 56 55
f 53 55 54
f 49 53 54
f 49 54 50
f 50 54 55
f 50 55 51
f 51 55 56
f 51 56 52
f 53 49 52
f 53 52 56
f 57 58 59
f 57 59 60
f 61 64 63
f 61 63 62
f 57 61 62
f 57 62 58
f 58 62 63
f 58 63 59
f 59 63 64
f 59 64 60
f 61 57 60
f 61 60 64
f 65 66 67
f 65 67 68
f 69 72 71
f 69 71 70
f 65 69 70
f 65 70 66
f 66 70 71
f 66 71 67
f 67 71 72
f 67 72 68
f 69 65 68
f 69 68 72
f 73 74 75
f 73 75 76
f 77 80 79
f 77 79 78
f 73 77 78
f 73 78 74
f 74 78 79
f 74 79 75
f 75 79 80
f 75 80 76
f 77 73 76
f 77 76 80
f 81 82 83
f 81 83 84
f 85 88 87
f 85 87 86
f 81 85 86
f 81 86 82
f 82 86 87
f 82 87 83
f 83 87 88
f 83 88 84
f 85 81 84
f 85 84 88
f 89 91 92
f 89 92 90
f 91 93 94
f 91 94 92
f 93 95 96
f 93 96 94
f 95 97 98
f 95 98 96
f 97 99 100
f 97 100 98
f 99 101 102
f 99 102 100
f 101 103 104
f 101 104 102
f 103 105 106
f 103 106 104
f 105 107 108
f 105 108 106
f 107 109 110
f 107 110 108
f 109 111 112
f 109 112 110
f 111 113 114
f 111 114 112
f 113 115 116
f 113 116 114
f 115 117 118
f 115 118 116
f 117 119 120
f 117 120 118
f 119 121 122
f 119 122 120
f 121 123 124
f 121 124 122
f 123 125 126
f 123 126 124
f 125 127 128
f 125 128 126
f 127 89 90
f 127 90 128
f 129 130 131
f 129 131 132
f 133 136 135
f 133 135 134
f 129 133 134
f 129 134 130
f 130 134 135
f 130 135 131
f 131 135 136
f 131 136 132
f 133 129 132
f 133 132 136
f 137 138 139
f 137 139 140
f 141 144 143
f 141 143 142
f 137 141 142
f 137 142 138
f 138 142 143
f 138 143 139
f 139 143 144
f 139 144 140
f 141 137 140
f 141 140 144
f 145 146 147
f 145 147 148
f 149 152 151
f 149 151 150
f 145 149 150
f 145 150 146
f 146 150 151
f 146 151 147
f 147 151 152
f 147 152 148
f 149 145 148
f 149 148 152
f 153 154 155
f 153 155 156
f 157 160 159
f 157 159 158
f 153 157 158
f 153 158 154
f 154 158 159
f 154 159 155
f 155 159 160
f 155 160 156
f 157 153 156
f 157 156 160
f 161 162 163
f 161 163 164
f 165 168 167
f 165 167 166
f 161 165 166
f 161 166 162
f 162 166 167
f 162 167 163
f 163 167 168
f 163 168 164
f 165 161 164
f 165 164 168
f 169 170 171
f 169 171 172
f 173 176 175
f 173 175 174
f 169 173 174
f 169 174 170
f 170 174 175
f 170 175 171
f 171 175 176
f 171 176 172
f 173 169 172
f 173 172 176
f 177 178 179
f 177 179 180
f 181 184 183
f 181 183 182
f 177 181 182
f 177 182 178
f 178 182 183
f 178 183 179
f 179 183 184
f 179 184 180
f 181 177 180
f 181 180 184
f 185 186 187
f 185 187 188
f 189 192 191
f 189 191 190
f 185 189 190
f 185 190 186
f 186 190 191
f 186 191 187
f 187 191 192
f 187 192 188
f 189 185 188
f 189 188 192
f 193 194 195
f 193 195 196
f 197 200 199
f 197 199 198
f 193 197 198
f 193 198 194
f 194 198 199
f 194 199 195
f 195 199 200
f 195 200 196
f 197 193 196
f 197 196 200
f 201 202 203
f 201 203 204
f 205 208 207
f 205 207 206
f 201 205 206
f 201 206 202
f 202 206 207
f 202 207 203
f 203 207 208
f 203 208 204
f 205 201 204
f 205 204 208
f 209 211 212
f 209 212 210
f 211 213 214
f 211 214 212
f 213 215 216
f 213 216 214
f 215 217 218
f 215 218 216
f 217 219 220
f 217 220 218
f 219 221 222
f 219 222 220
f 221 223 224
f 221 224 222
f 223 225 226
f 223 226 224
f 225 227 228
f 225 228 226
f 227 229 230
f 227 230 228
f 229 231 232
f 229 232 230
f 231 233 234
f 231 234 232
f 233 235 236
f 233 236 234
f 235 237 238
f 235 238 236
f 237 239 240
f 237 240 238
f 239 241 242
f 239 242 240
f 241 243 244
f 241 244 242
f 243 245 246
f 243 246 244
f 245 247 248
f 245 248 246
f 247 209 210
f 247 210 248
f 249 250 251
f 249 251 252
f 253 256 255
f 253 255 254
f 249 253 254
f 249 254 250
f 250 254 255
f 250 255 251
f 251 255 256
f 251 256 252
f 253 249 252
f 253 252 256
f 257 258 259
f 257 259 260
f 261 264 263
f 261 263 262
f 257 261 262
f 257 262 258
f 258 262 263
f 258 263 259
f 259 263 264
f 259 264 260
f 261 257 260
f 261 260 264
f 265 266 267
f 265 267 268
f 269 272 271
f 269 271 270
f 265 269 270
f 265 270 266
f 266 270 271
f 266 271 267
f 267 271 272
f 267 272 268
f 269 265 268
f 269 268 272
f 273 274 275
f 273 275 276
f 277 280 279
f 277 279 278
f 273 277 278
f 273 278 274
f 274 278 279
f 274 279 275
f 275 279 280
f 275 280 276
f 277 273 276
f 277 276 280
f 281 282 283
f 281 283 284
f 285 288 287
f 285 287 286
f 281 285 286
f 281 286 282
f 282 286 287
f 282 287 283
f 283 287 288
f 283 288 284
f 285 281 284
f 285 284 288
f 289 290 291
f 289 291 292
f 293 296 295
f 293 295 294
f 289 293 294
f 289 294 290
f 290 294 295
f 290 295 291
f 291 295 296
f 291 296 292
f 293 289 292
f 293 292 296
f 297 298 299
f 297 299 300
f 301 304 303
f 301 303 302
f 297 301 302
f 297 302 298
f 298 302 303
f 298 303 299
f 299 303 304
f 299 304 300
f 301 297 300
f 301 300 304
f 305 306 307
f 305 307 308
f 309 312 311
f 309 311 310
f 305 309 310
f 305 310 306
f 306 310 311
f 306 311 307
f 307 311 312
f 307 312 308
f 309 305 308
f 309 308 312
f 313 314 315
f 313 315 316
f 317 320 319
f 317 319 318
f 313 317 318
f 313 318 314
f 314 318 319
f 314 319 315
f 315 319 320
f 315 320 316
f 317 313 316
f 317 316 320
f 321 322 323
f 321 323 324
f 325 328 327
f 325 327 326
f 321 325 326
f 321 326 322
f 322 326 327
f 322 327 323
f 323 327 328
f 323 328 324
f 325 321 324
f 325 324 328
f 329 331 332
f 329 332 330
f 331 333 334
f 331 334 332
f 333 335 336
f 333 336 334
f 335 337 338
f 335 338 336
f 337 339 340
f 337 340 338
f 339 341 342
f 339 342 340
f 341 343 344
f 341 344 342
f 343 345 346
f 343 346 344
f 345 347 348
f 345 348 346
f 347 349 350
f 347 350 348
f 349 351 352
f 349 352 350
f 351 353 354
f 351 354 352
f 353 355 356
f 353 356 354
f 355 357 358
f 355 358 356
f 357 359 360
f 357 360 358
f 359 361 362
f 359 362 360
f 361 363 364
f 361 364 362
f 363 365 366
f 363 366 364
f 365 367 368
f 365 368 366
f 367 329 330
f 367 330 368
f 369 370 371
f 369 371 372
f 373 376 375
f 373 375 374
f 369 373 374
f 369 374 370
f 370 374 375
f 370 375 371
f 371 375 376
f 371 376 372
f 373 369 372
f 373 372 376
f 377 378 379
f 377 379 380
f 381 384 383
f 381 383 382
f 377 381 382
f 377 382 378
f 378 382 383
f 378 383 379
f 379 383 384
f 379 384 380
f 381 377 380
f 381 380 384
f 385 386 387
f 385 387 388
f 389 392 391
f 389 391 390
f 385 389 390
f 385 390 386
f 386 390 391
f 386 391 387
f 387 391 392
f 387 392 388
f 389 385 388
f 389 388 392
f 393 394 395
f 393 395 396
f 397 400 399
f 397 399 398
f 393 397 398
f 393 398 394
f 394 398 399
f 394 399 395
f 395 399 400
f 395 400 396
f 397 393 396
f 397 396 400
f 401 402 403
f 401 403 404
f 405 408 407
f 405 407 406
f 401 405 406
f 401 406 402
f 402 406 407
f 402 407 403
f 403 407 408
f 403 408 404
f 405 401 404
f 405 404 408
f 409 410 411
f 409 411 412
f 413 416 415
f 413 415 414
f 409 413 414
f 409 414 410
f 410 414 415
f 410 415 411
f 411 415 416
f 411 416 412
f 413 409 412
f 413 412 416
f 417 418 419
f 417 419 420
f 421 424 423
f 421 423 422
f 417 421 422
f 417 422 418
f 418 422 423
f 418 423 419
f 419 423 424
f 419 424 420
f 421 417 420
f 421 420 424
f 425 426 427
f 425 427 428
f 429 432 431
f 429 431 430
f 425 429 430
f 425 430 426
f 426 430 431
f 426 431 427
f 427 431 432
f 427 432 428
f 429 425 428
f 429 428 432
f 433 434 435
f 433 435 436
f 437 440 439
f 437 439 438
f 433 437 438
f 433 438 434
f 434 438 439
f 434 439 435
f 435 439 440
f 435 440 436
f 437 433 436
f 437 436 440
f 441 442 443
f 441 443 444
f 445 448 447
f 445 447 446
f 441 445 446
f 441 446 442
f 442 446 447
f 442 447 443
f 443 447 448
f 443 448 444
f 445 441 444
f 445 444 448
f 449 451 452
f 449 452 450
f 451 453 454
f 451 454 452
f 453 455 456
f 453 456 454
f 455 457 458
f 455 458 456
f 457 459 460
f 457 460 458
f 459 461 462
f 459 462 460
f 461 463 464
f 461 464 462
f 463 465 466
f 463 466 464
f 465 467 468
f 465 468 466
f 467 469 470
f 467 470 468
f 469 471 472
f 469 472 470
f 471 473 474
f 471 474 472
f 473 475 476
f 473 476 474
f 475 477 478
f 475 478 476
f 477 479 480
f 477 480 478
f 479 481 482
f 479 482 480
f 481 483 484
f 481 484 482
f 483 485 486
f 483 486 484
f 485 487 488
f 485 488 486
f 487 449 450
f 487 450 488
f 489 490 491
f 489 491 492
f 493 496 495
f 493 495 494
f 489 493 494
f 489 494 490
f 490 494 495
f 490 495 491
f 491 495 496
f 491 496 492
f 493 489 492
f 493 492 496
f 497 498 499
f 497 499 500
f 501 504 503
f 501 503 502
f 497 501 502
f 497 502 498
f 498 502 503
f 498 503 499
f 499 503 504
f 499 504 500
f 501 497 500
f 501 500 504
f 505 506 507
f 505 507 508
f 509 512 511
f 509 511 510
f 505 509 510
f 505 510 506
f 506 510 511
f 506 511 507
f 507 511 512
f 507 512 508
f 509 505 508
f 509 508 512
f 513 514 515
f 513 515 516
f 517 520 519
f 517 519 518
f 513 517 518
f 513 518 514
f 514 518 519
f 514 519 515
f 515 519 520
f 515 520 516
f 517 513 516
f 517 516 520
f 521 522 523
f 521 523 524
f 525 528 527
f 525 527 526
f 521 525 526
f 521 526 522
f 522 526 527
f 522 527 523
f 523 527 528
f 523 528 524
f 525 521 524
f 525 524 528
f 529 530 531
f 529 531 532
f 533 536 535
f 533 535 534
f 529 533 534
f 529 534 530
f 530 534 535
f 530 535 531
f 531 535 536
f 531 536 532
f 533 529 532
f 533 532 536
f 537 538 539
f 537 539 540
f 541 544 543
f 541 543 542
f 537 541 542
f 537 542 538
f 538 542 543
f 538 543 539
f 539 543 544
f 539 544 540
f 541 537 540
f 541 540 544
f 545 546 547
f 545 547 548
f 549 552 551
f 549 551 550
f 545 549 550
f 545 550 546
f 546 550 551
f 546 551 547
f 547 551 552
f 547 552 548
f 549 545 548
f 549 548 552
f 553 554 555
f 553 555 556
f 557 560 559
f 557 559 558
f 553 557 558
f 553 558 554
f 554 558 559
f 554 559 555
f 555 559 560
f 555 560 556
f 557 553 556
f 557 556 560
f 561 562 563
f 561 563 564
f 565 568 567
f 565 567 566
f 561 565 566
f 561 566 562
f 562 566 567
f 562 567 563
f 563 567 568
f 563 568 564
f 565 561 564
f 565 564 568
f 569 571 572
f 569 572 570
f 571 573 574
f 571 574 572
f 573 575 576
f 573 576 574
f 575 577 578
f 575 578 576
f 577 579 580
f 577 580 578
f 579 581 582
f 579 582 580
f 581 583 584
f 581 584 582
f 583 585 586
f 583 586 584
f 585 587 588
f 585 588 586
f 587 589 590
f 587 590 588
f 589 591 592
f 589 592 590
f 591 593 594
f 591 594 592
f 593 595 596
f 593 596 594
f 595 597 598
f 595 598 596
f 597 599 600
f 597 600 598
f 599 601 602
f 599 602 600
f 601 603 604
f 601 604 602
f 603 605 606
f 603 606 604
f 605 607 608
f 605 608 606
f 607 569 570
f 607 570 608
f 609 610 611
f 609 611 612
f 613 616 615
f 613 615 614
f 609 613 614
f 609 614 610
f 610 614 615
f 610 615 611
f 611 615 616
f 611 616 612
f 613 609 612
f 613 612 616
f 617 618 619
f 617 619 620
f 621 624 623
f 621 623 622
f 617 621 622
f 617 622 618
f 618 622 623
f 618 623 619
f 619 623 624
f 619 624 620
f 621 617 620
f 621 620 624
f 625 626 627
f 625 627 628
f 629 632 631
f 629 631 630
f 625 629 630
f 625 630 626
f 626 630 631
f 626 631 627
f 627 631 632
f 627 632 628
f 629 625 628
f 629 628 632
f 633 634 635
f 633 635 636
f 637 640 639
f 637 639 638
f 633 637 638
f 633 638 634
f 634 638 639
f 634 639 635
f 635 639 640
f 635 640 636
f 637 633 636
f 637 636 640
f 641 642 643
f 641 643 644
f 645 648 647
f 645 647 646
f 641 645 646
f 641 646 642
f 642 646 647
f 642 647 643
f 643 647 648
f 643 648 644
f 645 641 644
f 645 644 648
f 649 650 651
f 649 651 652
f 653 656 655
f 653 655 654
f 649 653 654
f 649 654 650
f 650 654 655
f 650 655 651
f 651 655 656
f 651 656 652
f 653 649 652
f 653 652 656
f 657 658 659
f 657 659 660
f 661 664 663
f 661 663 662
f 657 661 662
f 657 662 658
f 658 662 663
f 658 663 659
f 659 663 664
f 659 664 660
f 661 657 660
f 661 660 664
f 665 666 667
f 665 667 668
f 669 672 671
f 669 671 670
f 665 669 670
f 665 670 666
f 666 670 671
f 666 671 667
f 667 671 672
f 667 672 668
f 669 665 668
f 669 668 672
f 673 674 675
f 673 675 676
f 677 680 679
f 677 679 678
f 673 677 678
f 673 678 674
f 674 678 679
f 674 679 675
f 675 679 680
f 675 680 676
f 677 673 676
f 677 676 680
f 681 682 683
f 681 683 684
f 685 688 687
f 685 687 686
f 681 685 686
f 681 686 682
f 682 686 687
f 682 687 683
f 683 687 688
f 683 688 684
f 685 681 684
f 685 684 688
f 689 691 692
f 689 692 690
f 691 693 694
f 691 694 692
f 693 695 696
f 693 696 694
f 695 697 698
f 695 698 696
f 697 699 700
f 697 700 698
f 699 701 702
f 699 702 700
f 701 703 704
f 701 704 702
f 703 705 706
f 703 706 704
f 705 707 708
f 705 708 706
f 707 709 710
f 707 710 708
f 709 711 712
f 709 712 710
f 711 713 714
f 711 714 712
f 713 715 716
f 713 716 714
f 715 717 718
f 715 718 716
f 717 719 720
f 717 720 718
f 719 721 722
f 719 722 720
f 721 723 724
f 721 724 722
f 723 725 726
f 723 726 724
f 725 727 728
f 725 728 726
f 727 689 690
f 727 690 728
f 729 730 731
f 729 731 732
f 733 736 735
f 733 735 734
f 729 733 734
f 729 734 730
f 730 734 735
f 730 735 731
f 731 735 736
f 731 736 732
f 733 729 732
f 733 732 736
f 737 738 739
f 737 739 740
f 741 744 743
f 741 743 742
f 737 741 742
f 737 742 738
f 738 742 743
f 738 743 739
f 739 743 744
f 739 744 740
f 741 737 740
f 741 740 744
f 745 746 747
f 745 747 748
f 749 752 751
f 749 751 750
f 745 749 750
f 745 750 746
f 746 750 751
f 746 751 747
f 747 751 752
f 747 752 748
f 749 745 748
f 749 748 752
f 753 754 755
f 753 755 756
f 757 760 759
f 757 759 758
f 753 757 758
f 753 758 754
f 754 758 759
f 754 759 755
f 755 759 760
f 755 760 756
f 757 753 756
f 757 756 760
f 761 762 763
f 761 763 764
f 765 768 767
f 765 767 766
f 761 765 766
f 761 766 762
f 762 766 767
f 762 767 763
f 763 767 768
f 763 768 764
f 765 761 764
f 765 764 768
f 769 770 771
f 769 771 772
f 773 776 775
f 773 775 774
f 769 773 774
f 769 774 770
f 770 774 775
f 770 775 771
f 771 775 776
f 771 776 772
f 773 769 772
f 773 772 776
f 777 778 779
f 777 779 780
f 781 784 783
f 781 783 782
f 777 781 782
f 777 782 778
f 778 782 783
f 778 783 779
f 779 783 784
f 779 784 780
f 781 777 780
f 781 780 784
f 785 786 787
f 785 787 788
f 789 792 791
f 789 791 790
f 785 789 790
f 785 790 786
f 786 790 791
f 786 791 787
f 787 791 792
f 787 792 788
f 789 785 788
f 789 788 792
f 793 794 795
f 793 795 796
f 797 800 799
f 797 799 798
f 793 797 798
f 793 798 794
f 794 798 799
f 794 799 795
f 795 799 800
f 795 800 796
f 797 793 796
f 797 796 800
f 801 802 803
f 801 803 804
f 805 808 807
f 805 807 806
f 801 805 806
f 801 806 802
f 802 806 807
f 802 807 803
f 803 807 808
f 803 808 804
f 805 801 804
f 805 804 808
f 809 811 812
f 809 812 810
f 811 813 814
f 811 814 812
f 813 815 816
f 813 816 814
f 815 817 818
f 815 818 816
f 817 819 820
f 817 820 818
f 819 821 822
f 819 822 820
f 821 823 824
f 821 824 822
f 823 825 826
f 823 826 824
f 825 827 828
f 825 828 826
f 827 829 830
f 827 830 828
f 829 831 832
f 829 832 830
f 831 833 834
f 831 834 832
f 833 835 836
f 833 836 834
f 835 837 838
f 835 838 836
f 837 839 840
f 837 840 838
f 839 841 842
f 839 842 840
f 841 843 844
f 841 844 842
f 843 845 846
f 843 846 844
f 845 847 848
f 845 848 846
f 847 809 810
f 847 810 848
f 933 849 850
f 934 920 919
f 933 850 851
f 934 921 920
f 933 851 852
f 934 922 921
f 933 852 853
f 934 923 922
f 933 853 854
f 934 924 923
f 933 854 855
f 934 925 924
f 933 855 856
f 934 926 925
f 933 856 857
f 934 927 926
f 933 857 858
f 934 928 927
f 933 858 859
f 934 929 928
f 933 859 860
f 934 930 929
f 933 860 861
f 934 931 930
f 933 861 862
f 934 932 931
f 933 862 849
f 934 919 932
f 849 863 864
f 849 864 850
f 850 864 865
f 850 865 851
f 851 865 866
f 851 866 852
f 852 866 867
f 852 867 853
f 853 867 868
f 853 868 854
f 854 868 869
f 854 869 855
f 855 869 870
f 855 870 856
f 856 870 871
f 856 871 857
f 857 871 872
f 857 872 858
f 858 872 873
f 858 873 859
f 859 873 874
f 859 874 860
f 860 874 875
f 860 875 861
f 861 875 876
f 861 876 862
f 862 876 863
f 862 863 849
f 863 877 878
f 863 878 864
f 864 878 879
f 864 879 865
f 865 879 880
f 865 880 866
f 866 880 881
f 866 881 867
f 867 881 882
f 867 882 868
f 868 882 883
f 868 883 869
f 869 883 884
f 869 884 870
f 870 884 885
f 870 885 871
f 871 885 886
f 871 886 872
f 872 886 887
f 872 887 873
f 873 887 888
f 873 888 874
f 874 888 889
f 874 889 875
f 875 889 890
f 875 890 876
f 876 890 877
f 876 877 863
f 877 891 892
f 877 892 878
f 878 892 893
f 878 893 879
f 879 893 894
f 879 894 880
f 880 894 895
f 880 895 881
f 881 895 896
f 881 896 882
f 882 896 897
f 882 897 883
f 883 897 898
f 883 898 884
f 884 898 899
f 884 899 885
f 885 899 900
f 885 900 886
f 886 900 901
f 886 901 887
f 887 901 902
f 887 902 888
f 888 902 903
f 888 903 889
f 889 903 904
f 889 904 890
f 890 904 891
f 890 891 877
f 891 905 906
f 891 906 892
f 892 906 907
f 892 907 893
f 893 907 908
f 893 908 894
f 894 908 909
f 894 909 895
f 895 909 910
f 895 910 896
f 896 910 911
f 896 911 897
f 897 911 912
f 897 912 898
f 898 912 913
f 898 913 899
f 899 913 914
f 899 914 900
f 900 914 915
f 900 915 901
f 901 915 916
f 901 916 902
f 902 916 917
f 902 917 903
f 903 917 918
f 903 918 904
f 904 918 905
f 904 905 891
f 905 919 920
f 905 920 906
f 906 920 921
f 906 921 907
f 907 921 922
f 907 922 908
f 908 922 923
f 908 923 909
f 909 923 924
f 909 924 910
f 910 924 925
f 910 925 911
f 911 925 926
f 911 926 912
f 912 926 927
f 912 927 913
f 913 927 928
f 913 928 914
f 914 928 929
f 914 929 915
f 915 929 930
f 915 930 916
f 916 930 931
f 916 931 917
f 917 931 932
f 917 932 918
f 918 932 919
f 918 919 905
f 1019 935 936
f 1020 1006 1005
f 1019 936 937
f 1020 1007 1006
f 1019 937 938
f 1020 1008 1007
f 1019 938 939
f 1020 1009 1008
f 1019 939 940
f 1020 1010 1009
f 1019 940 941
f 1020 1011 1010
f 1019 941 942
f 1020 1012 1011
f 1019 942 943
f 1020 1013 1012
f 1019 943 944
f 1020 1014 1013
f 1019 944 945
f 1020 1015 1014
f 1019 945 946
f 1020 1016 1015
f 1019 946 947
f 1020 1017 1016
f 1019 947 948
f 1020 1018 1017
f 1019 948 935
f 1020 1005 1018
f 935 949 950
f 935 950 936
f 936 950 951
f 936 951 937
f 937 951 952
f 937 952 938
f 938 952 953
f 938 953 939
f 939 953 954
f 939 954 940
f 940 954 955
f 940 955 941
f 941 955 956
f 941 956 942
f 942 956 957
f 942 957 943
f 943 957 958
f 943 958 944
f 944 958 959
f 944 959 945
f 945 959 960
f 945 960 946
f 946 960 961
f 946 961 947
f 947 961 962
f 947 962 948
f 948 962 949
f 948 949 935
f 949 963 964
f 949 964 950
f 950 964 965
f 950 965 951
f 951 965 966
f 951 966 952
f 952 966 967
f 952 967 953
f 953 967 968
f 953 968 954
f 954 968 969
f 954 969 955
f 955 969 970
f 955 970 956
f 956 970 971
f 956 971 957
f 957 971 972
f 957 972 958
f 958 972 973
f 958 973 959
f 959 973 974
f 959 974 960
f 960 974 975
f 960 975 961
f 961 975 976
f 961 976 962
f 962 976 963
f 962 963 949
f 963 977 978
f 963 978 964
f 964 978 979
f 964 979 965
f 965 979 980
f 965 980 966
f 966 980 981
f 966 981 967
f 967 981 982
f 967 982 968
f 968 982 983
f 968 983 969
f 969 983 984
f 969 984 970
f 970 984 985
f 970 985 971
f 971 985 986
f 971 986 972
f 972 986 987
f 972 987 973
f 973 987 988
f 973 988 974
f 974 988 989
f 974 989 975
f 975 989 990
f 975 990 976
f 976 990 977
f 976 977 963
f 977 991 992
f 977 992 978
f 978 992 993
f 978 993 979
f 979 993 994
f 979 994 980
f 980 994 995
f 980 995 981
f 981 995 996
f 981 996 982
f 982 996 997
f 982 997 983
f 983 997 998
f 983 998 984
f 984 998 999
f 984 999 985
f 985 999 1000
f 985 1000 986
f 986 1000 1001
f 986 1001 987
f 987 1001 1002
f 987 1002 988
f 988 1002 1003
f 988 1003 989
f 989 1003 1004
f 989 1004 990
f 990 1004 991
f 990 991 977
f 991 1005 1006
f 991 1006 992
f 992 1006 1007
f 992 1007 993
f 993 1007 1008
f 993 1008 994
f 994 1008 1009
f 994 1009 995
f 995 1009 1010
f 995 1010 996
f 996 1010 1011
f 996 1011 997
f 997 1011 1012
f 997 1012 998
f 998 1012 1013
f 998 1013 999
f 999 1013 1014
f 999 1014 1000
f 1000 1014 1015
f 1000 1015 1001
f 1001 1015 1016
f 1001 1016 1002
f 1002 1016 1017
f 1002 1017 1003
f 1003 1017 1018
f 1003 1018 1004
f 1004 1018 1005
f 1004 1005 991
f 1105 1021 1022
f 1106 1092 1091
f 1105 1022 1023
f 1106 1093 1092
f 1105 1023 1024
f 1106 1094 1093
f 1105 1024 1025
f 1106 1095 1094
f 1105 1025 1026
f 1106 1096 1095
f 1105 1026 1027
f 1106 1097 1096
f 1105 1027 1028
f 1106 1098 1097
f 1105 1028 1029
f 1106 1099 1098
f 1105 1029 1030
f 1106 1100 1099
f 1105 1030 1031
f 1106 1101 1100
f 1105 1031 1032
f 1106 1102 1101
f 1105 1032 1033
f 1106 1103 1102
f 1105 1033 1034
f 1106 1104 1103
f 1105 1034 1021
f 1106 1091 1104
f 1021 1035 1036
f 1021 1036 1022
f 1022 1036 1037
f 1022 1037 1023
f 1023 1037 1038
f 1023 1038 1024
f 1024 1038 1039
f 1024 1039 1025
f 1025 1039 1040
f 1025 1040 1026
f 1026 1040 1041
f 1026 1041 1027
f 1027 1041 1042
f 1027 1042 1028
f 1028 1042 1043
f 1028 1043 1029
f 1029 1043 1044
f 1029 1044 1030
f 1030 1044 1045
f 1030 1045 1031
f 1031 1045 1046
f 1031 1046 1032
f 1032 1046 1047
f 1032 1047 1033
f 1033 1047 1048
f 1033 1048 1034
f 1034 1048 1035
f 1034 1035 1021
f 1035 1049 1050
f 1035 1050 1036
f 1036 1050 1051
f 1036 1051 1037
f 1037 1051 1052
f 1037 1052 1038
f 1038 1052 1053
f 1038 1053 1039
f 1039 1053 1054
f 1039 1054 1040
f 1040 1054 1055
f 1040 1055 1041
f 1041 1055 1056
f 1041 1056 1042
f 1042 1056 1057
f 1042 1057 1043
f 1043 1057 1058
f 1043 1058 1044
f 1044 1058 1059
f 1044 1059 1045
f 1045 1059 1060
f 1045 1060 1046
f 1046 1060 1061
f 1046 1061 1047
f 1047 1061 1062
f 1047 1062 1048
f 1048 1062 1049
f 1048 1049 1035
f 1049 1063 1064
f 1049 1064 1050
f 1050 1064 1065
f 1050 1065 1051
f 1051 1065 1066
f 1051 1066 1052
f 1052 1066 1067
f 1052 1067 1053
f 1053 1067 1068
f 1053 1068 1054
f 1054 1068 1069
f 1054 1069 1055
f 1055 1069 1070
f 1055 1070 1056
f 1056 1070 1071
f 1056 1071 1057
f 1057 1071 1072
f 1057 1072 1058
f 1058 1072 1073
f 1058 1073 1059
f 1059 1073 1074
f 1059 1074 1060
f 1060 1074 1075
f 1060 1075 1061
f 1061 1075 1076
f 1061 1076 1062
f 1062 1076 1063
f 1062 1063 1049
f 1063 1077 1078
f 1063 1078 1064
f 1064 1078 1079
f 1064 1079 1065
f 1065 1079 1080
f 1065 1080 1066
f 1066 1080 1081
f 1066 1081 1067
f 1067 1081 1082
f 1067 1082 1068
f 1068 1082 1083
f 1068 1083 1069
f 1069 1083 1084
f 1069 1084 1070
f 1070 1084 1085
f 1070 1085 1071
f 1071 1085 1086
f 1071 1086 1072
f 1072 1086 1087
f 1072 1087 1073
f 1073 1087 1088
f 1073 1088 1074
f 1074 1088 1089
f 1074 1089 1075
f 1075 1089 1090
f 1075 1090 1076
f 1076 1090 1077
f 1076 1077 1063
f 1077 1091 1092
f 1077 1092 1078
f 1078 1092 1093
f 1078 1093 1079
f 1079 1093 1094
f 1079 1094 1080
f 1080 1094 1095
f 1080 1095 1081
f 1081 1095 1096
f 1081 1096 1082
f 1082 1096 1097
f 1082 1097 1083
f 1083 1097 1098
f 1083 1098 1084
f 1084 1098 1099
f 1084 1099 1085
f 1085 1099 1100
f 1085 1100 1086
f 1086 1100 1101
f 1086 1101 1087
f 1087 1101 1102
f 1087 1102 1088
f 1088 1102 1103
f 1088 1103 1089
f 1089 1103 1104
f 1089 1104 1090
f 1090 1104 1091
f 1090 1091 1077
f 1191 1107 1108
f 1192 1178 1177
f 1191 1108 1109
f 1192 1179 1178
f 1191 1109 1110
f 1192 1180 1179
f 1191 1110 1111
f 1192 1181 1180
f 1191 1111 1112
f 1192 1182 1181
f 1191 1112 1113
f 1192 1183 1182
f 1191 1113 1114
f 1192 1184 1183
f 1191 1114 1115
f 1192 1185 1184
f 1191 1115 1116
f 1192 1186 1185
f 1191 1116 1117
f 1192 1187 1186
f 1191 1117 1118
f 1192 1188 1187
f 1191 1118 1119
f 1192 1189 1188
f 1191 1119 1120
f 1192 1190 1189
f 1191 1120 1107
f 1192 1177 1190
f 1107 1121 1122
f 1107 1122 1108
f 1108 1122 1123
f 1108 1123 1109
f 1109 1123 1124
f 1109 1124 1110
f 1110 1124 1125
f 1110 1125 1111
f 1111 1125 1126
f 1111 1126 1112
f 1112 1126 1127
f 1112 1127 1113
f 1113 1127 1128
f 1113 1128 1114
f 1114 1128 1129
f 1114 1129 1115
f 1115 1129 1130
f 1115 1130 1116
f 1116 1130 1131
f 1116 1131 1117
f 1117 1131 1132
f 1117 1132 1118
f 1118 1132 1133
f 1118 1133 1119
f 1119 1133 1134
f 1119 1134 1120
f 1120 1134 1121
f 1120 1121 1107
f 1121 1135 1136
f 1121 1136 1122
f 1122 1136 1137
f 1122 1137 1123
f 1123 1137 1138
f 1123 1138 1124
f 1124 1138 1139
f 1124 1139 1125
f 1125 1139 1140
f 1125 1140 1126
f 1126 1140 1141
f 1126 1141 1127
f 1127 1141 1142
f 1127 1142 1128
f 1128 1142 1143
f 1128 1143 1129
f 1129 1143 1144
f 1129 1144 1130
f 1130 1144 1145
f 1130 1145 1131
f 1131 1145 1146
f 1131 1146 1132
f 1132 1146 1147
f 1132 1147 1133
f 1133 1147 1148
f 1133 1148 1134
f 1134 1148 1135
f 1134 1135 1121
f 1135 1149 1150
f 1135 1150 1136
f 1136 1150 1151
f 1136 1151 1137
f 1137 1151 1152
f 1137 1152 1138
f 1138 1152 1153
f 1138 1153 1139
f 1139 1153 1154
f 1139 1154 1140
f 1140 1154 1155
f 1140 1155 1141
f 1141 1155 1156
f 1141 1156 1142
f 1142 1156 1157
f 1142 1157 1143
f 1143 1157 1158
f 1143 1158 1144
f 1144 1158 1159
f 1144 1159 1145
f 1145 1159 1160
f 1145 1160 1146
f 1146 1160 1161
f 1146 1161 1147
f 1147 1161 1162
f 1147 1162 1148
f 1148 1162 1149
f 1148 1149 1135
f 1149 1163 1164
f 1149 1164 1150
f 1150 1164 1165
f 1150 1165 1151
f 1151 1165 1166
f 1151 1166 1152
f 1152 1166 1167
f 1152 1167 1153
f 1153 1167 1168
f 1153 1168 1154
f 1154 1168 1169
f 1154 1169 1155
f 1155 1169 1170
f 1155 1170 1156
f 1156 1170 1171
f 1156 1171 1157
f 1157 1171 1172
f 1157 1172 1158
f 1158 1172 1173
f 1158 1173 1159
f 1159 1173 1174
f 1159 1174 1160
f 1160 1174 1175
f 1160 1175 1161
f 1161 1175 1176
f 1161 1176 1162
f 1162 1176 1163
f 1162 1163 1149
f 1163 1177 1178
f 1163 1178 1164
f 1164 1178 1179
f 1164 1179 1165
f 1165 1179 1180
f 1165 1180 1166
f 1166 1180 1181
f 1166 1181 1167
f 1167 1181 1182
f 1167 1182 1168
f 1168 1182 1183
f 1168 1183 1169
f 1169 1183 1184
f 1169 1184 1170
f 1170 1184 1185
f 1170 1185 1171
f 1171 1185 1186
f 1171 1186 1172
f 1172 1186 1187
f 1172 1187 1173
f 1173 1187 1188
f 1173 1188 1174
f 1174 1188 1189
f 1174 1189 1175
f 1175 1189 1190
f 1175 1190 1176
f 1176 1190 1177
f 1176 1177 1163
f 1277 1193 1194
f 1278 1264 1263
f 1277 1194 1195
f 1278 1265 1264
f 1277 1195 1196
f 1278 1266 1265
f 1277 1196 1197
f 1278 1267 1266
f 1277 1197 1198
f 1278 1268 1267
f 1277 1198 1199
f 1278 1269 1268
f 1277 1199 1200
f 1278 1270 1269
f 1277 1200 1201
f 1278 1271 1270
f 1277 1201 1202
f 1278 1272 1271
f 1277 1202 1203
f 1278 1273 1272
f 1277 1203 1204
f 1278 1274 1273
f 1277 1204 1205
f 1278 1275 1274
f 1277 1205 1206
f 1278 1276 1275
f 1277 1206 1193
f 1278 1263 1276
f 1193 1207 1208
f 1193 1208 1194
f 1194 1208 1209
f 1194 1209 1195
f 1195 1209 1210
f 1195 1210 1196
f 1196 1210 1211
f 1196 1211 1197
f 1197 1211 1212
f 1197 1212 1198
f 1198 1212 1213
f 1198 1213 1199
f 1199 1213 1214
f 1199 1214 1200
f 1200 1214 1215
f 1200 1215 1201
f 1201 1215 1216
f 1201 1216 1202
f 1202 1216 1217
f 1202 1217 1203
f 1203 1217 1218
f 1203 1218 1204
f 1204 1218 1219
f 1204 1219 1205
f 1205 1219 1220
f 1205 1220 1206
f 1206 1220 1207
f 1206 1207 1193
f 1207 1221 1222
f 1207 1222 1208
f 1208 1222 1223
f 1208 1223 1209
f 1209 1223 1224
f 1209 1224 1210
f 1210 1224 1225
f 1210 1225 1211
f 1211 1225 1226
f 1211 1226 1212
f 1212 1226 1227
f 1212 1227 1213
f 1213 1227 1228
f 1213 1228 1214
f 1214 1228 1229
f 1214 1229 1215
f 1215 1229 1230
f 1215 1230 1216
f 1216 1230 1231
f 1216 1231 1217
f 1217 1231 1232
f 1217 1232 1218
f 1218 1232 1233
f 1218 1233 1219
f 1219 1233 1234
f 1219 1234 1220
f 1220 1234 1221
f 1220 1221 1207
f 1221 1235 1236
f 1221 1236 1222
f 1222 1236 1237
f 1222 1237 1223
f 1223 1237 1238
f 1223 1238 1224
f 1224 1238 1239
f 1224 1239 1225
f 1225 1239 1240
f 1225 1240 1226
f 1226 1240 1241
f 1226 1241 1227
f 1227 1241 1242
f 1227 1242 1228
f 1228 1242 1243
f 1228 1243 1229
f 1229 1243 1244
f 1229 1244 1230
f 1230 1244 1245
f 1230 1245 1231
f 1231 1245 1246
f 1231 1246 1232
f 1232 1246 1247
f 1232 1247 1233
f 1233 1247 1248
f 1233 1248 1234
f 1234 1248 1235
f 1234 1235 1221
f 1235 1249 1250
f 1235 1250 1236
f 1236 1250 1251
f 1236 1251 1237
f 1237 1251 1252
f 1237 1252 1238
f 1238 1252 1253
f 1238 1253 1239
f 1239 1253 1254
f 1239 1254 1240
f 1240 1254 1255
f 1240 1255 1241
f 1241 1255 1256
f 1241 1256 1242
f 1242 1256 1257
f 1242 1257 1243
f 1243 1257 1258
f 1243 1258 1244
f 1244 1258 1259
f 1244 1259 1245
f 1245 1259 1260
f 1245 1260 1246
f 1246 1260 1261
f 1246 1261 1247
f 1247 1261 1262
f 1247 1262 1248
f 1248 1262 1249
f 1248 1249 1235
f 1249 1263 1264
f 1249 1264 1250
f 1250 1264 1265
f 1250 1265 1251
f 1251 1265 1266
f 1251 1266 1252
f 1252 1266 1267
f 1252 1267 1253
f 1253 1267 1268
f 1253 1268 1254
f 1254 1268 1269
f 1254 1269 1255
f 1255 1269 1270
f 1255 1270 1256
f 1256 1270 1271
f 1256 1271 1257
f 1257 1271 1272
f 1257 1272 1258
f 1258 1272 1273
f 1258 1273 1259
f 1259 1273 1274
f 1259 1274 1260
f 1260 1274 1275
f 1260 1275 1261
f 1261 1275 1276
f 1261 1276 1262
f 1262 1276 1263
f 1262 1263 1249
f 1363 1279 1280
f 1364 1350 1349
f 1363 1280 1281
f 1364 1351 1350
f 1363 1281 1282
f 1364 1352 1351
f 1363 1282 1283
f 1364 1353 1352
f 1363 1283 1284
f 1364 1354 1353
f 1363 1284 1285
f 1364 1355 1354
f 1363 1285 1286
f 1364 1356 1355
f 1363 1286 1287
f 1364 1357 1356
f 1363 1287 1288
f 1364 1358 1357
f 1363 1288 1289
f 1364 1359 1358
f 1363 1289 1290
f 1364 1360 1359
f 1363 1290 1291
f 1364 1361 1360
f 1363 1291 1292
f 1364 1362 1361
f 1363 1292 1279
f 1364 1349 1362
f 1279 1293 1294
f 1279 1294 1280
f 1280 1294 1295
f 1280 1295 1281
f 1281 1295 1296
f 1281 1296 1282
f 1282 1296 1297
f 1282 1297 1283
f 1283 1297 1298
f 1283 1298 1284
f 1284 1298 1299
f 1284 1299 1285
f 1285 1299 1300
f 1285 1300 1286
f 1286 1300 1301
f 1286 1301 1287
f 1287 1301 1302
f 1287 1302 1288
f 1288 1302 1303
f 1288 1303 1289
f 1289 1303 1304
f 1289 1304 1290
f 1290 1304 1305
f 1290 1305 1291
f 1291 1305 1306
f 1291 1306 1292
f 1292 1306 1293
f 1292 1293 1279
f 1293 1307 1308
f 1293 1308 1294
f 1294 1308 1309
f 1294 1309 1295
f 1295 1309 1310
f 1295 1310 1296
f 1296 1310 1311
f 1296 1311 1297
f 1297 1311 1312
f 1297 1312 1298
f 1298 1312 1313
f 1298 1313 1299
f 1299 1313 1314
f 1299 1314 1300
f 1300 1314 1315
f 1300 1315 1301
f 1301 1315 1316
f 1301 1316 1302
f 1302 1316 1317
f 1302 1317 1303
f 1303 1317 1318
f 1303 1318 1304
f 1304 1318 1319
f 1304 1319 1305
f 1305 1319 1320
f 1305 1320 1306
f 1306 1320 1307
f 1306 1307 1293
f 1307 1321 1322
f 1307 1322 1308
f 1308 1322 1323
f 1308 1323 1309
f 1309 1323 1324
f 1309 1324 1310
f 1310 1324 1325
f 1310 1325 1311
f 1311 1325 1326
f 1311 1326 1312
f 1312 1326 1327
f 1312 1327 1313
f 1313 1327 1328
f 1313 1328 1314
f 1314 1328 1329
f 1314 1329 1315
f 1315 1329 1330
f 1315 1330 1316
f 1316 1330 1331
f 1316 1331 1317
f 1317 1331 1332
f 1317 1332 1318
f 1318 1332 1333
f 1318 1333 1319
f 1319 1333 1334
f 1319 1334 1320
f 1320 1334 1321
f 1320 1321 1307
f 1321 1335 1336
f 1321 1336 1322
f 1322 1336 1337
f 1322 1337 1323
f 1323 1337 1338
f 1323 1338 1324
f 1324 1338 1339
f 1324 1339 1325
f 1325 1339 1340
f 1325 1340 1326
f 1326 1340 1341
f 1326 1341 1327
f 1327 1341 1342
f 1327 1342 1328
f 1328 1342 1343
f 1328 1343 1329
f 1329 1343 1344
f 1329 1344 1330
f 1330 1344 1345
f 1330 1345 1331
f 1331 1345 1346
f 1331 1346 1332
f 1332 1346 1347
f 1332 1347 1333
f 1333 1347 1348
f 1333 1348 1334
f 1334 1348 1335
f 1334 1335 1321
f 1335 1349 1350
f 1335 1350 1336
f 1336 1350 1351
f 1336 1351 1337
f 1337 1351 1352
f 1337 1352 1338
f 1338 1352 1353
f 1338 1353 1339
f 1339 1353 1354
f 1339 1354 1340
f 1340 1354 1355
f 1340 1355 1341
f 1341 1355 1356
f 1341 1356 1342
f 1342 1356 1357
f 1342 1357 1343
f 1343 1357 1358
f 1343 1358 1344
f 1344 1358 1359
f 1344 1359 1345
f 1345 1359 1360
f 1345 1360 1346
f 1346 1360 1361
f 1346 1361 1347
f 1347 1361 1362
f 1347 1362 1348
f 1348 1362 1349
f 1348 1349 1335
f 1449 1365 1366
f 1450 1436 1435
f 1449 1366 1367
f 1450 1437 1436
f 1449 1367 1368
f 1450 1438 1437
f 1449 1368 1369
f 1450 1439 1438
f 1449 1369 1370
f 1450 1440 1439
f 1449 1370 1371
f 1450 1441 1440
f 1449 1371 1372
f 1450 1442 1441
f 1449 1372 1373
f 1450 1443 1442
f 1449 1373 1374
f 1450 1444 1443
f 1449 1374 1375
f 1450 1445 1444
f 1449 1375 1376
f 1450 1446 1445
f 1449 1376 1377
f 1450 1447 1446
f 1449 1377 1378
f 1450 1448 1447
f 1449 1378 1365
f 1450 1435 1448
f 1365 1379 1380
f 1365 1380 1366
f 1366 1380 1381
f 1366 1381 1367
f 1367 1381 1382
f 1367 1382 1368
f 1368 1382 1383
f 1368 1383 1369
f 1369 1383 1384
f 1369 1384 1370
f 1370 1384 1385
f 1370 1385 1371
f 1371 1385 1386
f 1371 1386 1372
f 1372 1386 1387
f 1372 1387 1373
f 1373 1387 1388
f 1373 1388 1374
f 1374 1388 1389
f 1374 1389 1375
f 1375 1389 1390
f 1375 1390 1376
f 1376 1390 1391
f 1376 1391 1377
f 1377 1391 1392
f 1377 1392 1378
f 1378 1392 1379
f 1378 1379 1365
f 1379 1393 1394
f 1379 1394 1380
f 1380 1394 1395
f 1380 1395 1381
f 1381 1395 1396
f 1381 1396 1382
f 1382 1396 1397
f 1382 1397 1383
f 1383 1397 1398
f 1383 1398 1384
f 1384 1398 1399
f 1384 1399 1385
f 1385 1399 1400
f 1385 1400 1386
f 1386 1400 1401
f 1386 1401 1387
f 1387 1401 1402
f 1387 1402 1388
f 1388 1402 1403
f 1388 1403 1389
f 1389 1403 1404
f 1389 1404 1390
f 1390 1404 1405
f 1390 1405 1391
f 1391 1405 1406
f 1391 1406 1392
f 1392 1406 1393
f 1392 1393 1379
f 1393 1407 1408
f 1393 1408 1394
f 1394 1408 1409
f 1394 1409 1395
f 1395 1409 1410
f 1395 1410 1396
f 1396 1410 1411
f 1396 1411 1397
f 1397 1411 1412
f 1397 1412 1398
f 1398 1412 1413
f 1398 1413 1399
f 1399 1413 1414
f 1399 1414 1400
f 1400 1414 1415
f 1400 1415 1401
f 1401 1415 1416
f 1401 1416 1402
f 1402 1416 1417
f 1402 1417 1403
f 1403 1417 1418
f 1403 1418 1404
f 1404 1418 1419
f 1404 1419 1405
f 1405 1419 1420
f 1405 1420 1406
f 1406 1420 1407
f 1406 1407 1393
f 1407 1421 1422
f 1407 1422 1408
f 1408 1422 1423
f 1408 1423 1409
f 1409 1423 1424
f 1409 1424 1410
f 1410 1424 1425
f 1410 1425 1411
f 1411 1425 1426
f 1411 1426 1412
f 1412 1426 1427
f 1412 1427 1413
f 1413 1427 1428
f 1413 1428 1414
f 1414 1428 1429
f 1414 1429 1415
f 1415 1429 1430
f 1415 1430 1416
f 1416 1430 1431
f 1416 1431 1417
f 1417 1431 1432
f 1417 1432 1418
f 1418 1432 1433
f 1418 1433 1419
f 1419 1433 1434
f 1419 1434 1420
f 1420 1434 1421
f 1420 1421 1407
f 1421 1435 1436
f 1421 1436 1422
f 1422 1436 1437
f 1422 1437 1423
f 1423 1437 1438
f 1423 1438 1424
f 1424 1438 1439
f 1424 1439 1425
f 1425 1439 1440
f 1425 1440 1426
f 1426 1440 1441
f 1426 1441 1427
f 1427 1441 1442
f 1427 1442 1428
f 1428 1442 1443
f 1428 1443 1429
f 1429 1443 1444
f 1429 1444 1430
f 1430 1444 1445
f 1430 1445 1431
f 1431 1445 1446
f 1431 1446 1432
f 1432 1446 1447
f 1432 1447 1433
f 1433 1447 1448
f 1433 1448 1434
f 1434 1448 1435
f 1434 1435 1421
f 1535 1451 1452
f 1536 1522 1521
f 1535 1452 1453
f 1536 1523 1522
f 1535 1453 1454
f 1536 1524 1523
f 1535 1454 1455
f 1536 1525 1524
f 1535 1455 1456
f 1536 1526 1525
f 1535 1456 1457
f 1536 1527 1526
f 1535 1457 1458
f 1536 1528 1527
f 1535 1458 1459
f 1536 1529 1528
f 1535 1459 1460
f 1536 1530 1529
f 1535 1460 1461
f 1536 1531 1530
f 1535 1461 1462
f 1536 1532 1531
f 1535 1462 1463
f 1536 1533 1532
f 1535 1463 1464
f 1536 1534 1533
f 1535 1464 1451
f 1536 1521 1534
f 1451 1465 1466
f 1451 1466 1452
f 1452 1466 1467
f 1452 1467 1453
f 1453 1467 1468
f 1453 1468 1454
f 1454 1468 1469
f 1454 1469 1455
f 1455 1469 1470
f 1455 1470 1456
f 1456 1470 1471
f 1456 1471 1457
f 1457 1471 1472
f 1457 1472 1458
f 1458 1472 1473
f 1458 1473 1459
f 1459 1473 1474
f 1459 1474 1460
f 1460 1474 1475
f 1460 1475 1461
f 1461 1475 1476
f 1461 1476 1462
f 1462 1476 1477
f 1462 1477 1463
f 1463 1477 1478
f 1463 1478 1464
f 1464 1478 1465
f 1464 1465 1451
f 1465 1479 1480
f 1465 1480 1466
f 1466 1480 1481
f 1466 1481 1467
f 1467 1481 1482
f 1467 1482 1468
f 1468 1482 1483
f 1468 1483 1469
f 1469 1483 1484
f 1469 1484 1470
f 1470 1484 1485
f 1470 1485 1471
f 1471 1485 1486
f 1471 1486 1472
f 1472 1486 1487
f 1472 1487 1473
f 1473 1487 1488
f 1473 1488 1474
f 1474 1488 1489
f 1474 1489 1475
f 1475 1489 1490
f 1475 1490 1476
f 1476 1490 1491
f 1476 1491 1477
f 1477 1491 1492
f 1477 1492 1478
f 1478 1492 1479
f 1478 1479 1465
f 1479 1493 1494
f 1479 1494 1480
f 1480 1494 1495
f 1480 1495 1481
f 1481 1495 1496
f 1481 1496 1482
f 1482 1496 1497
f 1482 1497 1483
f 1483 1497 1498
f 1483 1498 1484
f 1484 1498 1499
f 1484 1499 1485
f 1485 1499 1500
f 1485 1500 1486
f 1486 1500 1501
f 1486 1501 1487
f 1487 1501 1502
f 1487 1502 1488
f 1488 1502 1503
f 1488 1503 1489
f 1489 1503 1504
f 1489 1504 1490
f 1490 1504 1505
f 1490 1505 1491
f 1491 1505 1506
f 1491 1506 1492
f 1492 1506 1493
f 1492 1493 1479
f 1493 1507 1508
f 1493 1508 1494
f 1494 1508 1509
f 1494 1509 1495
f 1495 1509 1510
f 1495 1510 1496
f 1496 1510 1511
f 1496 1511 1497
f 1497 1511 1512
f 1497 1512 1498
f 1498 1512 1513
f 1498 1513 1499
f 1499 1513 1514
f 1499 1514 1500
f 1500 1514 1515
f 1500 1515 1501
f 1501 1515 1516
f 1501 1516 1502
f 1502 1516 1517
f 1502 1517 1503
f 1503 1517 1518
f 1503 1518 1504
f 1504 1518 1519
f 1504 1519 1505
f 1505 1519 1520
f 1505 1520 1506
f 1506 1520 1507
f 1506 1507 1493
f 1507 1521 1522
f 1507 1522 1508
f 1508 1522 1523
f 1508 1523 1509
f 1509 1523 1524
f 1509 1524 1510
f 1510 1524 1525
f 1510 1525 1511
f 1511 1525 1526
f 1511 1526 1512
f 1512 1526 1527
f 1512 1527 1513
f 1513 1527 1528
f 1513 1528 1514
f 1514 1528 1529
f 1514 1529 1515
f 1515 1529 1530
f 1515 1530 1516
f 1516 1530 1531
f 1516 1531 1517
f 1517 1531 1532
f 1517 1532 1518
f 1518 1532 1533
f 1518 1533 1519
f 1519 1533 1534
f 1519 1534 1520
f 1520 1534 1521
f 1520 1521 1507
f 1621 1537 1538
f 1622 1608 1607
f 1621 1538 1539
f 1622 1609 1608
f 1621 1539 1540
f 1622 1610 1609
f 1621 1540 1541
f 1622 1611 1610
f 1621 1541 1542
f 1622 1612 1611
f 1621 1542 1543
f 1622 1613 1612
f 1621 1543 1544
f 1622 1614 1613
f 1621 1544 1545
f 1622 1615 1614
f 1621 1545 1546
f 1622 1616 1615
f 1621 1546 1547
f 1622 1617 1616
f 1621 1547 1548
f 1622 1618 1617
f 1621 1548 1549
f 1622 1619 1618
f 1621 1549 1550
f 1622 1620 1619
f 1621 1550 1537
f 1622 1607 1620
f 1537 1551 1552
f 1537 1552 1538
f 1538 1552 1553
f 1538 1553 1539
f 1539 1553 1554
f 1539 1554 1540
f 1540 1554 1555
f 1540 1555 1541
f 1541 1555 1556
f 1541 1556 1542
f 1542 1556 1557
f 1542 1557 1543
f 1543 1557 1558
f 1543 1558 1544
f 1544 1558 1559
f 1544 1559 1545
f 1545 1559 1560
f 1545 1560 1546
f 1546 1560 1561
f 1546 1561 1547
f 1547 1561 1562
f 1547 1562 1548
f 1548 1562 1563
f 1548 1563 1549
f 1549 1563 1564
f 1549 1564 1550
f 1550 1564 1551
f 1550 1551 1537
f 1551 1565 1566
f 1551 1566 1552
f 1552 1566 1567
f 1552 1567 1553
f 1553 1567 1568
f 1553 1568 1554
f 1554 1568 1569
f 1554 1569 1555
f 1555 1569 1570
f 1555 1570 1556
f 1556 1570 1571
f 1556 1571 1557
f 1557 1571 1572
f 1557 1572 1558
f 1558 1572 1573
f 1558 1573 1559
f 1559 1573 1574
f 1559 1574 1560
f 1560 1574 1575
f 1560 1575 1561
f 1561 1575 1576
f 1561 1576 1562
f 1562 1576 1577
f 1562 1577 1563
f 1563 1577 1578
f 1563 1578 1564
f 1564 1578 1565
f 1564 1565 1551
f 1565 1579 1580
f 1565 1580 1566
f 1566 1580 1581
f 1566 1581 1567
f 1567 1581 1582
f 1567 1582 1568
f 1568 1582 1583
f 1568 1583 1569
f 1569 1583 1584
f 1569 1584 1570
f 1570 1584 1585
f 1570 1585 1571
f 1571 1585 1586
f 1571 1586 1572
f 1572 1586 1587
f 1572 1587 1573
f 1573 1587 1588
f 1573 1588 1574
f 1574 1588 1589
f 1574 1589 1575
f 1575 1589 1590
f 1575 1590 1576
f 1576 1590 1591
f 1576 1591 1577
f 1577 1591 1592
f 1577 1592 1578
f 1578 1592 1579
f 1578 1579 1565
f 1579 1593 1594
f 1579 1594 1580
f 1580 1594 1595
f 1580 1595 1581
f 1581 1595 1596
f 1581 1596 1582
f 1582 1596 1597
f 1582 1597 1583
f 1583 1597 1598
f 1583 1598 1584
f 1584 1598 1599
f 1584 1599 1585
f 1585 1599 1600
f 1585 1600 1586
f 1586 1600 1601
f 1586 1601 1587
f 1587 1601 1602
f 1587 1602 1588
f 1588 1602 1603
f 1588 1603 1589
f 1589 1603 1604
f 1589 1604 1590
f 1590 1604 1605
f 1590 1605 1591
f 1591 1605 1606
f 1591 1606 1592
f 1592 1606 1593
f 1592 1593 1579
f 1593 1607 1608
f 1593 1608 1594
f 1594 1608 1609
f 1594 1609 1595
f 1595 1609 1610
f 1595 1610 1596
f 1596 1610 1611
f 1596 1611 1597
f 1597 1611 1612
f 1597 1612 1598
f 1598 1612 1613
f 1598 1613 1599
f 1599 1613 1614
f 1599 1614 1600
f 1600 1614 1615
f 1600 1615 1601
f 1601 1615 1616
f 1601 1616 1602
f 1602 1616 1617
f 1602 1617 1603
f 1603 1617 1618
f 1603 1618 1604
f 1604 1618 1619
f 1604 1619 1605
f 1605 1619 1620
f 1605 1620 1606
f 1606 1620 1607
f 1606 1607 1593
f 1707 1623 1624
f 1708 1694 1693
f 1707 1624 1625
f 1708 1695 1694
f 1707 1625 1626
f 1708 1696 1695
f 1707 1626 1627
f 1708 1697 1696
f 1707 1627 1628
f 1708 1698 1697
f 1707 1628 1629
f 1708 1699 1698
f 1707 1629 1630
f 1708 1700 1699
f 1707 1630 1631
f 1708 1701 1700
f 1707 1631 1632
f 1708 1702 1701
f 1707 1632 1633
f 1708 1703 1702
f 1707 1633 1634
f 1708 1704 1703
f 1707 1634 1635
f 1708 1705 1704
f 1707 1635 1636
f 1708 1706 1705
f 1707 1636 1623
f 1708 1693 1706
f 1623 1637 1638
f 1623 1638 1624
f 1624 1638 1639
f 1624 1639 1625
f 1625 1639 1640
f 1625 1640 1626
f 1626 1640 1641
f 1626 1641 1627
f 1627 1641 1642
f 1627 1642 1628
f 1628 1642 1643
f 1628 1643 1629
f 1629 1643 1644
f 1629 1644 1630
f 1630 1644 1645
f 1630 1645 1631
f 1631 1645 1646
f 1631 1646 1632
f 1632 1646 1647
f 1632 1647 1633
f 1633 1647 1648
f 1633 1648 1634
f 1634 1648 1649
f 1634 1649 1635
f 1635 1649 1650
f 1635 1650 1636
f 1636 1650 1637
f 1636 1637 1623
f 1637 1651 1652
f 1637 1652 1638
f 1638 1652 1653
f 1638 1653 1639
f 1639 1653 1654
f 1639 1654 1640
f 1640 1654 1655
f 1640 1655 1641
f 1641 1655 1656
f 1641 1656 1642
f 1642 1656 1657
f 1642 1657 1643
f 1643 1657 1658
f 1643 1658 1644
f 1644 1658 1659
f 1644 1659 1645
f 1645 1659 1660
f 1645 1660 1646
f 1646 1660 1661
f 1646 1661 1647
f 1647 1661 1662
f 1647 1662 1648
f 1648 1662 1663
f 1648 1663 1649
f 1649 1663 1664
f 1649 1664 1650
f 1650 1664 1651
f 1650 1651 1637
f 1651 1665 1666
f 1651 1666 1652
f 1652 1666 1667
f 1652 1667 1653
f 1653 1667 1668
f 1653 1668 1654
f 1654 1668 1669
f 1654 1669 1655
f 1655 1669 1670
f 1655 1670 1656
f 1656 1670 1671
f 1656 1671 1657
f 1657 1671 1672
f 1657 1672 1658
f 1658 1672 1673
f 1658 1673 1659
f 1659 1673 1674
f 1659 1674 1660
f 1660 1674 1675
f 1660 1675 1661
f 1661 1675 1676
f 1661 1676 1662
f 1662 1676 1677
f 1662 1677 1663
f 1663 1677 1678
f 1663 1678 1664
f 1664 1678 1665
f 1664 1665 1651
f 1665 1679 1680
f 1665 1680 1666
f 1666 1680 1681
f 1666 1681 1667
f 1667 1681 1682
f 1667 1682 1668
f 1668 1682 1683
f 1668 1683 1669
f 1669 1683 1684
f 1669 1684 1670
f 1670 1684 1685
f 1670 1685 1671
f 1671 1685 1686
f 1671 1686 1672
f 1672 1686 1687
f 1672 1687 1673
f 1673 1687 1688
f 1673 1688 1674
f 1674 1688 1689
f 1674 1689 1675
f 1675 1689 1690
f 1675 1690 1676
f 1676 1690 1691
f 1676 1691 1677
f 1677 1691 1692
f 1677 1692 1678
f 1678 1692 1679
f 1678 1679 1665
f 1679 1693 1694
f 1679 1694 1680
f 1680 1694 1695
f 1680 1695 1681
f 1681 1695 1696
f 1681 1696 1682
f 1682 1696 1697
f 1682 1697 1683
f 1683 1697 1698
f 1683 1698 1684
f 1684 1698 1699
f 1684 1699 1685
f 1685 1699 1700
f 1685 1700 1686
f 1686 1700 1701
f 1686 1701 1687
f 1687 1701 1702
f 1687 1702 1688
f 1688 1702 1703
f 1688 1703 1689
f 1689 1703 1704
f 1689 1704 1690
f 1690 1704 1705
f 1690 1705 1691
f 1691 1705 1706
f 1691 1706 1692
f 1692 1706 1693
f 1692 1693 1679
f 1793 1709 1710
f 1794 1780 1779
f 1793 1710 1711
f 1794 1781 1780
f 1793 1711 1712
f 1794 1782 1781
f 1793 1712 1713
f 1794 1783 1782
f 1793 1713 1714
f 1794 1784 1783
f 1793 1714 1715
f 1794 1785 1784
f 1793 1715 1716
f 1794 1786 1785
f 1793 1716 1717
f 1794 1787 1786
f 1793 1717 1718
f 1794 1788 1787
f 1793 1718 1719
f 1794 1789 1788
f 1793 1719 1720
f 1794 1790 1789
f 1793 1720 1721
f 1794 1791 1790
f 1793 1721 1722
f 1794 1792 1791
f 1793 1722 1709
f 1794 1779 1792
f 1709 1723 1724
f 1709 1724 1710
f 1710 1724 1725
f 1710 1725 1711
f 1711 1725 1726
f 1711 1726 1712
f 1712 1726 1727
f 1712 1727 1713
f 1713 1727 1728
f 1713 1728 1714
f 1714 1728 1729
f 1714 1729 1715
f 1715 1729 1730
f 1715 1730 1716
f 1716 1730 1731
f 1716 1731 1717
f 1717 1731 1732
f 1717 1732 1718
f 1718 1732 1733
f 1718 1733 1719
f 1719 1733 1734
f 1719 1734 1720
f 1720 1734 1735
f 1720 1735 1721
f 1721 1735 1736
f 1721 1736 1722
f 1722 1736 1723
f 1722 1723 1709
f 1723 1737 1738
f 1723 1738 1724
f 1724 1738 1739
f 1724 1739 1725
f 1725 1739 1740
f 1725 1740 1726
f 1726 1740 1741
f 1726 1741 1727
f 1727 1741 1742
f 1727 1742 1728
f 1728 1742 1743
f 1728 1743 1729
f 1729 1743 1744
f 1729 1744 1730
f 1730 1744 1745
f 1730 1745 1731
f 1731 1745 1746
f 1731 1746 1732
f 1732 1746 1747
f 1732 1747 1733
f 1733 1747 1748
f 1733 1748 1734
f 1734 1748 1749
f 1734 1749 1735
f 1735 1749 1750
f 1735 1750 1736
f 1736 1750 1737
f 1736 1737 1723
f 1737 1751 1752
f 1737 1752 1738
f 1738 1752 1753
f 1738 1753 1739
f 1739 1753 1754
f 1739 1754 1740
f 1740 1754 1755
f 1740 1755 1741
f 1741 1755 1756
f 1741 1756 1742
f 1742 1756 1757
f 1742 1757 1743
f 1743 1757 1758
f 1743 1758 1744
f 1744 1758 1759
f 1744 1759 1745
f 1745 1759 1760
f 1745 1760 1746
f 1746 1760 1761
f 1746 1761 1747
f 1747 1761 1762
f 1747 1762 1748
f 1748 1762 1763
f 1748 1763 1749
f 1749 1763 1764
f 1749 1764 1750
f 1750 1764 1751
f 1750 1751 1737
f 1751 1765 1766
f 1751 1766 1752
f 1752 1766 1767
f 1752 1767 1753
f 1753 1767 1768
f 1753 1768 1754
f 1754 1768 1769
f 1754 1769 1755
f 1755 1769 1770
f 1755 1770 1756
f 1756 1770 1771
f 1756 1771 1757
f 1757 1771 1772
f 1757 1772 1758
f 1758 1772 1773
f 1758 1773 1759
f 1759 1773 1774
f 1759 1774 1760
f 1760 1774 1775
f 1760 1775 1761
f 1761 1775 1776
f 1761 1776 1762
f 1762 1776 1777
f 1762 1777 1763
f 1763 1777 1778
f 1763 1778 1764
f 1764 1778 1765
f 1764 1765 1751
f 1765 1779 1780
f 1765 1780 1766
f 1766 1780 1781
f 1766 1781 1767
f 1767 1781 1782
f 1767 1782 1768
f 1768 1782 1783
f 1768 1783 1769
f 1769 1783 1784
f 1769 1784 1770
f 1770 1784 1785
f 1770 1785 1771
f 1771 1785 1786
f 1771 1786 1772
f 1772 1786 1787
f 1772 1787 1773
f 1773 1787 1788
f 1773 1788 1774
f 1774 1788 1789
f 1774 1789 1775
f 1775 1789 1790
f 1775 1790 1776
f 1776 1790 1791
f 1776 1791 1777
f 1777 1791 1792
f 1777 1792 1778
f 1778 1792 1779
f 1778 1779 1765
f 1879 1795 1796
f 1880 1866 1865
f 1879 1796 1797
f 1880 1867 1866
f 1879 1797 1798
f 1880 1868 1867
f 1879 1798 1799
f 1880 1869 1868
f 1879 1799 1800
f 1880 1870 1869
f 1879 1800 1801
f 1880 1871 1870
f 1879 1801 1802
f 1880 1872 1871
f 1879 1802 1803
f 1880 1873 1872
f 1879 1803 1804
f 1880 1874 1873
f 1879 1804 1805
f 1880 1875 1874
f 1879 1805 1806
f 1880 1876 1875
f 1879 1806 1807
f 1880 1877 1876
f 1879 1807 1808
f 1880 1878 1877
f 1879 1808 1795
f 1880 1865 1878
f 1795 1809 1810
f 1795 1810 1796
f 1796 1810 1811
f 1796 1811 1797
f 1797 1811 1812
f 1797 1812 1798
f 1798 1812 1813
f 1798 1813 1799
f 1799 1813 1814
f 1799 1814 1800
f 1800 1814 1815
f 1800 1815 1801
f 1801 1815 1816
f 1801 1816 1802
f 1802 1816 1817
f 1802 1817 1803
f 1803 1817 1818
f 1803 1818 1804
f 1804 1818 1819
f 1804 1819 1805
f 1805 1819 1820
f 1805 1820 1806
f 1806 1820 1821
f 1806 1821 1807
f 1807 1821 1822
f 1807 1822 1808
f 1808 1822 1809
f 1808 1809 1795
f 1809 1823 1824
f 1809 1824 1810
f 1810 1824 1825
f 1810 1825 1811
f 1811 1825 1826
f 1811 1826 1812
f 1812 1826 1827
f 1812 1827 1813
f 1813 1827 1828
f 1813 1828 1814
f 1814 1828 1829
f 1814 1829 1815
f 1815 1829 1830
f 1815 1830 1816
f 1816 1830 1831
f 1816 1831 1817
f 1817 1831 1832
f 1817 1832 1818
f 1818 1832 1833
f 1818 1833 1819
f 1819 1833 1834
f 1819 1834 1820
f 1820 1834 1835
f 1820 1835 1821
f 1821 1835 1836
f 1821 1836 1822
f 1822 1836 1823
f 1822 1823 1809
f 1823 1837 1838
f 1823 1838 1824
f 1824 1838 1839
f 1824 1839 1825
f 1825 1839 1840
f 1825 1840 1826
f 1826 1840 1841
f 1826 1841 1827
f 1827 1841 1842
f 1827 1842 1828
f 1828 1842 1843
f 1828 1843 1829
f 1829 1843 1844
f 1829 1844 1830
f 1830 1844 1845
f 1830 1845 1831
f 1831 1845 1846
f 1831 1846 1832
f 1832 1846 1847
f 1832 1847 1833
f 1833 1847 1848
f 1833 1848 1834
f 1834 1848 1849
f 1834 1849 1835
f 1835 1849 1850
f 1835 1850 1836
f 1836 1850 1837
f 1836 1837 1823
f 1837 1851 1852
f 1837 1852 1838
f 1838 1852 1853
f 1838 1853 1839
f 1839 1853 1854
f 1839 1854 1840
f 1840 1854 1855
f 1840 1855 1841
f 1841 1855 1856
f 1841 1856 1842
f 1842 1856 1857
f 1842 1857 1843
f 1843 1857 1858
f 1843 1858 1844
f 1844 1858 1859
f 1844 1859 1845
f 1845 1859 1860
f 1845 1860 1846
f 1846 1860 1861
f 1846 1861 1847
f 1847 1861 1862
f 1847 1862 1848
f 1848 1862 1863
f 1848 1863 1849
f 1849 1863 1864
f 1849 1864 1850
f 1850 1864 1851
f 1850 1851 1837
f 1851 1865 1866
f 1851 1866 1852
f 1852 1866 1867
f 1852 1867 1853
f 1853 1867 1868
f 1853 1868 1854
f 1854 1868 1869
f 1854 1869 1855
f 1855 1869 1870
f 1855 1870 1856
f 1856 1870 1871
f 1856 1871 1857
f 1857 1871 1872
f 1857 1872 1858
f 1858 1872 1873
f 1858 1873 1859
f 1859 1873 1874
f 1859 1874 1860
f 1860 1874 1875
f 1860 1875 1861
f 1861 1875 1876
f 1861 1876 1862
f 1862 1876 1877
f 1862 1877 1863
f 1863 1877 1878
f 1863 1878 1864
f 1864 1878 1865
f 1864 1865 1851
f 1965 1881 1882
f 1966 1952 1951
f 1965 1882 1883
f 1966 1953 1952
f 1965 1883 1884
f 1966 1954 1953
f 1965 1884 1885
f 1966 1955 1954
f 1965 1885 1886
f 1966 1956 1955
f 1965 1886 1887
f 1966 1957 1956
f 1965 1887 1888
f 1966 1958 1957
f 1965 1888 1889
f 1966 1959 1958
f 1965 1889 1890
f 1966 1960 1959
f 1965 1890 1891
f 1966 1961 1960
f 1965 1891 1892
f 1966 1962 1961
f 1965 1892 1893
f 1966 1963 1962
f 1965 1893 1894
f 1966 1964 1963
f 1965 1894 1881
f 1966 1951 1964
f 1881 1895 1896
f 1881 1896 1882
f 1882 1896 1897
f 1882 1897 1883
f 1883 1897 1898
f 1883 1898 1884
f 1884 1898 1899
f 1884 1899 1885
f 1885 1899 1900
f 1885 1900 1886
f 1886 1900 1901
f 1886 1901 1887
f 1887 1901 1902
f 1887 1902 1888
f 1888 1902 1903
f 1888 1903 1889
f 1889 1903 1904
f 1889 1904 1890
f 1890 1904 1905
f 1890 1905 1891
f 1891 1905 1906
f 1891 1906 1892
f 1892 1906 1907
f 1892 1907 1893
f 1893 1907 1908
f 1893 1908 1894
f 1894 1908 1895
f 1894 1895 1881
f 1895 1909 1910
f 1895 1910 1896
f 1896 1910 1911
f 1896 1911 1897
f 1897 1911 1912
f 1897 1912 1898
f 1898 1912 1913
f 1898 1913 1899
f 1899 1913 1914
f 1899 1914 1900
f 1900 1914 1915
f 1900 1915 1901
f 1901 1915 1916
f 1901 1916 1902
f 1902 1916 1917
f 1902 1917 1903
f 1903 1917 1918
f 1903 1918 1904
f 1904 1918 1919
f 1904 1919 1905
f 1905 1919 1920
f 1905 1920 1906
f 1906 1920 1921
f 1906 1921 1907
f 1907 1921 1922
f 1907 1922 1908
f 1908 1922 1909
f 1908 1909 1895
f 1909 1923 1924
f 1909 1924 1910
f 1910 1924 1925
f 1910 1925 1911
f 1911 1925 1926
f 1911 1926 1912
f 1912 1926 1927
f 1912 1927 1913
f 1913 1927 1928
f 1913 1928 1914
f 1914 1928 1929
f 1914 1929 1915
f 1915 1929 1930
f 1915 1930 1916
f 1916 1930 1931
f 1916 1931 1917
f 1917 1931 1932
f 1917 1932 1918
f 1918 1932 1933
f 1918 1933 1919
f 1919 1933 1934
f 1919 1934 1920
f 1920 1934 1935
f 1920 1935 1921
f 1921 1935 1936
f 1921 1936 1922
f 1922 1936 1923
f 1922 1923 1909
f 1923 1937 1938
f 1923 1938 1924
f 1924 1938 1939
f 1924 1939 1925
f 1925 1939 1940
f 1925 1940 1926
f 1926 1940 1941
f 1926 1941 1927
f 1927 1941 1942
f 1927 1942 1928
f 1928 1942 1943
f 1928 1943 1929
f 1929 1943 1944
f 1929 1944 1930
f 1930 1944 1945
f 1930 1945 1931
f 1931 1945 1946
f 1931 1946 1932
f 1932 1946 1947
f 1932 1947 1933
f 1933 1947 1948
f 1933 1948 1934
f 1934 1948 1949
f 1934 1949 1935
f 1935 1949 1950
f 1935 1950 1936
f 1936 1950 1937
f 1936 1937 1923
f 1937 1951 1952
f 1937 1952 1938
f 1938 1952 1953
f 1938 1953 1939
f 1939 1953 1954
f 1939 1954 1940
f 1940 1954 1955
f 1940 1955 1941
f 1941 1955 1956
f 1941 1956 1942
f 1942 1956 1957
f 1942 1957 1943
f 1943 1957 1958
f 1943 1958 1944
f 1944 1958 1959
f 1944 1959 1945
f 1945 1959 1960
f 1945 1960 1946
f 1946 1960 1961
f 1946 1961 1947
f 1947 1961 1962
f 1947 1962 1948
f 1948 1962 1963
f 1948 1963 1949
f 1949 1963 1964
f 1949 1964 1950
f 1950 1964 1951
f 1950 1951 1937
f 2051 1967 1968
f 2052 2038 2037
f 2051 1968 1969
f 2052 2039 2038
f 2051 1969 1970
f 2052 2040 2039
f 2051 1970 1971
f 2052 2041 2040
f 2051 1971 1972
f 2052 2042 2041
f 2051 1972 1973
f 2052 2043 2042
f 2051 1973 1974
f 2052 2044 2043
f 2051 1974 1975
f 2052 2045 2044
f 2051 1975 1976
f 2052 2046 2045
f 2051 1976 1977
f 2052 2047 2046
f 2051 1977 1978
f 2052 2048 2047
f 2051 1978 1979
f 2052 2049 2048
f 2051 1979 1980
f 2052 2050 2049
f 2051 1980 1967
f 2052 2037 2050
f 1967 1981 1982
f 1967 1982 1968
f 1968 1982 1983
f 1968 1983 1969
f 1969 1983 1984
f 1969 1984 1970
f 1970 1984 1985
f 1970 1985 1971
f 1971 1985 1986
f 1971 1986 1972
f 1972 1986 1987
f 1972 1987 1973
f 1973 1987 1988
f 1973 1988 1974
f 1974 1988 1989
f 1974 1989 1975
f 1975 1989 1990
f 1975 1990 1976
f 1976 1990 1991
f 1976 1991 1977
f 1977 1991 1992
f 1977 1992 1978
f 1978 1992 1993
f 1978 1993 1979
f 1979 1993 1994
f 1979 1994 1980
f 1980 1994 1981
f 1980 1981 1967
f 1981 1995 1996
f 1981 1996 1982
f 1982 1996 1997
f 1982 1997 1983
f 1983 1997 1998
f 1983 1998 1984
f 1984 1998 1999
f 1984 1999 1985
f 1985 1999 2000
f 1985 2000 1986
f 1986 2000 2001
f 1986 2001 1987
f 1987 2001 2002
f 1987 2002 1988
f 1988 2002 2003
f 1988 2003 1989
f 1989 2003 2004
f 1989 2004 1990
f 1990 2004 2005
f 1990 2005 1991
f 1991 2005 2006
f 1991 2006 1992
f 1992 2006 2007
f 1992 2007 1993
f 1993 2007 2008
f 1993 2008 1994
f 1994 2008 1995
f 1994 1995 1981
f 1995 2009 2010
f 1995 2010 1996
f 1996 2010 2011
f 1996 2011 1997
f 1997 2011 2012
f 1997 2012 1998
f 1998 2012 2013
f 1998 2013 1999
f 1999 2013 2014
f 1999 2014 2000
f 2000 2014 2015
f 2000 2015 2001
f 2001 2015 2016
f 2001 2016 2002
f 2002 2016 2017
f 2002 2017 2003
f 2003 2017 2018
f 2003 2018 2004
f 2004 2018 2019
f 2004 2019 2005
f 2005 2019 2020
f 2005 2020 2006
f 2006 2020 2021
f 2006 2021 2007
f 2007 2021 2022
f 2007 2022 2008
f 2008 2022 2009
f 2008 2009 1995
f 2009 2023 2024
f 2009 2024 2010
f 2010 2024 2025
f 2010 2025 2011
f 2011 2025 2026
f 2011 2026 2012
f 2012 2026 2027
f 2012 2027 2013
f 2013 2027 2028
f 2013 2028 2014
f 2014 2028 2029
f 2014 2029 2015
f 2015 2029 2030
f 2015 2030 2016
f 2016 2030 2031
f 2016 2031 2017
f 2017 2031 2032
f 2017 2032 2018
f 2018 2032 2033
f 2018 2033 2019
f 2019 2033 2034
f 2019 2034 2020
f 2020 2034 2035
f 2020 2035 2021
f 2021 2035 2036
f 2021 2036 2022
f 2022 2036 2023
f 2022 2023 2009
f 2023 2037 2038
f 2023 2038 2024
f 2024 2038 2039
f 2024 2039 2025
f 2025 2039 2040
f 2025 2040 2026
f 2026 2040 2041
f 2026 2041 2027
f 2027 2041 2042
f 2027 2042 2028
f 2028 2042 2043
f 2028 2043 2029
f 2029 2043 2044
f 2029 2044 2030
f 2030 2044 2045
f 2030 2045 2031
f 2031 2045 2046
f 2031 2046 2032
f 2032 2046 2047
f 2032 2047 2033
f 2033 2047 2048
f 2033 2048 2034
f 2034 2048 2049
f 2034 2049 2035
f 2035 2049 2050
f 2035 2050 2036
f 2036 2050 2037
f 2036 2037 2023
f 2137 2053 2054
f 2138 2124 2123
f 2137 2054 2055
f 2138 2125 2124
f 2137 2055 2056
f 2138 2126 2125
f 2137 2056 2057
f 2138 2127 2126
f 2137 2057 2058
f 2138 2128 2127
f 2137 2058 2059
f 2138 2129 2128
f 2137 2059 2060
f 2138 2130 2129
f 2137 2060 2061
f 2138 2131 2130
f 2137 2061 2062
f 2138 2132 2131
f 2137 2062 2063
f 2138 2133 2132
f 2137 2063 2064
f 2138 2134 2133
f 2137 2064 2065
f 2138 2135 2134
f 2137 2065 2066
f 2138 2136 2135
f 2137 2066 2053
f 2138 2123 2136
f 2053 2067 2068
f 2053 2068 2054
f 2054 2068 2069
f 2054 2069 2055
f 2055 2069 2070
f 2055 2070 2056
f 2056 2070 2071
f 2056 2071 2057
f 2057 2071 2072
f 2057 2072 2058
f 2058 2072 2073
f 2058 2073 2059
f 2059 2073 2074
f 2059 2074 2060
f 2060 2074 2075
f 2060 2075 2061
f 2061 2075 2076
f 2061 2076 2062
f 2062 2076 2077
f 2062 2077 2063
f 2063 2077 2078
f 2063 2078 2064
f 2064 2078 2079
f 2064 2079 2065
f 2065 2079 2080
f 2065 2080 2066
f 2066 2080 2067
f 2066 2067 2053
f 2067 2081 2082
f 2067 2082 2068
f 2068 2082 2083
f 2068 2083 2069
f 2069 2083 2084
f 2069 2084 2070
f 2070 2084 2085
f 2070 2085 2071
f 2071 2085 2086
f 2071 2086 2072
f 2072 2086 2087
f 2072 2087 2073
f 2073 2087 2088
f 2073 2088 2074
f 2074 2088 2089
f 2074 2089 2075
f 2075 2089 2090
f 2075 2090 2076
f 2076 2090 2091
f 2076 2091 2077
f 2077 2091 2092
f 2077 2092 2078
f 2078 2092 2093
f 2078 2093 2079
f 2079 2093 2094
f 2079 2094 2080
f 2080 2094 2081
f 2080 2081 2067
f 2081 2095 2096
f 2081 2096 2082
f 2082 2096 2097
f 2082 2097 2083
f 2083 2097 2098
f 2083 2098 2084
f 2084 2098 2099
f 2084 2099 2085
f 2085 2099 2100
f 2085 2100 2086
f 2086 2100 2101
f 2086 2101 2087
f 2087 2101 2102
f 2087 2102 2088
f 2088 2102 2103
f 2088 2103 2089
f 2089 2103 2104
f 2089 2104 2090
f 2090 2104 2105
f 2090 2105 2091
f 2091 2105 2106
f 2091 2106 2092
f 2092 2106 2107
f 2092 2107 2093
f 2093 2107 2108
f 2093 2108 2094
f 2094 2108 2095
f 2094 2095 2081
f 2095 2109 2110
f 2095 2110 2096
f 2096 2110 2111
f 2096 2111 2097
f 2097 2111 2112
f 2097 2112 2098
f 2098 2112 2113
f 2098 2113 2099
f 2099 2113 2114
f 2099 2114 2100
f 2100 2114 2115
f 2100 2115 2101
f 2101 2115 2116
f 2101 2116 2102
f 2102 2116 2117
f 2102 2117 2103
f 2103 2117 2118
f 2103 2118 2104
f 2104 2118 2119
f 2104 2119 2105
f 2105 2119 2120
f 2105 2120 2106
f 2106 2120 2121
f 2106 2121 2107
f 2107 2121 2122
f 2107 2122 2108
f 2108 2122 2109
f 2108 2109 2095
f 2109 2123 2124
f 2109 2124 2110
f 2110 2124 2125
f 2110 2125 2111
f 2111 2125 2126
f 2111 2126 2112
f 2112 2126 2127
f 2112 2127 2113
f 2113 2127 2128
f 2113 2128 2114
f 2114 2128 2129
f 2114 2129 2115
f 2115 2129 2130
f 2115 2130 2116
f 2116 2130 2131
f 2116 2131 2117
f 2117 2131 2132
f 2117 2132 2118
f 2118 2132 2133
f 2118 2133 2119
f 2119 2133 2134
f 2119 2134 2120
f 2120 2134 2135
f 2120 2135 2121
f 2121 2135 2136
f 2121 2136 2122
f 2122 2136 2123
f 2122 2123 2109
f 2223 2139 2140
f 2224 2210 2209
f 2223 2140 2141
f 2224 2211 2210
f 2223 2141 2142
f 2224 2212 2211
f 2223 2142 2143
f 2224 2213 2212
f 2223 2143 2144
f 2224 2214 2213
f 2223 2144 2145
f 2224 2215 2214
f 2223 2145 2146
f 2224 2216 2215
f 2223 2146 2147
f 2224 2217 2216
f 2223 2147 2148
f 2224 2218 2217
f 2223 2148 2149
f 2224 2219 2218
f 2223 2149 2150
f 2224 2220 2219
f 2223 2150 2151
f 2224 2221 2220
f 2223 2151 2152
f 2224 2222 2221
f 2223 2152 2139
f 2224 2209 2222
f 2139 2153 2154
f 2139 2154 2140
f 2140 2154 2155
f 2140 2155 2141
f 2141 2155 2156
f 2141 2156 2142
f 2142 2156 2157
f 2142 2157 2143
f 2143 2157 2158
f 2143 2158 2144
f 2144 2158 2159
f 2144 2159 2145
f 2145 2159 2160
f 2145 2160 2146
f 2146 2160 2161
f 2146 2161 2147
f 2147 2161 2162
f 2147 2162 2148
f 2148 2162 2163
f 2148 2163 2149
f 2149 2163 2164
f 2149 2164 2150
f 2150 2164 2165
f 2150 2165 2151
f 2151 2165 2166
f 2151 2166 2152
f 2152 2166 2153
f 2152 2153 2139
f 2153 2167 2168
f 2153 2168 2154
f 2154 2168 2169
f 2154 2169 2155
f 2155 2169 2170
f 2155 2170 2156
f 2156 2170 2171
f 2156 2171 2157
f 2157 2171 2172
f 2157 2172 2158
f 2158 2172 2173
f 2158 2173 2159
f 2159 2173 2174
f 2159 2174 2160
f 2160 2174 2175
f 2160 2175 2161
f 2161 2175 2176
f 2161 2176 2162
f 2162 2176 2177
f 2162 2177 2163
f 2163 2177 2178
f 2163 2178 2164
f 2164 2178 2179
f 2164 2179 2165
f 2165 2179 2180
f 2165 2180 2166
f 2166 2180 2167
f 2166 2167 2153
f 2167 2181 2182
f 2167 2182 2168
f 2168 2182 2183
f 2168 2183 2169
f 2169 2183 2184
f 2169 2184 2170
f 2170 2184 2185
f 2170 2185 2171
f 2171 2185 2186
f 2171 2186 2172
f 2172 2186 2187
f 2172 2187 2173
f 2173 2187 2188
f 2173 2188 2174
f 2174 2188 2189
f 2174 2189 2175
f 2175 2189 2190
f 2175 2190 2176
f 2176 2190 2191
f 2176 2191 2177
f 2177 2191 2192
f 2177 2192 2178
f 2178 2192 2193
f 2178 2193 2179
f 2179 2193 2194
f 2179 2194 2180
f 2180 2194 2181
f 2180 2181 2167
f 2181 2195 2196
f 2181 2196 2182
f 2182 2196 2197
f 2182 2197 2183
f 2183 2197 2198
f 2183 2198 2184
f 2184 2198 2199
f 2184 2199 2185
f 2185 2199 2200
f 2185 2200 2186
f 2186 2200 2201
f 2186 2201 2187
f 2187 2201 2202
f 2187 2202 2188
f 2188 2202 2203
f 2188 2203 2189
f 2189 2203 2204
f 2189 2204 2190
f 2190 2204 2205
f 2190 2205 2191
f 2191 2205 2206
f 2191 2206 2192
f 2192 2206 2207
f 2192 2207 2193
f 2193 2207 2208
f 2193 2208 2194
f 2194 2208 2195
f 2194 2195 2181
f 2195 2209 2210
f 2195 2210 2196
f 2196 2210 2211
f 2196 2211 2197
f 2197 2211 2212
f 2197 2212 2198
f 2198 2212 2213
f 2198 2213 2199
f 2199 2213 2214
f 2199 2214 2200
f 2200 2214 2215
f 2200 2215 2201
f 2201 2215 2216
f 2201 2216 2202
f 2202 2216 2217
f 2202 2217 2203
f 2203 2217 2218
f 2203 2218 2204
f 2204 2218 2219
f 2204 2219 2205
f 2205 2219 2220
f 2205 2220 2206
f 2206 2220 2221
f 2206 2221 2207
f 2207 2221 2222
f 2207 2222 2208
f 2208 2222 2209
f 2208 2209 2195
f 2309 2225 2226
f 2310 2296 2295
f 2309 2226 2227
f 2310 2297 2296
f 2309 2227 2228
f 2310 2298 2297
f 2309 2228 2229
f 2310 2299 2298
f 2309 2229 2230
f 2310 2300 2299
f 2309 2230 2231
f 2310 2301 2300
f 2309 2231 2232
f 2310 2302 2301
f 2309 2232 2233
f 2310 2303 2302
f 2309 2233 2234
f 2310 2304 2303
f 2309 2234 2235
f 2310 2305 2304
f 2309 2235 2236
f 2310 2306 2305
f 2309 2236 2237
f 2310 2307 2306
f 2309 2237 2238
f 2310 2308 2307
f 2309 2238 2225
f 2310 2295 2308
f 2225 2239 2240
f 2225 2240 2226
f 2226 2240 2241
f 2226 2241 2227
f 2227 2241 2242
f 2227 2242 2228
f 2228 2242 2243
f 2228 2243 2229
f 2229 2243 2244
f 2229 2244 2230
f 2230 2244 2245
f 2230 2245 2231
f 2231 2245 2246
f 2231 2246 2232
f 2232 2246 2247
f 2232 2247 2233
f 2233 2247 2248
f 2233 2248 2234
f 2234 2248 2249
f 2234 2249 2235
f 2235 2249 2250
f 2235 2250 2236
f 2236 2250 2251
f 2236 2251 2237
f 2237 2251 2252
f 2237 2252 2238
f 2238 2252 2239
f 2238 2239 2225
f 2239 2253 2254
f 2239 2254 2240
f 2240 2254 2255
f 2240 2255 2241
f 2241 2255 2256
f 2241 2256 2242
f 2242 2256 2257
f 2242 2257 2243
f 2243 2257 2258
f 2243 2258 2244
f 2244 2258 2259
f 2244 2259 2245
f 2245 2259 2260
f 2245 2260 2246
f 2246 2260 2261
f 2246 2261 2247
f 2247 2261 2262
f 2247 2262 2248
f 2248 2262 2263
f 2248 2263 2249
f 2249 2263 2264
f 2249 2264 2250
f 2250 2264 2265
f 2250 2265 2251
f 2251 2265 2266
f 2251 2266 2252
f 2252 2266 2253
f 2252 2253 2239
f 2253 2267 2268
f 2253 2268 2254
f 2254 2268 2269
f 2254 2269 2255
f 2255 2269 2270
f 2255 2270 2256
f 2256 2270 2271
f 2256 2271 2257
f 2257 2271 2272
f 2257 2272 2258
f 2258 2272 2273
f 2258 2273 2259
f 2259 2273 2274
f 2259 2274 2260
f 2260 2274 2275
f 2260 2275 2261
f 2261 2275 2276
f 2261 2276 2262
f 2262 2276 2277
f 2262 2277 2263
f 2263 2277 2278
f 2263 2278 2264
f 2264 2278 2279
f 2264 2279 2265
f 2265 2279 2280
f 2265 2280 2266
f 2266 2280 2267
f 2266 2267 2253
f 2267 2281 2282
f 2267 2282 2268
f 2268 2282 2283
f 2268 2283 2269
f 2269 2283 2284
f 2269 2284 2270
f 2270 2284 2285
f 2270 2285 2271
f 2271 2285 2286
f 2271 2286 2272
f 2272 2286 2287
f 2272 2287 2273
f 2273 2287 2288
f 2273 2288 2274
f 2274 2288 2289
f 2274 2289 2275
f 2275 2289 2290
f 2275 2290 2276
f 2276 2290 2291
f 2276 2291 2277
f 2277 2291 2292
f 2277 2292 2278
f 2278 2292 2293
f 2278 2293 2279
f 2279 2293 2294
f 2279 2294 2280
f 2280 2294 2281
f 2280 2281 2267
f 2281 2295 2296
f 2281 2296 2282
f 2282 2296 2297
f 2282 2297 2283
f 2283 2297 2298
f 2283 2298 2284
f 2284 2298 2299
f 2284 2299 2285
f 2285 2299 2300
f 2285 2300 2286
f 2286 2300 2301
f 2286 2301 2287
f 2287 2301 2302
f 2287 2302 2288
f 2288 2302 2303
f 2288 2303 2289
f 2289 2303 2304
f 2289 2304 2290
f 2290 2304 2305
f 2290 2305 2291
f 2291 2305 2306
f 2291 2306 2292
f 2292 2306 2307
f 2292 2307 2293
f 2293 2307 2308
f 2293 2308 2294
f 2294 2308 2295
f 2294 2295 2281
f 2395 2311 2312
f 2396 2382 2381
f 2395 2312 2313
f 2396 2383 2382
f 2395 2313 2314
f 2396 2384 2383
f 2395 2314 2315
f 2396 2385 2384
f 2395 2315 2316
f 2396 2386 2385
f 2395 2316 2317
f 2396 2387 2386
f 2395 2317 2318
f 2396 2388 2387
f 2395 2318 2319
f 2396 2389 2388
f 2395 2319 2320
f 2396 2390 2389
f 2395 2320 2321
f 2396 2391 2390
f 2395 2321 2322
f 2396 2392 2391
f 2395 2322 2323
f 2396 2393 2392
f 2395 2323 2324
f 2396 2394 2393
f 2395 2324 2311
f 2396 2381 2394
f 2311 2325 2326
f 2311 2326 2312
f 2312 2326 2327
f 2312 2327 2313
f 2313 2327 2328
f 2313 2328 2314
f 2314 2328 2329
f 2314 2329 2315
f 2315 2329 2330
f 2315 2330 2316
f 2316 2330 2331
f 2316 2331 2317
f 2317 2331 2332
f 2317 2332 2318
f 2318 2332 2333
f 2318 2333 2319
f 2319 2333 2334
f 2319 2334 2320
f 2320 2334 2335
f 2320 2335 2321
f 2321 2335 2336
f 2321 2336 2322
f 2322 2336 2337
f 2322 2337 2323
f 2323 2337 2338
f 2323 2338 2324
f 2324 2338 2325
f 2324 2325 2311
f 2325 2339 2340
f 2325 2340 2326
f 2326 2340 2341
f 2326 2341 2327
f 2327 2341 2342
f 2327 2342 2328
f 2328 2342 2343
f 2328 2343 2329
f 2329 2343 2344
f 2329 2344 2330
f 2330 2344 2345
f 2330 2345 2331
f 2331 2345 2346
f 2331 2346 2332
f 2332 2346 2347
f 2332 2347 2333
f 2333 2347 2348
f 2333 2348 2334
f 2334 2348 2349
f 2334 2349 2335
f 2335 2349 2350
f 2335 2350 2336
f 2336 2350 2351
f 2336 2351 2337
f 2337 2351 2352
f 2337 2352 2338
f 2338 2352 2339
f 2338 2339 2325
f 2339 2353 2354
f 2339 2354 2340
f 2340 2354 2355
f 2340 2355 2341
f 2341 2355 2356
f 2341 2356 2342
f 2342 2356 2357
f 2342 2357 2343
f 2343 2357 2358
f 2343 2358 2344
f 2344 2358 2359
f 2344 2359 2345
f 2345 2359 2360
f 2345 2360 2346
f 2346 2360 2361
f 2346 2361 2347
f 2347 2361 2362
f 2347 2362 2348
f 2348 2362 2363
f 2348 2363 2349
f 2349 2363 2364
f 2349 2364 2350
f 2350 2364 2365
f 2350 2365 2351
f 2351 2365 2366
f 2351 2366 2352
f 2352 2366 2353
f 2352 2353 2339
f 2353 2367 2368
f 2353 2368 2354
f 2354 2368 2369
f 2354 2369 2355
f 2355 2369 2370
f 2355 2370 2356
f 2356 2370 2371
f 2356 2371 2357
f 2357 2371 2372
f 2357 2372 2358
f 2358 2372 2373
f 2358 2373 2359
f 2359 2373 2374
f 2359 2374 2360
f 2360 2374 2375
f 2360 2375 2361
f 2361 2375 2376
f 2361 2376 2362
f 2362 2376 2377
f 2362 2377 2363
f 2363 2377 2378
f 2363 2378 2364
f 2364 2378 2379
f 2364 2379 2365
f 2365 2379 2380
f 2365 2380 2366
f 2366 2380 2367
f 2366 2367 2353
f 2367 2381 2382
f 2367 2382 2368
f 2368 2382 2383
f 2368 2383 2369
f 2369 2383 2384
f 2369 2384 2370
f 2370 2384 2385
f 2370 2385 2371
f 2371 2385 2386
f 2371 2386 2372
f 2372 2386 2387
f 2372 2387 2373
f 2373 2387 2388
f 2373 2388 2374
f 2374 2388 2389
f 2374 2389 2375
f 2375 2389 2390
f 2375 2390 2376
f 2376 2390 2391
f 2376 2391 2377
f 2377 2391 2392
f 2377 2392 2378
f 2378 2392 2393
f 2378 2393 2379
f 2379 2393 2394
f 2379 2394 2380
f 2380 2394 2381
f 2380 2381 2367
f 2481 2397 2398
f 2482 2468 2467
f 2481 2398 2399
f 2482 2469 2468
f 2481 2399 2400
f 2482 2470 2469
f 2481 2400 2401
f 2482 2471 2470
f 2481 2401 2402
f 2482 2472 2471
f 2481 2402 2403
f 2482 2473 2472
f 2481 2403 2404
f 2482 2474 2473
f 2481 2404 2405
f 2482 2475 2474
f 2481 2405 2406
f 2482 2476 2475
f 2481 2406 2407
f 2482 2477 2476
f 2481 2407 2408
f 2482 2478 2477
f 2481 2408 2409
f 2482 2479 2478
f 2481 2409 2410
f 2482 2480 2479
f 2481 2410 2397
f 2482 2467 2480
f 2397 2411 2412
f 2397 2412 2398
f 2398 2412 2413
f 2398 2413 2399
f 2399 2413 2414
f 2399 2414 2400
f 2400 2414 2415
f 2400 2415 2401
f 2401 2415 2416
f 2401 2416 2402
f 2402 2416 2417
f 2402 2417 2403
f 2403 2417 2418
f 2403 2418 2404
f 2404 2418 2419
f 2404 2419 2405
f 2405 2419 2420
f 2405 2420 2406
f 2406 2420 2421
f 2406 2421 2407
f 2407 2421 2422
f 2407 2422 2408
f 2408 2422 2423
f 2408 2423 2409
f 2409 2423 2424
f 2409 2424 2410
f 2410 2424 2411
f 2410 2411 2397
f 2411 2425 2426
f 2411 2426 2412
f 2412 2426 2427
f 2412 2427 2413
f 2413 2427 2428
f 2413 2428 2414
f 2414 2428 2429
f 2414 2429 2415
f 2415 2429 2430
f 2415 2430 2416
f 2416 2430 2431
f 2416 2431 2417
f 2417 2431 2432
f 2417 2432 2418
f 2418 2432 2433
f 2418 2433 2419
f 2419 2433 2434
f 2419 2434 2420
f 2420 2434 2435
f 2420 2435 2421
f 2421 2435 2436
f 2421 2436 2422
f 2422 2436 2437
f 2422 2437 2423
f 2423 2437 2438
f 2423 2438 2424
f 2424 2438 2425
f 2424 2425 2411
f 2425 2439 2440
f 2425 2440 2426
f 2426 2440 2441
f 2426 2441 2427
f 2427 2441 2442
f 2427 2442 2428
f 2428 2442 2443
f 2428 2443 2429
f 2429 2443 2444
f 2429 2444 2430
f 2430 2444 2445
f 2430 2445 2431
f 2431 2445 2446
f 2431 2446 2432
f 2432 2446 2447
f 2432 2447 2433
f 2433 2447 2448
f 2433 2448 2434
f 2434 2448 2449
f 2434 2449 2435
f 2435 2449 2450
f 2435 2450 2436
f 2436 2450 2451
f 2436 2451 2437
f 2437 2451 2452
f 2437 2452 2438
f 2438 2452 2439
f 2438 2439 2425
f 2439 2453 2454
f 2439 2454 2440
f 2440 2454 2455
f 2440 2455 2441
f 2441 2455 2456
f 2441 2456 2442
f 2442 2456 2457
f 2442 2457 2443
f 2443 2457 2458
f 2443 2458 2444
f 2444 2458 2459
f 2444 2459 2445
f 2445 2459 2460
f 2445 2460 2446
f 2446 2460 2461
f 2446 2461 2447
f 2447 2461 2462
f 2447 2462 2448
f 2448 2462 2463
f 2448 2463 2449
f 2449 2463 2464
f 2449 2464 2450
f 2450 2464 2465
f 2450 2465 2451
f 2451 2465 2466
f 2451 2466 2452
f 2452 2466 2453
f 2452 2453 2439
f 2453 2467 2468
f 2453 2468 2454
f 2454 2468 2469
f 2454 2469 2455
f 2455 2469 2470
f 2455 2470 2456
f 2456 2470 2471
f 2456 2471 2457
f 2457 2471 2472
f 2457 2472 2458
f 2458 2472 2473
f 2458 2473 2459
f 2459 2473 2474
f 2459 2474 2460
f 2460 2474 2475
f 2460 2475 2461
f 2461 2475 2476
f 2461 2476 2462
f 2462 2476 2477
f 2462 2477 2463
f 2463 2477 2478
f 2463 2478 2464
f 2464 2478 2479
f 2464 2479 2465
f 2465 2479 2480
f 2465 2480 2466
f 2466 2480 2467
f 2466 2467 2453
f 2567 2483 2484
f 2568 2554 2553
f 2567 2484 2485
f 2568 2555 2554
f 2567 2485 2486
f 2568 2556 2555
f 2567 2486 2487
f 2568 2557 2556
f 2567 2487 2488
f 2568 2558 2557
f 2567 2488 2489
f 2568 2559 2558
f 2567 2489 2490
f 2568 2560 2559
f 2567 2490 2491
f 2568 2561 2560
f 2567 2491 2492
f 2568 2562 2561
f 2567 2492 2493
f 2568 2563 2562
f 2567 2493 2494
f 2568 2564 2563
f 2567 2494 2495
f 2568 2565 2564
f 2567 2495 2496
f 2568 2566 2565
f 2567 2496 2483
f 2568 2553 2566
f 2483 2497 2498
f 2483 2498 2484
f 2484 2498 2499
f 2484 2499 2485
f 2485 2499 2500
f 2485 2500 2486
f 2486 2500 2501
f 2486 2501 2487
f 2487 2501 2502
f 2487 2502 2488
f 2488 2502 2503
f 2488 2503 2489
f 2489 2503 2504
f 2489 2504 2490
f 2490 2504 2505
f 2490 2505 2491
f 2491 2505 2506
f 2491 2506 2492
f 2492 2506 2507
f 2492 2507 2493
f 2493 2507 2508
f 2493 2508 2494
f 2494 2508 2509
f 2494 2509 2495
f 2495 2509 2510
f 2495 2510 2496
f 2496 2510 2497
f 2496 2497 2483
f 2497 2511 2512
f 2497 2512 2498
f 2498 2512 2513
f 2498 2513 2499
f 2499 2513 2514
f 2499 2514 2500
f 2500 2514 2515
f 2500 2515 2501
f 2501 2515 2516
f 2501 2516 2502
f 2502 2516 2517
f 2502 2517 2503
f 2503 2517 2518
f 2503 2518 2504
f 2504 2518 2519
f 2504 2519 2505
f 2505 2519 2520
f 2505 2520 2506
f 2506 2520 2521
f 2506 2521 2507
f 2507 2521 2522
f 2507 2522 2508
f 2508 2522 2523
f 2508 2523 2509
f 2509 2523 2524
f 2509 2524 2510
f 2510 2524 2511
f 2510 2511 2497
f 2511 2525 2526
f 2511 2526 2512
f 2512 2526 2527
f 2512 2527 2513
f 2513 2527 2528
f 2513 2528 2514
f 2514 2528 2529
f 2514 2529 2515
f 2515 2529 2530
f 2515 2530 2516
f 2516 2530 2531
f 2516 2531 2517
f 2517 2531 2532
f 2517 2532 2518
f 2518 2532 2533
f 2518 2533 2519
f 2519 2533 2534
f 2519 2534 2520
f 2520 2534 2535
f 2520 2535 2521
f 2521 2535 2536
f 2521 2536 2522
f 2522 2536 2537
f 2522 2537 2523
f 2523 2537 2538
f 2523 2538 2524
f 2524 2538 2525
f 2524 2525 2511
f 2525 2539 2540
f 2525 2540 2526
f 2526 2540 2541
f 2526 2541 2527
f 2527 2541 2542
f 2527 2542 2528
f 2528 2542 2543
f 2528 2543 2529
f 2529 2543 2544
f 2529 2544 2530
f 2530 2544 2545
f 2530 2545 2531
f 2531 2545 2546
f 2531 2546 2532
f 2532 2546 2547
f 2532 2547 2533
f 2533 2547 2548
f 2533 2548 2534
f 2534 2548 2549
f 2534 2549 2535
f 2535 2549 2550
f 2535 2550 2536
f 2536 2550 2551
f 2536 2551 2537
f 2537 2551 2552
f 2537 2552 2538
f 2538 2552 2539
f 2538 2539 2525
f 2539 2553 2554
f 2539 2554 2540
f 2540 2554 2555
f 2540 2555 2541
f 2541 2555 2556
f 2541 2556 2542
f 2542 2556 2557
f 2542 2557 2543
f 2543 2557 2558
f 2543 2558 2544
f 2544 2558 2559
f 2544 2559 2545
f 2545 2559 2560
f 2545 2560 2546
f 2546 2560 2561
f 2546 2561 2547
f 2547 2561 2562
f 2547 2562 2548
f 2548 2562 2563
f 2548 2563 2549
f 2549 2563 2564
f 2549 2564 2550
f 2550 2564 2565
f 2550 2565 2551
f 2551 2565 2566
f 2551 2566 2552
f 2552 2566 2553
f 2552 2553 2539
f 2653 2569 2570
f 2654 2640 2639
f 2653 2570 2571
f 2654 2641 2640
f 2653 2571 2572
f 2654 2642 2641
f 2653 2572 2573
f 2654 2643 2642
f 2653 2573 2574
f 2654 2644 2643
f 2653 2574 2575
f 2654 2645 2644
f 2653 2575 2576
f 2654 2646 2645
f 2653 2576 2577
f 2654 2647 2646
f 2653 2577 2578
f 2654 2648 2647
f 2653 2578 2579
f 2654 2649 2648
f 2653 2579 2580
f 2654 2650 2649
f 2653 2580 2581
f 2654 2651 2650
f 2653 2581 2582
f 2654 2652 2651
f 2653 2582 2569
f 2654 2639 2652
f 2569 2583 2584
f 2569 2584 2570
f 2570 2584 2585
f 2570 2585 2571
f 2571 2585 2586
f 2571 2586 2572
f 2572 2586 2587
f 2572 2587 2573
f 2573 2587 2588
f 2573 2588 2574
f 2574 2588 2589
f 2574 2589 2575
f 2575 2589 2590
f 2575 2590 2576
f 2576 2590 2591
f 2576 2591 2577
f 2577 2591 2592
f 2577 2592 2578
f 2578 2592 2593
f 2578 2593 2579
f 2579 2593 2594
f 2579 2594 2580
f 2580 2594 2595
f 2580 2595 2581
f 2581 2595 2596
f 2581 2596 2582
f 2582 2596 2583
f 2582 2583 2569
f 2583 2597 2598
f 2583 2598 2584
f 2584 2598 2599
f 2584 2599 2585
f 2585 2599 2600
f 2585 2600 2586
f 2586 2600 2601
f 2586 2601 2587
f 2587 2601 2602
f 2587 2602 2588
f 2588 2602 2603
f 2588 2603 2589
f 2589 2603 2604
f 2589 2604 2590
f 2590 2604 2605
f 2590 2605 2591
f 2591 2605 2606
f 2591 2606 2592
f 2592 2606 2607
f 2592 2607 2593
f 2593 2607 2608
f 2593 2608 2594
f 2594 2608 2609
f 2594 2609 2595
f 2595 2609 2610
f 2595 2610 2596
f 2596 2610 2597
f 2596 2597 2583
f 2597 2611 2612
f 2597 2612 2598
f 2598 2612 2613
f 2598 2613 2599
f 2599 2613 2614
f 2599 2614 2600
f 2600 2614 2615
f 2600 2615 2601
f 2601 2615 2616
f 2601 2616 2602
f 2602 2616 2617
f 2602 2617 2603
f 2603 2617 2618
f 2603 2618 2604
f 2604 2618 2619
f 2604 2619 2605
f 2605 2619 2620
f 2605 2620 2606
f 2606 2620 2621
f 2606 2621 2607
f 2607 2621 2622
f 2607 2622 2608
f 2608 2622 2623
f 2608 2623 2609
f 2609 2623 2624
f 2609 2624 2610
f 2610 2624 2611
f 2610 2611 2597
f 2611 2625 2626
f 2611 2626 2612
f 2612 2626 2627
f 2612 2627 2613
f 2613 2627 2628
f 2613 2628 2614
f 2614 2628 2629
f 2614 2629 2615
f 2615 2629 2630
f 2615 2630 2616
f 2616 2630 2631
f 2616 2631 2617
f 2617 2631 2632
f 2617 2632 2618
f 2618 2632 2633
f 2618 2633 2619
f 2619 2633 2634
f 2619 2634 2620
f 2620 2634 2635
f 2620 2635 2621
f 2621 2635 2636
f 2621 2636 2622
f 2622 2636 2637
f 2622 2637 2623
f 2623 2637 2638
f 2623 2638 2624
f 2624 2638 2625
f 2624 2625 2611
f 2625 2639 2640
f 2625 2640 2626
f 2626 2640 2641
f 2626 2641 2627
f 2627 2641 2642
f 2627 2642 2628
f 2628 2642 2643
f 2628 2643 2629
f 2629 2643 2644
f 2629 2644 2630
f 2630 2644 2645
f 2630 2645 2631
f 2631 2645 2646
f 2631 2646 2632
f 2632 2646 2647
f 2632 2647 2633
f 2633 2647 2648
f 2633 2648 2634
f 2634 2648 2649
f 2634 2649 2635
f 2635 2649 2650
f 2635 2650 2636
f 2636 2650 2651
f 2636 2651 2637
f 2637 2651 2652
f 2637 2652 2638
f 2638 2652 2639
f 2638 2639 2625
f 2739 2655 2656
f 2740 2726 2725
f 2739 2656 2657
f 2740 2727 2726
f 2739 2657 2658
f 2740 2728 2727
f 2739 2658 2659
f 2740 2729 2728
f 2739 2659 2660
f 2740 2730 2729
f 2739 2660 2661
f 2740 2731 2730
f 2739 2661 2662
f 2740 2732 2731
f 2739 2662 2663
f 2740 2733 2732
f 2739 2663 2664
f 2740 2734 2733
f 2739 2664 2665
f 2740 2735 2734
f 2739 2665 2666
f 2740 2736 2735
f 2739 2666 2667
f 2740 2737 2736
f 2739 2667 2668
f 2740 2738 2737
f 2739 2668 2655
f 2740 2725 2738
f 2655 2669 2670
f 2655 2670 2656
f 2656 2670 2671
f 2656 2671 2657
f 2657 2671 2672
f 2657 2672 2658
f 2658 2672 2673
f 2658 2673 2659
f 2659 2673 2674
f 2659 2674 2660
f 2660 2674 2675
f 2660 2675 2661
f 2661 2675 2676
f 2661 2676 2662
f 2662 2676 2677
f 2662 2677 2663
f 2663 2677 2678
f 2663 2678 2664
f 2664 2678 2679
f 2664 2679 2665
f 2665 2679 2680
f 2665 2680 2666
f 2666 2680 2681
f 2666 2681 2667
f 2667 2681 2682
f 2667 2682 2668
f 2668 2682 2669
f 2668 2669 2655
f 2669 2683 2684
f 2669 2684 2670
f 2670 2684 2685
f 2670 2685 2671
f 2671 2685 2686
f 2671 2686 2672
f 2672 2686 2687
f 2672 2687 2673
f 2673 2687 2688
f 2673 2688 2674
f 2674 2688 2689
f 2674 2689 2675
f 2675 2689 2690
f 2675 2690 2676
f 2676 2690 2691
f 2676 2691 2677
f 2677 2691 2692
f 2677 2692 2678
f 2678 2692 2693
f 2678 2693 2679
f 2679 2693 2694
f 2679 2694 2680
f 2680 2694 2695
f 2680 2695 2681
f 2681 2695 2696
f 2681 2696 2682
f 2682 2696 2683
f 2682 2683 2669
f 2683 2697 2698
f 2683 2698 2684
f 2684 2698 2699
f 2684 2699 2685
f 2685 2699 2700
f 2685 2700 2686
f 2686 2700 2701
f 2686 2701 2687
f 2687 2701 2702
f 2687 2702 2688
f 2688 2702 2703
f 2688 2703 2689
f 2689 2703 2704
f 2689 2704 2690
f 2690 2704 2705
f 2690 2705 2691
f 2691 2705 2706
f 2691 2706 2692
f 2692 2706 2707
f 2692 2707 2693
f 2693 2707 2708
f 2693 2708 2694
f 2694 2708 2709
f 2694 2709 2695
f 2695 2709 2710
f 2695 2710 2696
f 2696 2710 2697
f 2696 2697 2683
f 2697 2711 2712
f 2697 2712 2698
f 2698 2712 2713
f 2698 2713 2699
f 2699 2713 2714
f 2699 2714 2700
f 2700 2714 2715
f 2700 2715 2701
f 2701 2715 2716
f 2701 2716 2702
f 2702 2716 2717
f 2702 2717 2703
f 2703 2717 2718
f 2703 2718 2704
f 2704 2718 2719
f 2704 2719 2705
f 2705 2719 2720
f 2705 2720 2706
f 2706 2720 2721
f 2706 2721 2707
f 2707 2721 2722
f 2707 2722 2708
f 2708 2722 2723
f 2708 2723 2709
f 2709 2723 2724
f 2709 2724 2710
f 2710 2724 2711
f 2710 2711 2697
f 2711 2725 2726
f 2711 2726 2712
f 2712 2726 2727
f 2712 2727 2713
f 2713 2727 2728
f 2713 2728 2714
f 2714 2728 2729
f 2714 2729 2715
f 2715 2729 2730
f 2715 2730 2716
f 2716 2730 2731
f 2716 2731 2717
f 2717 2731 2732
f 2717 2732 2718
f 2718 2732 2733
f 2718 2733 2719
f 2719 2733 2734
f 2719 2734 2720
f 2720 2734 2735
f 2720 2735 2721
f 2721 2735 2736
f 2721 2736 2722
f 2722 2736 2737
f 2722 2737 2723
f 2723 2737 2738
f 2723 2738 2724
f 2724 2738 2725
f 2724 2725 2711
f 2825 2741 2742
f 2826 2812 2811
f 2825 2742 2743
f 2826 2813 2812
f 2825 2743 2744
f 2826 2814 2813
f 2825 2744 2745
f 2826 2815 2814
f 2825 2745 2746
f 2826 2816 2815
f 2825 2746 2747
f 2826 2817 2816
f 2825 2747 2748
f 2826 2818 2817
f 2825 2748 2749
f 2826 2819 2818
f 2825 2749 2750
f 2826 2820 2819
f 2825 2750 2751
f 2826 2821 2820
f 2825 2751 2752
f 2826 2822 2821
f 2825 2752 2753
f 2826 2823 2822
f 2825 2753 2754
f 2826 2824 2823
f 2825 2754 2741
f 2826 2811 2824
f 2741 2755 2756
f 2741 2756 2742
f 2742 2756 2757
f 2742 2757 2743
f 2743 2757 2758
f 2743 2758 2744
f 2744 2758 2759
f 2744 2759 2745
f 2745 2759 2760
f 2745 2760 2746
f 2746 2760 2761
f 2746 2761 2747
f 2747 2761 2762
f 2747 2762 2748
f 2748 2762 2763
f 2748 2763 2749
f 2749 2763 2764
f 2749 2764 2750
f 2750 2764 2765
f 2750 2765 2751
f 2751 2765 2766
f 2751 2766 2752
f 2752 2766 2767
f 2752 2767 2753
f 2753 2767 2768
f 2753 2768 2754
f 2754 2768 2755
f 2754 2755 2741
f 2755 2769 2770
f 2755 2770 2756
f 2756 2770 2771
f 2756 2771 2757
f 2757 2771 2772
f 2757 2772 2758
f 2758 2772 2773
f 2758 2773 2759
f 2759 2773 2774
f 2759 2774 2760
f 2760 2774 2775
f 2760 2775 2761
f 2761 2775 2776
f 2761 2776 2762
f 2762 2776 2777
f 2762 2777 2763
f 2763 2777 2778
f 2763 2778 2764
f 2764 2778 2779
f 2764 2779 2765
f 2765 2779 2780
f 2765 2780 2766
f 2766 2780 2781
f 2766 2781 2767
f 2767 2781 2782
f 2767 2782 2768
f 2768 2782 2769
f 2768 2769 2755
f 2769 2783 2784
f 2769 2784 2770
f 2770 2784 2785
f 2770 2785 2771
f 2771 2785 2786
f 2771 2786 2772
f 2772 2786 2787
f 2772 2787 2773
f 2773 2787 2788
f 2773 2788 2774
f 2774 2788 2789
f 2774 2789 2775
f 2775 2789 2790
f 2775 2790 2776
f 2776 2790 2791
f 2776 2791 2777
f 2777 2791 2792
f 2777 2792 2778
f 2778 2792 2793
f 2778 2793 2779
f 2779 2793 2794
f 2779 2794 2780
f 2780 2794 2795
f 2780 2795 2781
f 2781 2795 2796
f 2781 2796 2782
f 2782 2796 2783
f 2782 2783 2769
f 2783 2797 2798
f 2783 2798 2784
f 2784 2798 2799
f 2784 2799 2785
f 2785 2799 2800
f 2785 2800 2786
f 2786 2800 2801
f 2786 2801 2787
f 2787 2801 2802
f 2787 2802 2788
f 2788 2802 2803
f 2788 2803 2789
f 2789 2803 2804
f 2789 2804 2790
f 2790 2804 2805
f 2790 2805 2791
f 2791 2805 2806
f 2791 2806 2792
f 2792 2806 2807
f 2792 2807 2793
f 2793 2807 2808
f 2793 2808 2794
f 2794 2808 2809
f 2794 2809 2795
f 2795 2809 2810
f 2795 2810 2796
f 2796 2810 2797
f 2796 2797 2783
f 2797 2811 2812
f 2797 2812 2798
f 2798 2812 2813
f 2798 2813 2799
f 2799 2813 2814
f 2799 2814 2800
f 2800 2814 2815
f 2800 2815 2801
f 2801 2815 2816
f 2801 2816 2802
f 2802 2816 2817
f 2802 2817 2803
f 2803 2817 2818
f 2803 2818 2804
f 2804 2818 2819
f 2804 2819 2805
f 2805 2819 2820
f 2805 2820 2806
f 2806 2820 2821
f 2806 2821 2807
f 2807 2821 2822
f 2807 2822 2808
f 2808 2822 2823
f 2808 2823 2809
f 2809 2823 2824
f 2809 2824 2810
f 2810 2824 2811
f 2810 2811 2797
f 2911 2827 2828
f 2912 2898 2897
f 2911 2828 2829
f 2912 2899 2898
f 2911 2829 2830
f 2912 2900 2899
f 2911 2830 2831
f 2912 2901 2900
f 2911 2831 2832
f 2912 2902 2901
f 2911 2832 2833
f 2912 2903 2902
f 2911 2833 2834
f 2912 2904 2903
f 2911 2834 2835
f 2912 2905 2904
f 2911 2835 2836
f 2912 2906 2905
f 2911 2836 2837
f 2912 2907 2906
f 2911 2837 2838
f 2912 2908 2907
f 2911 2838 2839
f 2912 2909 2908
f 2911 2839 2840
f 2912 2910 2909
f 2911 2840 2827
f 2912 2897 2910
f 2827 2841 2842
f 2827 2842 2828
f 2828 2842 2843
f 2828 2843 2829
f 2829 2843 2844
f 2829 2844 2830
f 2830 2844 2845
f 2830 2845 2831
f 2831 2845 2846
f 2831 2846 2832
f 2832 2846 2847
f 2832 2847 2833
f 2833 2847 2848
f 2833 2848 2834
f 2834 2848 2849
f 2834 2849 2835
f 2835 2849 2850
f 2835 2850 2836
f 2836 2850 2851
f 2836 2851 2837
f 2837 2851 2852
f 2837 2852 2838
f 2838 2852 2853
f 2838 2853 2839
f 2839 2853 2854
f 2839 2854 2840
f 2840 2854 2841
f 2840 2841 2827
f 2841 2855 2856
f 2841 2856 2842
f 2842 2856 2857
f 2842 2857 2843
f 2843 2857 2858
f 2843 2858 2844
f 2844 2858 2859
f 2844 2859 2845
f 2845 2859 2860
f 2845 2860 2846
f 2846 2860 2861
f 2846 2861 2847
f 2847 2861 2862
f 2847 2862 2848
f 2848 2862 2863
f 2848 2863 2849
f 2849 2863 2864
f 2849 2864 2850
f 2850 2864 2865
f 2850 2865 2851
f 2851 2865 2866
f 2851 2866 2852
f 2852 2866 2867
f 2852 2867 2853
f 2853 2867 2868
f 2853 2868 2854
f 2854 2868 2855
f 2854 2855 2841
f 2855 2869 2870
f 2855 2870 2856
f 2856 2870 2871
f 2856 2871 2857
f 2857 2871 2872
f 2857 2872 2858
f 2858 2872 2873
f 2858 2873 2859
f 2859 2873 2874
f 2859 2874 2860
f 2860 2874 2875
f 2860 2875 2861
f 2861 2875 2876
f 2861 2876 2862
f 2862 2876 2877
f 2862 2877 2863
f 2863 2877 2878
f 2863 2878 2864
f 2864 2878 2879
f 2864 2879 2865
f 2865 2879 2880
f 2865 2880 2866
f 2866 2880 2881
f 2866 2881 2867
f 2867 2881 2882
f 2867 2882 2868
f 2868 2882 2869
f 2868 2869 2855
f 2869 2883 2884
f 2869 2884 2870
f 2870 2884 2885
f 2870 2885 2871
f 2871 2885 2886
f 2871 2886 2872
f 2872 2886 2887
f 2872 2887 2873
f 2873 2887 2888
f 2873 2888 2874
f 2874 2888 2889
f 2874 2889 2875
f 2875 2889 2890
f 2875 2890 2876
f 2876 2890 2891
f 2876 2891 2877
f 2877 2891 2892
f 2877 2892 2878
f 2878 2892 2893
f 2878 2893 2879
f 2879 2893 2894
f 2879 2894 2880
f 2880 2894 2895
f 2880 2895 2881
f 2881 2895 2896
f 2881 2896 2882
f 2882 2896 2883
f 2882 2883 2869
f 2883 2897 2898
f 2883 2898 2884
f 2884 2898 2899
f 2884 2899 2885
f 2885 2899 2900
f 2885 2900 2886
f 2886 2900 2901
f 2886 2901 2887
f 2887 2901 2902
f 2887 2902 2888
f 2888 2902 2903
f 2888 2903 2889
f 2889 2903 2904
f 2889 2904 2890
f 2890 2904 2905
f 2890 2905 2891
f 2891 2905 2906
f 2891 2906 2892
f 2892 2906 2907
f 2892 2907 2893
f 2893 2907 2908
f 2893 2908 2894
f 2894 2908 2909
f 2894 2909 2895
f 2895 2909 2910
f 2895 2910 2896
f 2896 2910 2897
f 2896 2897 2883
f 2997 2913 2914
f 2998 2984 2983
f 2997 2914 2915
f 2998 2985 2984
f 2997 2915 2916
f 2998 2986 2985
f 2997 2916 2917
f 2998 2987 2986
f 2997 2917 2918
f 2998 2988 2987
f 2997 2918 2919
f 2998 2989 2988
f 2997 2919 2920
f 2998 2990 2989
f 2997 2920 2921
f 2998 2991 2990
f 2997 2921 2922
f 2998 2992 2991
f 2997 2922 2923
f 2998 2993 2992
f 2997 2923 2924
f 2998 2994 2993
f 2997 2924 2925
f 2998 2995 2994
f 2997 2925 2926
f 2998 2996 2995
f 2997 2926 2913
f 2998 2983 2996
f 2913 2927 2928
f 2913 2928 2914
f 2914 2928 2929
f 2914 2929 2915
f 2915 2929 2930
f 2915 2930 2916
f 2916 2930 2931
f 2916 2931 2917
f 2917 2931 2932
f 2917 2932 2918
f 2918 2932 2933
f 2918 2933 2919
f 2919 2933 2934
f 2919 2934 2920
f 2920 2934 2935
f 2920 2935 2921
f 2921 2935 2936
f 2921 2936 2922
f 2922 2936 2937
f 2922 2937 2923
f 2923 2937 2938
f 2923 2938 2924
f 2924 2938 2939
f 2924 2939 2925
f 2925 2939 2940
f 2925 2940 2926
f 2926 2940 2927
f 2926 2927 2913
f 2927 2941 2942
f 2927 2942 2928
f 2928 2942 2943
f 2928 2943 2929
f 2929 2943 2944
f 2929 2944 2930
f 2930 2944 2945
f 2930 2945 2931
f 2931 2945 2946
f 2931 2946 2932
f 2932 2946 2947
f 2932 2947 2933
f 2933 2947 2948
f 2933 2948 2934
f 2934 2948 2949
f 2934 2949 2935
f 2935 2949 2950
f 2935 2950 2936
f 2936 2950 2951
f 2936 2951 2937
f 2937 2951 2952
f 2937 2952 2938
f 2938 2952 2953
f 2938 2953 2939
f 2939 2953 2954
f 2939 2954 2940
f 2940 2954 2941
f 2940 2941 2927
f 2941 2955 2956
f 2941 2956 2942
f 2942 2956 2957
f 2942 2957 2943
f 2943 2957 2958
f 2943 2958 2944
f 2944 2958 2959
f 2944 2959 2945
f 2945 2959 2960
f 2945 2960 2946
f 2946 2960 2961
f 2946 2961 2947
f 2947 2961 2962
f 2947 2962 2948
f 2948 2962 2963
f 2948 2963 2949
f 2949 2963 2964
f 2949 2964 2950
f 2950 2964 2965
f 2950 2965 2951
f 2951 2965 2966
f 2951 2966 2952
f 2952 2966 2967
f 2952 2967 2953
f 2953 2967 2968
f 2953 2968 2954
f 2954 2968 2955
f 2954 2955 2941
f 2955 2969 2970
f 2955 2970 2956
f 2956 2970 2971
f 2956 2971 2957
f 2957 2971 2972
f 2957 2972 2958
f 2958 2972 2973
f 2958 2973 2959
f 2959 2973 2974
f 2959 2974 2960
f 2960 2974 2975
f 2960 2975 2961
f 2961 2975 2976
f 2961 2976 2962
f 2962 2976 2977
f 2962 2977 2963
f 2963 2977 2978
f 2963 2978 2964
f 2964 2978 2979
f 2964 2979 2965
f 2965 2979 2980
f 2965 2980 2966
f 2966 2980 2981
f 2966 2981 2967
f 2967 2981 2982
f 2967 2982 2968
f 2968 2982 2969
f 2968 2969 2955
f 2969 2983 2984
f 2969 2984 2970
f 2970 2984 2985
f 2970 2985 2971
f 2971 2985 2986
f 2971 2986 2972
f 2972 2986 2987
f 2972 2987 2973
f 2973 2987 2988
f 2973 2988 2974
f 2974 2988 2989
f 2974 2989 2975
f 2975 2989 2990
f 2975 2990 2976
f 2976 2990 2991
f 2976 2991 2977
f 2977 2991 2992
f 2977 2992 2978
f 2978 2992 2993
f 2978 2993 2979
f 2979 2993 2994
f 2979 2994 2980
f 2980 2994 2995
f 2980 2995 2981
f 2981 2995 2996
f 2981 2996 2982
f 2982 2996 2983
f 2982 2983 2969
f 3083 2999 3000
f 3084 3070 3069
f 3083 3000 3001
f 3084 3071 3070
f 3083 3001 3002
f 3084 3072 3071
f 3083 3002 3003
f 3084 3073 3072
f 3083 3003 3004
f 3084 3074 3073
f 3083 3004 3005
f 3084 3075 3074
f 3083 3005 3006
f 3084 3076 3075
f 3083 3006 3007
f 3084 3077 3076
f 3083 3007 3008
f 3084 3078 3077
f 3083 3008 3009
f 3084 3079 3078
f 3083 3009 3010
f 3084 3080 3079
f 3083 3010 3011
f 3084 3081 3080
f 3083 3011 3012
f 3084 3082 3081
f 3083 3012 2999
f 3084 3069 3082
f 2999 3013 3014
f 2999 3014 3000
f 3000 3014 3015
f 3000 3015 3001
f 3001 3015 3016
f 3001 3016 3002
f 3002 3016 3017
f 3002 3017 3003
f 3003 3017 3018
f 3003 3018 3004
f 3004 3018 3019
f 3004 3019 3005
f 3005 3019 3020
f 3005 3020 3006
f 3006 3020 3021
f 3006 3021 3007
f 3007 3021 3022
f 3007 3022 3008
f 3008 3022 3023
f 3008 3023 3009
f 3009 3023 3024
f 3009 3024 3010
f 3010 3024 3025
f 3010 3025 3011
f 3011 3025 3026
f 3011 3026 3012
f 3012 3026 3013
f 3012 3013 2999
f 3013 3027 3028
f 3013 3028 3014
f 3014 3028 3029
f 3014 3029 3015
f 3015 3029 3030
f 3015 3030 3016
f 3016 3030 3031
f 3016 3031 3017
f 3017 3031 3032
f 3017 3032 3018
f 3018 3032 3033
f 3018 3033 3019
f 3019 3033 3034
f 3019 3034 3020
f 3020 3034 3035
f 3020 3035 3021
f 3021 3035 3036
f 3021 3036 3022
f 3022 3036 3037
f 3022 3037 3023
f 3023 3037 3038
f 3023 3038 3024
f 3024 3038 3039
f 3024 3039 3025
f 3025 3039 3040
f 3025 3040 3026
f 3026 3040 3027
f 3026 3027 3013
f 3027 3041 3042
f 3027 3042 3028
f 3028 3042 3043
f 3028 3043 3029
f 3029 3043 3044
f 3029 3044 3030
f 3030 3044 3045
f 3030 3045 3031
f 3031 3045 3046
f 3031 3046 3032
f 3032 3046 3047
f 3032 3047 3033
f 3033 3047 3048
f 3033 3048 3034
f 3034 3048 3049
f 3034 3049 3035
f 3035 3049 3050
f 3035 3050 3036
f 3036 3050 3051
f 3036 3051 3037
f 3037 3051 3052
f 3037 3052 3038
f 3038 3052 3053
f 3038 3053 3039
f 3039 3053 3054
f 3039 3054 3040
f 3040 3054 3041
f 3040 3041 3027
f 3041 3055 3056
f 3041 3056 3042
f 3042 3056 3057
f 3042 3057 3043
f 3043 3057 3058
f 3043 3058 3044
f 3044 3058 3059
f 3044 3059 3045
f 3045 3059 3060
f 3045 3060 3046
f 3046 3060 3061
f 3046 3061 3047
f 3047 3061 3062
f 3047 3062 3048
f 3048 3062 3063
f 3048 3063 3049
f 3049 3063 3064
f 3049 3064 3050
f 3050 3064 3065
f 3050 3065 3051
f 3051 3065 3066
f 3051 3066 3052
f 3052 3066 3067
f 3052 3067 3053
f 3053 3067 3068
f 3053 3068 3054
f 3054 3068 3055
f 3054 3055 3041
f 3055 3069 3070
f 3055 3070 3056
f 3056 3070 3071
f 3056 3071 3057
f 3057 3071 3072
f 3057 3072 3058
f 3058 3072 3073
f 3058 3073 3059
f 3059 3073 3074
f 3059 3074 3060
f 3060 3074 3075
f 3060 3075 3061
f 3061 3075 3076
f 3061 3076 3062
f 3062 3076 3077
f 3062 3077 3063
f 3063 3077 3078
f 3063 3078 3064
f 3064 3078 3079
f 3064 3079 3065
f 3065 3079 3080
f 3065 3080 3066
f 3066 3080 3081
f 3066 3081 3067
f 3067 3081 3082
f 3067 3082 3068
f 3068 3082 3069
f 3068 3069 3055
f 3169 3085 3086
f 3170 3156 3155
f 3169 3086 3087
f 3170 3157 3156
f 3169 3087 3088
f 3170 3158 3157
f 3169 3088 3089
f 3170 3159 3158
f 3169 3089 3090
f 3170 3160 3159
f 3169 3090 3091
f 3170 3161 3160
f 3169 3091 3092
f 3170 3162 3161
f 3169 3092 3093
f 3170 3163 3162
f 3169 3093 3094
f 3170 3164 3163
f 3169 3094 3095
f 3170 3165 3164
f 3169 3095 3096
f 3170 3166 3165
f 3169 3096 3097
f 3170 3167 3166
f 3169 3097 3098
f 3170 3168 3167
f 3169 3098 3085
f 3170 3155 3168
f 3085 3099 3100
f 3085 3100 3086
f 3086 3100 3101
f 3086 3101 3087
f 3087 3101 3102
f 3087 3102 3088
f 3088 3102 3103
f 3088 3103 3089
f 3089 3103 3104
f 3089 3104 3090
f 3090 3104 3105
f 3090 3105 3091
f 3091 3105 3106
f 3091 3106 3092
f 3092 3106 3107
f 3092 3107 3093
f 3093 3107 3108
f 3093 3108 3094
f 3094 3108 3109
f 3094 3109 3095
f 3095 3109 3110
f 3095 3110 3096
f 3096 3110 3111
f 3096 3111 3097
f 3097 3111 3112
f 3097 3112 3098
f 3098 3112 3099
f 3098 3099 3085
f 3099 3113 3114
f 3099 3114 3100
f 3100 3114 3115
f 3100 3115 3101
f 3101 3115 3116
f 3101 3116 3102
f 3102 3116 3117
f 3102 3117 3103
f 3103 3117 3118
f 3103 3118 3104
f 3104 3118 3119
f 3104 3119 3105
f 3105 3119 3120
f 3105 3120 3106
f 3106 3120 3121
f 3106 3121 3107
f 3107 3121 3122
f 3107 3122 3108
f 3108 3122 3123
f 3108 3123 3109
f 3109 3123 3124
f 3109 3124 3110
f 3110 3124 3125
f 3110 3125 3111
f 3111 3125 3126
f 3111 3126 3112
f 3112 3126 3113
f 3112 3113 3099
f 3113 3127 3128
f 3113 3128 3114
f 3114 3128 3129
f 3114 3129 3115
f 3115 3129 3130
f 3115 3130 3116
f 3116 3130 3131
f 3116 3131 3117
f 3117 3131 3132
f 3117 3132 3118
f 3118 3132 3133
f 3118 3133 3119
f 3119 3133 3134
f 3119 3134 3120
f 3120 3134 3135
f 3120 3135 3121
f 3121 3135 3136
f 3121 3136 3122
f 3122 3136 3137
f 3122 3137 3123
f 3123 3137 3138
f 3123 3138 3124
f 3124 3138 3139
f 3124 3139 3125
f 3125 3139 3140
f 3125 3140 3126
f 3126 3140 3127
f 3126 3127 3113
f 3127 3141 3142
f 3127 3142 3128
f 3128 3142 3143
f 3128 3143 3129
f 3129 3143 3144
f 3129 3144 3130
f 3130 3144 3145
f 3130 3145 3131
f 3131 3145 3146
f 3131 3146 3132
f 3132 3146 3147
f 3132 3147 3133
f 3133 3147 3148
f 3133 3148 3134
f 3134 3148 3149
f 3134 3149 3135
f 3135 3149 3150
f 3135 3150 3136
f 3136 3150 3151
f 3136 3151 3137
f 3137 3151 3152
f 3137 3152 3138
f 3138 3152 3153
f 3138 3153 3139
f 3139 3153 3154
f 3139 3154 3140
f 3140 3154 3141
f 3140 3141 3127
f 3141 3155 3156
f 3141 3156 3142
f 3142 3156 3157
f 3142 3157 3143
f 3143 3157 3158
f 3143 3158 3144
f 3144 3158 3159
f 3144 3159 3145
f 3145 3159 3160
f 3145 3160 3146
f 3146 3160 3161
f 3146 3161 3147
f 3147 3161 3162
f 3147 3162 3148
f 3148 3162 3163
f 3148 3163 3149
f 3149 3163 3164
f 3149 3164 3150
f 3150 3164 3165
f 3150 3165 3151
f 3151 3165 3166
f 3151 3166 3152
f 3152 3166 3167
f 3152 3167 3153
f 3153 3167 3168
f 3153 3168 3154
f 3154 3168 3155
f 3154 3155 3141
f 3255 3171 3172
f 3256 3242 3241
f 3255 3172 3173
f 3256 3243 3242
f 3255 3173 3174
f 3256 3244 3243
f 3255 3174 3175
f 3256 3245 3244
f 3255 3175 3176
f 3256 3246 3245
f 3255 3176 3177
f 3256 3247 3246
f 3255 3177 3178
f 3256 3248 3247
f 3255 3178 3179
f 3256 3249 3248
f 3255 3179 3180
f 3256 3250 3249
f 3255 3180 3181
f 3256 3251 3250
f 3255 3181 3182
f 3256 3252 3251
f 3255 3182 3183
f 3256 3253 3252
f 3255 3183 3184
f 3256 3254 3253
f 3255 3184 3171
f 3256 3241 3254
f 3171 3185 3186
f 3171 3186 3172
f 3172 3186 3187
f 3172 3187 3173
f 3173 3187 3188
f 3173 3188 3174
f 3174 3188 3189
f 3174 3189 3175
f 3175 3189 3190
f 3175 3190 3176
f 3176 3190 3191
f 3176 3191 3177
f 3177 3191 3192
f 3177 3192 3178
f 3178 3192 3193
f 3178 3193 3179
f 3179 3193 3194
f 3179 3194 3180
f 3180 3194 3195
f 3180 3195 3181
f 3181 3195 3196
f 3181 3196 3182
f 3182 3196 3197
f 3182 3197 3183
f 3183 3197 3198
f 3183 3198 3184
f 3184 3198 3185
f 3184 3185 3171
f 3185 3199 3200
f 3185 3200 3186
f 3186 3200 3201
f 3186 3201 3187
f 3187 3201 3202
f 3187 3202 3188
f 3188 3202 3203
f 3188 3203 3189
f 3189 3203 3204
f 3189 3204 3190
f 3190 3204 3205
f 3190 3205 3191
f 3191 3205 3206
f 3191 3206 3192
f 3192 3206 3207
f 3192 3207 3193
f 3193 3207 3208
f 3193 3208 3194
f 3194 3208 3209
f 3194 3209 3195
f 3195 3209 3210
f 3195 3210 3196
f 3196 3210 3211
f 3196 3211 3197
f 3197 3211 3212
f 3197 3212 3198
f 3198 3212 3199
f 3198 3199 3185
f 3199 3213 3214
f 3199 3214 3200
f 3200 3214 3215
f 3200 3215 3201
f 3201 3215 3216
f 3201 3216 3202
f 3202 3216 3217
f 3202 3217 3203
f 3203 3217 3218
f 3203 3218 3204
f 3204 3218 3219
f 3204 3219 3205
f 3205 3219 3220
f 3205 3220 3206
f 3206 3220 3221
f 3206 3221 3207
f 3207 3221 3222
f 3207 3222 3208
f 3208 3222 3223
f 3208 3223 3209
f 3209 3223 3224
f 3209 3224 3210
f 3210 3224 3225
f 3210 3225 3211
f 3211 3225 3226
f 3211 3226 3212
f 3212 3226 3213
f 3212 3213 3199
f 3213 3227 3228
f 3213 3228 3214
f 3214 3228 3229
f 3214 3229 3215
f 3215 3229 3230
f 3215 3230 3216
f 3216 3230 3231
f 3216 3231 3217
f 3217 3231 3232
f 3217 3232 3218
f 3218 3232 3233
f 3218 3233 3219
f 3219 3233 3234
f 3219 3234 3220
f 3220 3234 3235
f 3220 3235 3221
f 3221 3235 3236
f 3221 3236 3222
f 3222 3236 3237
f 3222 3237 3223
f 3223 3237 3238
f 3223 3238 3224
f 3224 3238 3239
f 3224 3239 3225
f 3225 3239 3240
f 3225 3240 3226
f 3226 3240 3227
f 3226 3227 3213
f 3227 3241 3242
f 3227 3242 3228
f 3228 3242 3243
f 3228 3243 3229
f 3229 3243 3244
f 3229 3244 3230
f 3230 3244 3245
f 3230 3245 3231
f 3231 3245 3246
f 3231 3246 3232
f 3232 3246 3247
f 3232 3247 3233
f 3233 3247 3248
f 3233 3248 3234
f 3234 3248 3249
f 3234 3249 3235
f 3235 3249 3250
f 3235 3250 3236
f 3236 3250 3251
f 3236 3251 3237
f 3237 3251 3252
f 3237 3252 3238
f 3238 3252 3253
f 3238 3253 3239
f 3239 3253 3254
f 3239 3254 3240
f 3240 3254 3241
f 3240 3241 3227
f 3341 3257 3258
f 3342 3328 3327
f 3341 3258 3259
f 3342 3329 3328
f 3341 3259 3260
f 3342 3330 3329
f 3341 3260 3261
f 3342 3331 3330
f 3341 3261 3262
f 3342 3332 3331
f 3341 3262 3263
f 3342 3333 3332
f 3341 3263 3264
f 3342 3334 3333
f 3341 3264 3265
f 3342 3335 3334
f 3341 3265 3266
f 3342 3336 3335
f 3341 3266 3267
f 3342 3337 3336
f 3341 3267 3268
f 3342 3338 3337
f 3341 3268 3269
f 3342 3339 3338
f 3341 3269 3270
f 3342 3340 3339
f 3341 3270 3257
f 3342 3327 3340
f 3257 3271 3272
f 3257 3272 3258
f 3258 3272 3273
f 3258 3273 3259
f 3259 3273 3274
f 3259 3274 3260
f 3260 3274 3275
f 3260 3275 3261
f 3261 3275 3276
f 3261 3276 3262
f 3262 3276 3277
f 3262 3277 3263
f 3263 3277 3278
f 3263 3278 3264
f 3264 3278 3279
f 3264 3279 3265
f 3265 3279 3280
f 3265 3280 3266
f 3266 3280 3281
f 3266 3281 3267
f 3267 3281 3282
f 3267 3282 3268
f 3268 3282 3283
f 3268 3283 3269
f 3269 3283 3284
f 3269 3284 3270
f 3270 3284 3271
f 3270 3271 3257
f 3271 3285 3286
f 3271 3286 3272
f 3272 3286 3287
f 3272 3287 3273
f 3273 3287 3288
f 3273 3288 3274
f 3274 3288 3289
f 3274 3289 3275
f 3275 3289 3290
f 3275 3290 3276
f 3276 3290 3291
f 3276 3291 3277
f 3277 3291 3292
f 3277 3292 3278
f 3278 3292 3293
f 3278 3293 3279
f 3279 3293 3294
f 3279 3294 3280
f 3280 3294 3295
f 3280 3295 3281
f 3281 3295 3296
f 3281 3296 3282
f 3282 3296 3297
f 3282 3297 3283
f 3283 3297 3298
f 3283 3298 3284
f 3284 3298 3285
f 3284 3285 3271
f 3285 3299 3300
f 3285 3300 3286
f 3286 3300 3301
f 3286 3301 3287
f 3287 3301 3302
f 3287 3302 3288
f 3288 3302 3303
f 3288 3303 3289
f 3289 3303 3304
f 3289 3304 3290
f 3290 3304 3305
f 3290 3305 3291
f 3291 3305 3306
f 3291 3306 3292
f 3292 3306 3307
f 3292 3307 3293
f 3293 3307 3308
f 3293 3308 3294
f 3294 3308 3309
f 3294 3309 3295
f 3295 3309 3310
f 3295 3310 3296
f 3296 3310 3311
f 3296 3311 3297
f 3297 3311 3312
f 3297 3312 3298
f 3298 3312 3299
f 3298 3299 3285
f 3299 3313 3314
f 3299 3314 3300
f 3300 3314 3315
f 3300 3315 3301
f 3301 3315 3316
f 3301 3316 3302
f 3302 3316 3317
f 3302 3317 3303
f 3303 3317 3318
f 3303 3318 3304
f 3304 3318 3319
f 3304 3319 3305
f 3305 3319 3320
f 3305 3320 3306
f 3306 3320 3321
f 3306 3321 3307
f 3307 3321 3322
f 3307 3322 3308
f 3308 3322 3323
f 3308 3323 3309
f 3309 3323 3324
f 3309 3324 3310
f 3310 3324 3325
f 3310 3325 3311
f 3311 3325 3326
f 3311 3326 3312
f 3312 3326 3313
f 3312 3313 3299
f 3313 3327 3328
f 3313 3328 3314
f 3314 3328 3329
f 3314 3329 3315
f 3315 3329 3330
f 3315 3330 3316
f 3316 3330 3331
f 3316 3331 3317
f 3317 3331 3332
f 3317 3332 3318
f 3318 3332 3333
f 3318 3333 3319
f 3319 3333 3334
f 3319 3334 3320
f 3320 3334 3335
f 3320 3335 3321
f 3321 3335 3336
f 3321 3336 3322
f 3322 3336 3337
f 3322 3337 3323
f 3323 3337 3338
f 3323 3338 3324
f 3324 3338 3339
f 3324 3339 3325
f 3325 3339 3340
f 3325 3340 3326
f 3326 3340 3327
f 3326 3327 3313
f 3427 3343 3344
f 3428 3414 3413
f 3427 3344 3345
f 3428 3415 3414
f 3427 3345 3346
f 3428 3416 3415
f 3427 3346 3347
f 3428 3417 3416
f 3427 3347 3348
f 3428 3418 3417
f 3427 3348 3349
f 3428 3419 3418
f 3427 3349 3350
f 3428 3420 3419
f 3427 3350 3351
f 3428 3421 3420
f 3427 3351 3352
f 3428 3422 3421
f 3427 3352 3353
f 3428 3423 3422
f 3427 3353 3354
f 3428 3424 3423
f 3427 3354 3355
f 3428 3425 3424
f 3427 3355 3356
f 3428 3426 3425
f 3427 3356 3343
f 3428 3413 3426
f 3343 3357 3358
f 3343 3358 3344
f 3344 3358 3359
f 3344 3359 3345
f 3345 3359 3360
f 3345 3360 3346
f 3346 3360 3361
f 3346 3361 3347
f 3347 3361 3362
f 3347 3362 3348
f 3348 3362 3363
f 3348 3363 3349
f 3349 3363 3364
f 3349 3364 3350
f 3350 3364 3365
f 3350 3365 3351
f 3351 3365 3366
f 3351 3366 3352
f 3352 3366 3367
f 3352 3367 3353
f 3353 3367 3368
f 3353 3368 3354
f 3354 3368 3369
f 3354 3369 3355
f 3355 3369 3370
f 3355 3370 3356
f 3356 3370 3357
f 3356 3357 3343
f 3357 3371 3372
f 3357 3372 3358
f 3358 3372 3373
f 3358 3373 3359
f 3359 3373 3374
f 3359 3374 3360
f 3360 3374 3375
f 3360 3375 3361
f 3361 3375 3376
f 3361 3376 3362
f 3362 3376 3377
f 3362 3377 3363
f 3363 3377 3378
f 3363 3378 3364
f 3364 3378 3379
f 3364 3379 3365
f 3365 3379 3380
f 3365 3380 3366
f 3366 3380 3381
f 3366 3381 3367
f 3367 3381 3382
f 3367 3382 3368
f 3368 3382 3383
f 3368 3383 3369
f 3369 3383 3384
f 3369 3384 3370
f 3370 3384 3371
f 3370 3371 3357
f 3371 3385 3386
f 3371 3386 3372
f 3372 3386 3387
f 3372 3387 3373
f 3373 3387 3388
f 3373 3388 3374
f 3374 3388 3389
f 3374 3389 3375
f 3375 3389 3390
f 3375 3390 3376
f 3376 3390 3391
f 3376 3391 3377
f 3377 3391 3392
f 3377 3392 3378
f 3378 3392 3393
f 3378 3393 3379
f 3379 3393 3394
f 3379 3394 3380
f 3380 3394 3395
f 3380 3395 3381
f 3381 3395 3396
f 3381 3396 3382
f 3382 3396 3397
f 3382 3397 3383
f 3383 3397 3398
f 3383 3398 3384
f 3384 3398 3385
f 3384 3385 3371
f 3385 3399 3400
f 3385 3400 3386
f 3386 3400 3401
f 3386 3401 3387
f 3387 3401 3402
f 3387 3402 3388
f 3388 3402 3403
f 3388 3403 3389
f 3389 3403 3404
f 3389 3404 3390
f 3390 3404 3405
f 3390 3405 3391
f 3391 3405 3406
f 3391 3406 3392
f 3392 3406 3407
f 3392 3407 3393
f 3393 3407 3408
f 3393 3408 3394
f 3394 3408 3409
f 3394 3409 3395
f 3395 3409 3410
f 3395 3410 3396
f 3396 3410 3411
f 3396 3411 3397
f 3397 3411 3412
f 3397 3412 3398
f 3398 3412 3399
f 3398 3399 3385
f 3399 3413 3414
f 3399 3414 3400
f 3400 3414 3415
f 3400 3415 3401
f 3401 3415 3416
f 3401 3416 3402
f 3402 3416 3417
f 3402 3417 3403
f 3403 3417 3418
f 3403 3418 3404
f 3404 3418 3419
f 3404 3419 3405
f 3405 3419 3420
f 3405 3420 3406
f 3406 3420 3421
f 3406 3421 3407
f 3407 3421 3422
f 3407 3422 3408
f 3408 3422 3423
f 3408 3423 3409
f 3409 3423 3424
f 3409 3424 3410
f 3410 3424 3425
f 3410 3425 3411
f 3411 3425 3426
f 3411 3426 3412
f 3412 3426 3413
f 3412 3413 3399
f 3513 3429 3430
f 3514 3500 3499
f 3513 3430 3431
f 3514 3501 3500
f 3513 3431 3432
f 3514 3502 3501
f 3513 3432 3433
f 3514 3503 3502
f 3513 3433 3434
f 3514 3504 3503
f 3513 3434 3435
f 3514 3505 3504
f 3513 3435 3436
f 3514 3506 3505
f 3513 3436 3437
f 3514 3507 3506
f 3513 3437 3438
f 3514 3508 3507
f 3513 3438 3439
f 3514 3509 3508
f 3513 3439 3440
f 3514 3510 3509
f 3513 3440 3441
f 3514 3511 3510
f 3513 3441 3442
f 3514 3512 3511
f 3513 3442 3429
f 3514 3499 3512
f 3429 3443 3444
f 3429 3444 3430
f 3430 3444 3445
f 3430 3445 3431
f 3431 3445 3446
f 3431 3446 3432
f 3432 3446 3447
f 3432 3447 3433
f 3433 3447 3448
f 3433 3448 3434
f 3434 3448 3449
f 3434 3449 3435
f 3435 3449 3450
f 3435 3450 3436
f 3436 3450 3451
f 3436 3451 3437
f 3437 3451 3452
f 3437 3452 3438
f 3438 3452 3453
f 3438 3453 3439
f 3439 3453 3454
f 3439 3454 3440
f 3440 3454 3455
f 3440 3455 3441
f 3441 3455 3456
f 3441 3456 3442
f 3442 3456 3443
f 3442 3443 3429
f 3443 3457 3458
f 3443 3458 3444
f 3444 3458 3459
f 3444 3459 3445
f 3445 3459 3460
f 3445 3460 3446
f 3446 3460 3461
f 3446 3461 3447
f 3447 3461 3462
f 3447 3462 3448
f 3448 3462 3463
f 3448 3463 3449
f 3449 3463 3464
f 3449 3464 3450
f 3450 3464 3465
f 3450 3465 3451
f 3451 3465 3466
f 3451 3466 3452
f 3452 3466 3467
f 3452 3467 3453
f 3453 3467 3468
f 3453 3468 3454
f 3454 3468 3469
f 3454 3469 3455
f 3455 3469 3470
f 3455 3470 3456
f 3456 3470 3457
f 3456 3457 3443
f 3457 3471 3472
f 3457 3472 3458
f 3458 3472 3473
f 3458 3473 3459
f 3459 3473 3474
f 3459 3474 3460
f 3460 3474 3475
f 3460 3475 3461
f 3461 3475 3476
f 3461 3476 3462
f 3462 3476 3477
f 3462 3477 3463
f 3463 3477 3478
f 3463 3478 3464
f 3464 3478 3479
f 3464 3479 3465
f 3465 3479 3480
f 3465 3480 3466
f 3466 3480 3481
f 3466 3481 3467
f 3467 3481 3482
f 3467 3482 3468
f 3468 3482 3483
f 3468 3483 3469
f 3469 3483 3484
f 3469 3484 3470
f 3470 3484 3471
f 3470 3471 3457
f 3471 3485 3486
f 3471 3486 3472
f 3472 3486 3487
f 3472 3487 3473
f 3473 3487 3488
f 3473 3488 3474
f 3474 3488 3489
f 3474 3489 3475
f 3475 3489 3490
f 3475 3490 3476
f 3476 3490 3491
f 3476 3491 3477
f 3477 3491 3492
f 3477 3492 3478
f 3478 3492 3493
f 3478 3493 3479
f 3479 3493 3494
f 3479 3494 3480
f 3480 3494 3495
f 3480 3495 3481
f 3481 3495 3496
f 3481 3496 3482
f 3482 3496 3497
f 3482 3497 3483
f 3483 3497 3498
f 3483 3498 3484
f 3484 3498 3485
f 3484 3485 3471
f 3485 3499 3500
f 3485 3500 3486
f 3486 3500 3501
f 3486 3501 3487
f 3487 3501 3502
f 3487 3502 3488
f 3488 3502 3503
f 3488 3503 3489
f 3489 3503 3504
f 3489 3504 3490
f 3490 3504 3505
f 3490 3505 3491
f 3491 3505 3506
f 3491 3506 3492
f 3492 3506 3507
f 3492 3507 3493
f 3493 3507 3508
f 3493 3508 3494
f 3494 3508 3509
f 3494 3509 3495
f 3495 3509 3510
f 3495 3510 3496
f 3496 3510 3511
f 3496 3511 3497
f 3497 3511 3512
f 3497 3512 3498
f 3498 3512 3499
f 3498 3499 3485
f 3599 3515 3516
f 3600 3586 3585
f 3599 3516 3517
f 3600 3587 3586
f 3599 3517 3518
f 3600 3588 3587
f 3599 3518 3519
f 3600 3589 3588
f 3599 3519 3520
f 3600 3590 3589
f 3599 3520 3521
f 3600 3591 3590
f 3599 3521 3522
f 3600 3592 3591
f 3599 3522 3523
f 3600 3593 3592
f 3599 3523 3524
f 3600 3594 3593
f 3599 3524 3525
f 3600 3595 3594
f 3599 3525 3526
f 3600 3596 3595
f 3599 3526 3527
f 3600 3597 3596
f 3599 3527 3528
f 3600 3598 3597
f 3599 3528 3515
f 3600 3585 3598
f 3515 3529 3530
f 3515 3530 3516
f 3516 3530 3531
f 3516 3531 3517
f 3517 3531 3532
f 3517 3532 3518
f 3518 3532 3533
f 3518 3533 3519
f 3519 3533 3534
f 3519 3534 3520
f 3520 3534 3535
f 3520 3535 3521
f 3521 3535 3536
f 3521 3536 3522
f 3522 3536 3537
f 3522 3537 3523
f 3523 3537 3538
f 3523 3538 3524
f 3524 3538 3539
f 3524 3539 3525
f 3525 3539 3540
f 3525 3540 3526
f 3526 3540 3541
f 3526 3541 3527
f 3527 3541 3542
f 3527 3542 3528
f 3528 3542 3529
f 3528 3529 3515
f 3529 3543 3544
f 3529 3544 3530
f 3530 3544 3545
f 3530 3545 3531
f 3531 3545 3546
f 3531 3546 3532
f 3532 3546 3547
f 3532 3547 3533
f 3533 3547 3548
f 3533 3548 3534
f 3534 3548 3549
f 3534 3549 3535
f 3535 3549 3550
f 3535 3550 3536
f 3536 3550 3551
f 3536 3551 3537
f 3537 3551 3552
f 3537 3552 3538
f 3538 3552 3553
f 3538 3553 3539
f 3539 3553 3554
f 3539 3554 3540
f 3540 3554 3555
f 3540 3555 3541
f 3541 3555 3556
f 3541 3556 3542
f 3542 3556 3543
f 3542 3543 3529
f 3543 3557 3558
f 3543 3558 3544
f 3544 3558 3559
f 3544 3559 3545
f 3545 3559 3560
f 3545 3560 3546
f 3546 3560 3561
f 3546 3561 3547
f 3547 3561 3562
f 3547 3562 3548
f 3548 3562 3563
f 3548 3563 3549
f 3549 3563 3564
f 3549 3564 3550
f 3550 3564 3565
f 3550 3565 3551
f 3551 3565 3566
f 3551 3566 3552
f 3552 3566 3567
f 3552 3567 3553
f 3553 3567 3568
f 3553 3568 3554
f 3554 3568 3569
f 3554 3569 3555
f 3555 3569 3570
f 3555 3570 3556
f 3556 3570 3557
f 3556 3557 3543
f 3557 3571 3572
f 3557 3572 3558
f 3558 3572 3573
f 3558 3573 3559
f 3559 3573 3574
f 3559 3574 3560
f 3560 3574 3575
f 3560 3575 3561
f 3561 3575 3576
f 3561 3576 3562
f 3562 3576 3577
f 3562 3577 3563
f 3563 3577 3578
f 3563 3578 3564
f 3564 3578 3579
f 3564 3579 3565
f 3565 3579 3580
f 3565 3580 3566
f 3566 3580 3581
f 3566 3581 3567
f 3567 3581 3582
f 3567 3582 3568
f 3568 3582 3583
f 3568 3583 3569
f 3569 3583 3584
f 3569 3584 3570
f 3570 3584 3571
f 3570 3571 3557
f 3571 3585 3586
f 3571 3586 3572
f 3572 3586 3587
f 3572 3587 3573
f 3573 3587 3588
f 3573 3588 3574
f 3574 3588 3589
f 3574 3589 3575
f 3575 3589 3590
f 3575 3590 3576
f 3576 3590 3591
f 3576 3591 3577
f 3577 3591 3592
f 3577 3592 3578
f 3578 3592 3593
f 3578 3593 3579
f 3579 3593 3594
f 3579 3594 3580
f 3580 3594 3595
f 3580 3595 3581
f 3581 3595 3596
f 3581 3596 3582
f 3582 3596 3597
f 3582 3597 3583
f 3583 3597 3598
f 3583 3598 3584
f 3584 3598 3585
f 3584 3585 3571
f 3685 3601 3602
f 3686 3672 3671
f 3685 3602 3603
f 3686 3673 3672
f 3685 3603 3604
f 3686 3674 3673
f 3685 3604 3605
f 3686 3675 3674
f 3685 3605 3606
f 3686 3676 3675
f 3685 3606 3607
f 3686 3677 3676
f 3685 3607 3608
f 3686 3678 3677
f 3685 3608 3609
f 3686 3679 3678
f 3685 3609 3610
f 3686 3680 3679
f 3685 3610 3611
f 3686 3681 3680
f 3685 3611 3612
f 3686 3682 3681
f 3685 3612 3613
f 3686 3683 3682
f 3685 3613 3614
f 3686 3684 3683
f 3685 3614 3601
f 3686 3671 3684
f 3601 3615 3616
f 3601 3616 3602
f 3602 3616 3617
f 3602 3617 3603
f 3603 3617 3618
f 3603 3618 3604
f 3604 3618 3619
f 3604 3619 3605
f 3605 3619 3620
f 3605 3620 3606
f 3606 3620 3621
f 3606 3621 3607
f 3607 3621 3622
f 3607 3622 3608
f 3608 3622 3623
f 3608 3623 3609
f 3609 3623 3624
f 3609 3624 3610
f 3610 3624 3625
f 3610 3625 3611
f 3611 3625 3626
f 3611 3626 3612
f 3612 3626 3627
f 3612 3627 3613
f 3613 3627 3628
f 3613 3628 3614
f 3614 3628 3615
f 3614 3615 3601
f 3615 3629 3630
f 3615 3630 3616
f 3616 3630 3631
f 3616 3631 3617
f 3617 3631 3632
f 3617 3632 3618
f 3618 3632 3633
f 3618 3633 3619
f 3619 3633 3634
f 3619 3634 3620
f 3620 3634 3635
f 3620 3635 3621
f 3621 3635 3636
f 3621 3636 3622
f 3622 3636 3637
f 3622 3637 3623
f 3623 3637 3638
f 3623 3638 3624
f 3624 3638 3639
f 3624 3639 3625
f 3625 3639 3640
f 3625 3640 3626
f 3626 3640 3641
f 3626 3641 3627
f 3627 3641 3642
f 3627 3642 3628
f 3628 3642 3629
f 3628 3629 3615
f 3629 3643 3644
f 3629 3644 3630
f 3630 3644 3645
f 3630 3645 3631
f 3631 3645 3646
f 3631 3646 3632
f 3632 3646 3647
f 3632 3647 3633
f 3633 3647 3648
f 3633 3648 3634
f 3634 3648 3649
f 3634 3649 3635
f 3635 3649 3650
f 3635 3650 3636
f 3636 3650 3651
f 3636 3651 3637
f 3637 3651 3652
f 3637 3652 3638
f 3638 3652 3653
f 3638 3653 3639
f 3639 3653 3654
f 3639 3654 3640
f 3640 3654 3655
f 3640 3655 3641
f 3641 3655 3656
f 3641 3656 3642
f 3642 3656 3643
f 3642 3643 3629
f 3643 3657 3658
f 3643 3658 3644
f 3644 3658 3659
f 3644 3659 3645
f 3645 3659 3660
f 3645 3660 3646
f 3646 3660 3661
f 3646 3661 3647
f 3647 3661 3662
f 3647 3662 3648
f 3648 3662 3663
f 3648 3663 3649
f 3649 3663 3664
f 3649 3664 3650
f 3650 3664 3665
f 3650 3665 3651
f 3651 3665 3666
f 3651 3666 3652
f 3652 3666 3667
f 3652 3667 3653
f 3653 3667 3668
f 3653 3668 3654
f 3654 3668 3669
f 3654 3669 3655
f 3655 3669 3670
f 3655 3670 3656
f 3656 3670 3657
f 3656 3657 3643
f 3657 3671 3672
f 3657 3672 3658
f 3658 3672 3673
f 3658 3673 3659
f 3659 3673 3674
f 3659 3674 3660
f 3660 3674 3675
f 3660 3675 3661
f 3661 3675 3676
f 3661 3676 3662
f 3662 3676 3677
f 3662 3677 3663
f 3663 3677 3678
f 3663 3678 3664
f 3664 3678 3679
f 3664 3679 3665
f 3665 3679 3680
f 3665 3680 3666
f 3666 3680 3681
f 3666 3681 3667
f 3667 3681 3682
f 3667 3682 3668
f 3668 3682 3683
f 3668 3683 3669
f 3669 3683 3684
f 3669 3684 3670
f 3670 3684 3671
f 3670 3671 3657
f 3771 3687 3688
f 3772 3758 3757
f 3771 3688 3689
f 3772 3759 3758
f 3771 3689 3690
f 3772 3760 3759
f 3771 3690 3691
f 3772 3761 3760
f 3771 3691 3692
f 3772 3762 3761
f 3771 3692 3693
f 3772 3763 3762
f 3771 3693 3694
f 3772 3764 3763
f 3771 3694 3695
f 3772 3765 3764
f 3771 3695 3696
f 3772 3766 3765
f 3771 3696 3697
f 3772 3767 3766
f 3771 3697 3698
f 3772 3768 3767
f 3771 3698 3699
f 3772 3769 3768
f 3771 3699 3700
f 3772 3770 3769
f 3771 3700 3687
f 3772 3757 3770
f 3687 3701 3702
f 3687 3702 3688
f 3688 3702 3703
f 3688 3703 3689
f 3689 3703 3704
f 3689 3704 3690
f 3690 3704 3705
f 3690 3705 3691
f 3691 3705 3706
f 3691 3706 3692
f 3692 3706 3707
f 3692 3707 3693
f 3693 3707 3708
f 3693 3708 3694
f 3694 3708 3709
f 3694 3709 3695
f 3695 3709 3710
f 3695 3710 3696
f 3696 3710 3711
f 3696 3711 3697
f 3697 3711 3712
f 3697 3712 3698
f 3698 3712 3713
f 3698 3713 3699
f 3699 3713 3714
f 3699 3714 3700
f 3700 3714 3701
f 3700 3701 3687
f 3701 3715 3716
f 3701 3716 3702
f 3702 3716 3717
f 3702 3717 3703
f 3703 3717 3718
f 3703 3718 3704
f 3704 3718 3719
f 3704 3719 3705
f 3705 3719 3720
f 3705 3720 3706
f 3706 3720 3721
f 3706 3721 3707
f 3707 3721 3722
f 3707 3722 3708
f 3708 3722 3723
f 3708 3723 3709
f 3709 3723 3724
f 3709 3724 3710
f 3710 3724 3725
f 3710 3725 3711
f 3711 3725 3726
f 3711 3726 3712
f 3712 3726 3727
f 3712 3727 3713
f 3713 3727 3728
f 3713 3728 3714
f 3714 3728 3715
f 3714 3715 3701
f 3715 3729 3730
f 3715 3730 3716
f 3716 3730 3731
f 3716 3731 3717
f 3717 3731 3732
f 3717 3732 3718
f 3718 3732 3733
f 3718 3733 3719
f 3719 3733 3734
f 3719 3734 3720
f 3720 3734 3735
f 3720 3735 3721
f 3721 3735 3736
f 3721 3736 3722
f 3722 3736 3737
f 3722 3737 3723
f 3723 3737 3738
f 3723 3738 3724
f 3724 3738 3739
f 3724 3739 3725
f 3725 3739 3740
f 3725 3740 3726
f 3726 3740 3741
f 3726 3741 3727
f 3727 3741 3742
f 3727 3742 3728
f 3728 3742 3729
f 3728 3729 3715
f 3729 3743 3744
f 3729 3744 3730
f 3730 3744 3745
f 3730 3745 3731
f 3731 3745 3746
f 3731 3746 3732
f 3732 3746 3747
f 3732 3747 3733
f 3733 3747 3748
f 3733 3748 3734
f 3734 3748 3749
f 3734 3749 3735
f 3735 3749 3750
f 3735 3750 3736
f 3736 3750 3751
f 3736 3751 3737
f 3737 3751 3752
f 3737 3752 3738
f 3738 3752 3753
f 3738 3753 3739
f 3739 3753 3754
f 3739 3754 3740
f 3740 3754 3755
f 3740 3755 3741
f 3741 3755 3756
f 3741 3756 3742
f 3742 3756 3743
f 3742 3743 3729
f 3743 3757 3758
f 3743 3758 3744
f 3744 3758 3759
f 3744 3759 3745
f 3745 3759 3760
f 3745 3760 3746
f 3746 3760 3761
f 3746 3761 3747
f 3747 3761 3762
f 3747 3762 3748
f 3748 3762 3763
f 3748 3763 3749
f 3749 3763 3764
f 3749 3764 3750
f 3750 3764 3765
f 3750 3765 3751
f 3751 3765 3766
f 3751 3766 3752
f 3752 3766 3767
f 3752 3767 3753
f 3753 3767 3768
f 3753 3768 3754
f 3754 3768 3769
f 3754 3769 3755
f 3755 3769 3770
f 3755 3770 3756
f 3756 3770 3757
f 3756 3757 3743
f 3857 3773 3774
f 3858 3844 3843
f 3857 3774 3775
f 3858 3845 3844
f 3857 3775 3776
f 3858 3846 3845
f 3857 3776 3777
f 3858 3847 3846
f 3857 3777 3778
f 3858 3848 3847
f 3857 3778 3779
f 3858 3849 3848
f 3857 3779 3780
f 3858 3850 3849
f 3857 3780 3781
f 3858 3851 3850
f 3857 3781 3782
f 3858 3852 3851
f 3857 3782 3783
f 3858 3853 3852
f 3857 3783 3784
f 3858 3854 3853
f 3857 3784 3785
f 3858 3855 3854
f 3857 3785 3786
f 3858 3856 3855
f 3857 3786 3773
f 3858 3843 3856
f 3773 3787 3788
f 3773 3788 3774
f 3774 3788 3789
f 3774 3789 3775
f 3775 3789 3790
f 3775 3790 3776
f 3776 3790 3791
f 3776 3791 3777
f 3777 3791 3792
f 3777 3792 3778
f 3778 3792 3793
f 3778 3793 3779
f 3779 3793 3794
f 3779 3794 3780
f 3780 3794 3795
f 3780 3795 3781
f 3781 3795 3796
f 3781 3796 3782
f 3782 3796 3797
f 3782 3797 3783
f 3783 3797 3798
f 3783 3798 3784
f 3784 3798 3799
f 3784 3799 3785
f 3785 3799 3800
f 3785 3800 3786
f 3786 3800 3787
f 3786 3787 3773
f 3787 3801 3802
f 3787 3802 3788
f 3788 3802 3803
f 3788 3803 3789
f 3789 3803 3804
f 3789 3804 3790
f 3790 3804 3805
f 3790 3805 3791
f 3791 3805 3806
f 3791 3806 3792
f 3792 3806 3807
f 3792 3807 3793
f 3793 3807 3808
f 3793 3808 3794
f 3794 3808 3809
f 3794 3809 3795
f 3795 3809 3810
f 3795 3810 3796
f 3796 3810 3811
f 3796 3811 3797
f 3797 3811 3812
f 3797 3812 3798
f 3798 3812 3813
f 3798 3813 3799
f 3799 3813 3814
f 3799 3814 3800
f 3800 3814 3801
f 3800 3801 3787
f 3801 3815 3816
f 3801 3816 3802
f 3802 3816 3817
f 3802 3817 3803
f 3803 3817 3818
f 3803 3818 3804
f 3804 3818 3819
f 3804 3819 3805
f 3805 3819 3820
f 3805 3820 3806
f 3806 3820 3821
f 3806 3821 3807
f 3807 3821 3822
f 3807 3822 3808
f 3808 3822 3823
f 3808 3823 3809
f 3809 3823 3824
f 3809 3824 3810
f 3810 3824 3825
f 3810 3825 3811
f 3811 3825 3826
f 3811 3826 3812
f 3812 3826 3827
f 3812 3827 3813
f 3813 3827 3828
f 3813 3828 3814
f 3814 3828 3815
f 3814 3815 3801
f 3815 3829 3830
f 3815 3830 3816
f 3816 3830 3831
f 3816 3831 3817
f 3817 3831 3832
f 3817 3832 3818
f 3818 3832 3833
f 3818 3833 3819
f 3819 3833 3834
f 3819 3834 3820
f 3820 3834 3835
f 3820 3835 3821
f 3821 3835 3836
f 3821 3836 3822
f 3822 3836 3837
f 3822 3837 3823
f 3823 3837 3838
f 3823 3838 3824
f 3824 3838 3839
f 3824 3839 3825
f 3825 3839 3840
f 3825 3840 3826
f 3826 3840 3841
f 3826 3841 3827
f 3827 3841 3842
f 3827 3842 3828
f 3828 3842 3829
f 3828 3829 3815
f 3829 3843 3844
f 3829 3844 3830
f 3830 3844 3845
f 3830 3845 3831
f 3831 3845 3846
f 3831 3846 3832
f 3832 3846 3847
f 3832 3847 3833
f 3833 3847 3848
f 3833 3848 3834
f 3834 3848 3849
f 3834 3849 3835
f 3835 3849 3850
f 3835 3850 3836
f 3836 3850 3851
f 3836 3851 3837
f 3837 3851 3852
f 3837 3852 3838
f 3838 3852 3853
f 3838 3853 3839
f 3839 3853 3854
f 3839 3854 3840
f 3840 3854 3855
f 3840 3855 3841
f 3841 3855 3856
f 3841 3856 3842
f 3842 3856 3843
f 3842 3843 3829
f 3943 3859 3860
f 3944 3930 3929
f 3943 3860 3861
f 3944 3931 3930
f 3943 3861 3862
f 3944 3932 3931
f 3943 3862 3863
f 3944 3933 3932
f 3943 3863 3864
f 3944 3934 3933
f 3943 3864 3865
f 3944 3935 3934
f 3943 3865 3866
f 3944 3936 3935
f 3943 3866 3867
f 3944 3937 3936
f 3943 3867 3868
f 3944 3938 3937
f 3943 3868 3869
f 3944 3939 3938
f 3943 3869 3870
f 3944 3940 3939
f 3943 3870 3871
f 3944 3941 3940
f 3943 3871 3872
f 3944 3942 3941
f 3943 3872 3859
f 3944 3929 3942
f 3859 3873 3874
f 3859 3874 3860
f 3860 3874 3875
f 3860 3875 3861
f 3861 3875 3876
f 3861 3876 3862
f 3862 3876 3877
f 3862 3877 3863
f 3863 3877 3878
f 3863 3878 3864
f 3864 3878 3879
f 3864 3879 3865
f 3865 3879 3880
f 3865 3880 3866
f 3866 3880 3881
f 3866 3881 3867
f 3867 3881 3882
f 3867 3882 3868
f 3868 3882 3883
f 3868 3883 3869
f 3869 3883 3884
f 3869 3884 3870
f 3870 3884 3885
f 3870 3885 3871
f 3871 3885 3886
f 3871 3886 3872
f 3872 3886 3873
f 3872 3873 3859
f 3873 3887 3888
f 3873 3888 3874
f 3874 3888 3889
f 3874 3889 3875
f 3875 3889 3890
f 3875 3890 3876
f 3876 3890 3891
f 3876 3891 3877
f 3877 3891 3892
f 3877 3892 3878
f 3878 3892 3893
f 3878 3893 3879
f 3879 3893 3894
f 3879 3894 3880
f 3880 3894 3895
f 3880 3895 3881
f 3881 3895 3896
f 3881 3896 3882
f 3882 3896 3897
f 3882 3897 3883
f 3883 3897 3898
f 3883 3898 3884
f 3884 3898 3899
f 3884 3899 3885
f 3885 3899 3900
f 3885 3900 3886
f 3886 3900 3887
f 3886 3887 3873
f 3887 3901 3902
f 3887 3902 3888
f 3888 3902 3903
f 3888 3903 3889
f 3889 3903 3904
f 3889 3904 3890
f 3890 3904 3905
f 3890 3905 3891
f 3891 3905 3906
f 3891 3906 3892
f 3892 3906 3907
f 3892 3907 3893
f 3893 3907 3908
f 3893 3908 3894
f 3894 3908 3909
f 3894 3909 3895
f 3895 3909 3910
f 3895 3910 3896
f 3896 3910 3911
f 3896 3911 3897
f 3897 3911 3912
f 3897 3912 3898
f 3898 3912 3913
f 3898 3913 3899
f 3899 3913 3914
f 3899 3914 3900
f 3900 3914 3901
f 3900 3901 3887
f 3901 3915 3916
f 3901 3916 3902
f 3902 3916 3917
f 3902 3917 3903
f 3903 3917 3918
f 3903 3918 3904
f 3904 3918 3919
f 3904 3919 3905
f 3905 3919 3920
f 3905 3920 3906
f 3906 3920 3921
f 3906 3921 3907
f 3907 3921 3922
f 3907 3922 3908
f 3908 3922 3923
f 3908 3923 3909
f 3909 3923 3924
f 3909 3924 3910
f 3910 3924 3925
f 3910 3925 3911
f 3911 3925 3926
f 3911 3926 3912
f 3912 3926 3927
f 3912 3927 3913
f 3913 3927 3928
f 3913 3928 3914
f 3914 3928 3915
f 3914 3915 3901
f 3915 3929 3930
f 3915 3930 3916
f 3916 3930 3931
f 3916 3931 3917
f 3917 3931 3932
f 3917 3932 3918
f 3918 3932 3933
f 3918 3933 3919
f 3919 3933 3934
f 3919 3934 3920
f 3920 3934 3935
f 3920 3935 3921
f 3921 3935 3936
f 3921 3936 3922
f 3922 3936 3937
f 3922 3937 3923
f 3923 3937 3938
f 3923 3938 3924
f 3924 3938 3939
f 3924 3939 3925
f 3925 3939 3940
f 3925 3940 3926
f 3926 3940 3941
f 3926 3941 3927
f 3927 3941 3942
f 3927 3942 3928
f 3928 3942 3929
f 3928 3929 3915
f 4029 3945 3946
f 4030 4016 4015
f 4029 3946 3947
f 4030 4017 4016
f 4029 3947 3948
f 4030 4018 4017
f 4029 3948 3949
f 4030 4019 4018
f 4029 3949 3950
f 4030 4020 4019
f 4029 3950 3951
f 4030 4021 4020
f 4029 3951 3952
f 4030 4022 4021
f 4029 3952 3953
f 4030 4023 4022
f 4029 3953 3954
f 4030 4024 4023
f 4029 3954 3955
f 4030 4025 4024
f 4029 3955 3956
f 4030 4026 4025
f 4029 3956 3957
f 4030 4027 4026
f 4029 3957 3958
f 4030 4028 4027
f 4029 3958 3945
f 4030 4015 4028
f 3945 3959 3960
f 3945 3960 3946
f 3946 3960 3961
f 3946 3961 3947
f 3947 3961 3962
f 3947 3962 3948
f 3948 3962 3963
f 3948 3963 3949
f 3949 3963 3964
f 3949 3964 3950
f 3950 3964 3965
f 3950 3965 3951
f 3951 3965 3966
f 3951 3966 3952
f 3952 3966 3967
f 3952 3967 3953
f 3953 3967 3968
f 3953 3968 3954
f 3954 3968 3969
f 3954 3969 3955
f 3955 3969 3970
f 3955 3970 3956
f 3956 3970 3971
f 3956 3971 3957
f 3957 3971 3972
f 3957 3972 3958
f 3958 3972 3959
f 3958 3959 3945
f 3959 3973 3974
f 3959 3974 3960
f 3960 3974 3975
f 3960 3975 3961
f 3961 3975 3976
f 3961 3976 3962
f 3962 3976 3977
f 3962 3977 3963
f 3963 3977 3978
f 3963 3978 3964
f 3964 3978 3979
f 3964 3979 3965
f 3965 3979 3980
f 3965 3980 3966
f 3966 3980 3981
f 3966 3981 3967
f 3967 3981 3982
f 3967 3982 3968
f 3968 3982 3983
f 3968 3983 3969
f 3969 3983 3984
f 3969 3984 3970
f 3970 3984 3985
f 3970 3985 3971
f 3971 3985 3986
f 3971 3986 3972
f 3972 3986 3973
f 3972 3973 3959
f 3973 3987 3988
f 3973 3988 3974
f 3974 3988 3989
f 3974 3989 3975
f 3975 3989 3990
f 3975 3990 3976
f 3976 3990 3991
f 3976 3991 3977
f 3977 3991 3992
f 3977 3992 3978
f 3978 3992 3993
f 3978 3993 3979
f 3979 3993 3994
f 3979 3994 3980
f 3980 3994 3995
f 3980 3995 3981
f 3981 3995 3996
f 3981 3996 3982
f 3982 3996 3997
f 3982 3997 3983
f 3983 3997 3998
f 3983 3998 3984
f 3984 3998 3999
f 3984 3999 3985
f 3985 3999 4000
f 3985 4000 3986
f 3986 4000 3987
f 3986 3987 3973
f 3987 4001 4002
f 3987 4002 3988
f 3988 4002 4003
f 3988 4003 3989
f 3989 4003 4004
f 3989 4004 3990
f 3990 4004 4005
f 3990 4005 3991
f 3991 4005 4006
f 3991 4006 3992
f 3992 4006 4007
f 3992 4007 3993
f 3993 4007 4008
f 3993 4008 3994
f 3994 4008 4009
f 3994 4009 3995
f 3995 4009 4010
f 3995 4010 3996
f 3996 4010 4011
f 3996 4011 3997
f 3997 4011 4012
f 3997 4012 3998
f 3998 4012 4013
f 3998 4013 3999
f 3999 4013 4014
f 3999 4014 4000
f 4000 4014 4001
f 4000 4001 3987
f 4001 4015 4016
f 4001 4016 4002
f 4002 4016 4017
f 4002 4017 4003
f 4003 4017 4018
f 4003 4018 4004
f 4004 4018 4019
f 4004 4019 4005
f 4005 4019 4020
f 4005 4020 4006
f 4006 4020 4021
f 4006 4021 4007
f 4007 4021 4022
f 4007 4022 4008
f 4008 4022 4023
f 4008 4023 4009
f 4009 4023 4024
f 4009 4024 4010
f 4010 4024 4025
f 4010 4025 4011
f 4011 4025 4026
f 4011 4026 4012
f 4012 4026 4027
f 4012 4027 4013
f 4013 4027 4028
f 4013 4028 4014
f 4014 4028 4015
f 4014 4015 4001
f 4115 4031 4032
f 4116 4102 4101
f 4115 4032 4033
f 4116 4103 4102
f 4115 4033 4034
f 4116 4104 4103
f 4115 4034 4035
f 4116 4105 4104
f 4115 4035 4036
f 4116 4106 4105
f 4115 4036 4037
f 4116 4107 4106
f 4115 4037 4038
f 4116 4108 4107
f 4115 4038 4039
f 4116 4109 4108
f 4115 4039 4040
f 4116 4110 4109
f 4115 4040 4041
f 4116 4111 4110
f 4115 4041 4042
f 4116 4112 4111
f 4115 4042 4043
f 4116 4113 4112
f 4115 4043 4044
f 4116 4114 4113
f 4115 4044 4031
f 4116 4101 4114
f 4031 4045 4046
f 4031 4046 4032
f 4032 4046 4047
f 4032 4047 4033
f 4033 4047 4048
f 4033 4048 4034
f 4034 4048 4049
f 4034 4049 4035
f 4035 4049 4050
f 4035 4050 4036
f 4036 4050 4051
f 4036 4051 4037
f 4037 4051 4052
f 4037 4052 4038
f 4038 4052 4053
f 4038 4053 4039
f 4039 4053 4054
f 4039 4054 4040
f 4040 4054 4055
f 4040 4055 4041
f 4041 4055 4056
f 4041 4056 4042
f 4042 4056 4057
f 4042 4057 4043
f 4043 4057 4058
f 4043 4058 4044
f 4044 4058 4045
f 4044 4045 4031
f 4045 4059 4060
f 4045 4060 4046
f 4046 4060 4061
f 4046 4061 4047
f 4047 4061 4062
f 4047 4062 4048
f 4048 4062 4063
f 4048 4063 4049
f 4049 4063 4064
f 4049 4064 4050
f 4050 4064 4065
f 4050 4065 4051
f 4051 4065 4066
f 4051 4066 4052
f 4052 4066 4067
f 4052 4067 4053
f 4053 4067 4068
f 4053 4068 4054
f 4054 4068 4069
f 4054 4069 4055
f 4055 4069 4070
f 4055 4070 4056
f 4056 4070 4071
f 4056 4071 4057
f 4057 4071 4072
f 4057 4072 4058
f 4058 4072 4059
f 4058 4059 4045
f 4059 4073 4074
f 4059 4074 4060
f 4060 4074 4075
f 4060 4075 4061
f 4061 4075 4076
f 4061 4076 4062
f 4062 4076 4077
f 4062 4077 4063
f 4063 4077 4078
f 4063 4078 4064
f 4064 4078 4079
f 4064 4079 4065
f 4065 4079 4080
f 4065 4080 4066
f 4066 4080 4081
f 4066 4081 4067
f 4067 4081 4082
f 4067 4082 4068
f 4068 4082 4083
f 4068 4083 4069
f 4069 4083 4084
f 4069 4084 4070
f 4070 4084 4085
f 4070 4085 4071
f 4071 4085 4086
f 4071 4086 4072
f 4072 4086 4073
f 4072 4073 4059
f 4073 4087 4088
f 4073 4088 4074
f 4074 4088 4089
f 4074 4089 4075
f 4075 4089 4090
f 4075 4090 4076
f 4076 4090 4091
f 4076 4091 4077
f 4077 4091 4092
f 4077 4092 4078
f 4078 4092 4093
f 4078 4093 4079
f 4079 4093 4094
f 4079 4094 4080
f 4080 4094 4095
f 4080 4095 4081
f 4081 4095 4096
f 4081 4096 4082
f 4082 4096 4097
f 4082 4097 4083
f 4083 4097 4098
f 4083 4098 4084
f 4084 4098 4099
f 4084 4099 4085
f 4085 4099 4100
f 4085 4100 4086
f 4086 4100 4087
f 4086 4087 4073
f 4087 4101 4102
f 4087 4102 4088
f 4088 4102 4103
f 4088 4103 4089
f 4089 4103 4104
f 4089 4104 4090
f 4090 4104 4105
f 4090 4105 4091
f 4091 4105 4106
f 4091 4106 4092
f 4092 4106 4107
f 4092 4107 4093
f 4093 4107 4108
f 4093 4108 4094
f 4094 4108 4109
f 4094 4109 4095
f 4095 4109 4110
f 4095 4110 4096
f 4096 4110 4111
f 4096 4111 4097
f 4097 4111 4112
f 4097 4112 4098
f 4098 4112 4113
f 4098 4113 4099
f 4099 4113 4114
f 4099 4114 4100
f 4100 4114 4101
f 4100 4101 4087
f 4201 4117 4118
f 4202 4188 4187
f 4201 4118 4119
f 4202 4189 4188
f 4201 4119 4120
f 4202 4190 4189
f 4201 4120 4121
f 4202 4191 4190
f 4201 4121 4122
f 4202 4192 4191
f 4201 4122 4123
f 4202 4193 4192
f 4201 4123 4124
f 4202 4194 4193
f 4201 4124 4125
f 4202 4195 4194
f 4201 4125 4126
f 4202 4196 4195
f 4201 4126 4127
f 4202 4197 4196
f 4201 4127 4128
f 4202 4198 4197
f 4201 4128 4129
f 4202 4199 4198
f 4201 4129 4130
f 4202 4200 4199
f 4201 4130 4117
f 4202 4187 4200
f 4117 4131 4132
f 4117 4132 4118
f 4118 4132 4133
f 4118 4133 4119
f 4119 4133 4134
f 4119 4134 4120
f 4120 4134 4135
f 4120 4135 4121
f 4121 4135 4136
f 4121 4136 4122
f 4122 4136 4137
f 4122 4137 4123
f 4123 4137 4138
f 4123 4138 4124
f 4124 4138 4139
f 4124 4139 4125
f 4125 4139 4140
f 4125 4140 4126
f 4126 4140 4141
f 4126 4141 4127
f 4127 4141 4142
f 4127 4142 4128
f 4128 4142 4143
f 4128 4143 4129
f 4129 4143 4144
f 4129 4144 4130
f 4130 4144 4131
f 4130 4131 4117
f 4131 4145 4146
f 4131 4146 4132
f 4132 4146 4147
f 4132 4147 4133
f 4133 4147 4148
f 4133 4148 4134
f 4134 4148 4149
f 4134 4149 4135
f 4135 4149 4150
f 4135 4150 4136
f 4136 4150 4151
f 4136 4151 4137
f 4137 4151 4152
f 4137 4152 4138
f 4138 4152 4153
f 4138 4153 4139
f 4139 4153 4154
f 4139 4154 4140
f 4140 4154 4155
f 4140 4155 4141
f 4141 4155 4156
f 4141 4156 4142
f 4142 4156 4157
f 4142 4157 4143
f 4143 4157 4158
f 4143 4158 4144
f 4144 4158 4145
f 4144 4145 4131
f 4145 4159 4160
f 4145 4160 4146
f 4146 4160 4161
f 4146 4161 4147
f 4147 4161 4162
f 4147 4162 4148
f 4148 4162 4163
f 4148 4163 4149
f 4149 4163 4164
f 4149 4164 4150
f 4150 4164 4165
f 4150 4165 4151
f 4151 4165 4166
f 4151 4166 4152
f 4152 4166 4167
f 4152 4167 4153
f 4153 4167 4168
f 4153 4168 4154
f 4154 4168 4169
f 4154 4169 4155
f 4155 4169 4170
f 4155 4170 4156
f 4156 4170 4171
f 4156 4171 4157
f 4157 4171 4172
f 4157 4172 4158
f 4158 4172 4159
f 4158 4159 4145
f 4159 4173 4174
f 4159 4174 4160
f 4160 4174 4175
f 4160 4175 4161
f 4161 4175 4176
f 4161 4176 4162
f 4162 4176 4177
f 4162 4177 4163
f 4163 4177 4178
f 4163 4178 4164
f 4164 4178 4179
f 4164 4179 4165
f 4165 4179 4180
f 4165 4180 4166
f 4166 4180 4181
f 4166 4181 4167
f 4167 4181 4182
f 4167 4182 4168
f 4168 4182 4183
f 4168 4183 4169
f 4169 4183 4184
f 4169 4184 4170
f 4170 4184 4185
f 4170 4185 4171
f 4171 4185 4186
f 4171 4186 4172
f 4172 4186 4173
f 4172 4173 4159
f 4173 4187 4188
f 4173 4188 4174
f 4174 4188 4189
f 4174 4189 4175
f 4175 4189 4190
f 4175 4190 4176
f 4176 4190 4191
f 4176 4191 4177
f 4177 4191 4192
f 4177 4192 4178
f 4178 4192 4193
f 4178 4193 4179
f 4179 4193 4194
f 4179 4194 4180
f 4180 4194 4195
f 4180 4195 4181
f 4181 4195 4196
f 4181 4196 4182
f 4182 4196 4197
f 4182 4197 4183
f 4183 4197 4198
f 4183 4198 4184
f 4184 4198 4199
f 4184 4199 4185
f 4185 4199 4200
f 4185 4200 4186
f 4186 4200 4187
f 4186 4187 4173
f 4287 4203 4204
f 4288 4274 4273
f 4287 4204 4205
f 4288 4275 4274
f 4287 4205 4206
f 4288 4276 4275
f 4287 4206 4207
f 4288 4277 4276
f 4287 4207 4208
f 4288 4278 4277
f 4287 4208 4209
f 4288 4279 4278
f 4287 4209 4210
f 4288 4280 4279
f 4287 4210 4211
f 4288 4281 4280
f 4287 4211 4212
f 4288 4282 4281
f 4287 4212 4213
f 4288 4283 4282
f 4287 4213 4214
f 4288 4284 4283
f 4287 4214 4215
f 4288 4285 4284
f 4287 4215 4216
f 4288 4286 4285
f 4287 4216 4203
f 4288 4273 4286
f 4203 4217 4218
f 4203 4218 4204
f 4204 4218 4219
f 4204 4219 4205
f 4205 4219 4220
f 4205 4220 4206
f 4206 4220 4221
f 4206 4221 4207
f 4207 4221 4222
f 4207 4222 4208
f 4208 4222 4223
f 4208 4223 4209
f 4209 4223 4224
f 4209 4224 4210
f 4210 4224 4225
f 4210 4225 4211
f 4211 4225 4226
f 4211 4226 4212
f 4212 4226 4227
f 4212 4227 4213
f 4213 4227 4228
f 4213 4228 4214
f 4214 4228 4229
f 4214 4229 4215
f 4215 4229 4230
f 4215 4230 4216
f 4216 4230 4217
f 4216 4217 4203
f 4217 4231 4232
f 4217 4232 4218
f 4218 4232 4233
f 4218 4233 4219
f 4219 4233 4234
f 4219 4234 4220
f 4220 4234 4235
f 4220 4235 4221
f 4221 4235 4236
f 4221 4236 4222
f 4222 4236 4237
f 4222 4237 4223
f 4223 4237 4238
f 4223 4238 4224
f 4224 4238 4239
f 4224 4239 4225
f 4225 4239 4240
f 4225 4240 4226
f 4226 4240 4241
f 4226 4241 4227
f 4227 4241 4242
f 4227 4242 4228
f 4228 4242 4243
f 4228 4243 4229
f 4229 4243 4244
f 4229 4244 4230
f 4230 4244 4231
f 4230 4231 4217
f 4231 4245 4246
f 4231 4246 4232
f 4232 4246 4247
f 4232 4247 4233
f 4233 4247 4248
f 4233 4248 4234
f 4234 4248 4249
f 4234 4249 4235
f 4235 4249 4250
f 4235 4250 4236
f 4236 4250 4251
f 4236 4251 4237
f 4237 4251 4252
f 4237 4252 4238
f 4238 4252 4253
f 4238 4253 4239
f 4239 4253 4254
f 4239 4254 4240
f 4240 4254 4255
f 4240 4255 4241
f 4241 4255 4256
f 4241 4256 4242
f 4242 4256 4257
f 4242 4257 4243
f 4243 4257 4258
f 4243 4258 4244
f 4244 4258 4245
f 4244 4245 4231
f 4245 4259 4260
f 4245 4260 4246
f 4246 4260 4261
f 4246 4261 4247
f 4247 4261 4262
f 4247 4262 4248
f 4248 4262 4263
f 4248 4263 4249
f 4249 4263 4264
f 4249 4264 4250
f 4250 4264 4265
f 4250 4265 4251
f 4251 4265 4266
f 4251 4266 4252
f 4252 4266 4267
f 4252 4267 4253
f 4253 4267 4268
f 4253 4268 4254
f 4254 4268 4269
f 4254 4269 4255
f 4255 4269 4270
f 4255 4270 4256
f 4256 4270 4271
f 4256 4271 4257
f 4257 4271 4272
f 4257 4272 4258
f 4258 4272 4259
f 4258 4259 4245
f 4259 4273 4274
f 4259 4274 4260
f 4260 4274 4275
f 4260 4275 4261
f 4261 4275 4276
f 4261 4276 4262
f 4262 4276 4277
f 4262 4277 4263
f 4263 4277 4278
f 4263 4278 4264
f 4264 4278 4279
f 4264 4279 4265
f 4265 4279 4280
f 4265 4280 4266
f 4266 4280 4281
f 4266 4281 4267
f 4267 4281 4282
f 4267 4282 4268
f 4268 4282 4283
f 4268 4283 4269
f 4269 4283 4284
f 4269 4284 4270
f 4270 4284 4285
f 4270 4285 4271
f 4271 4285 4286
f 4271 4286 4272
f 4272 4286 4273
f 4272 4273 4259
f 4373 4289 4290
f 4374 4360 4359
f 4373 4290 4291
f 4374 4361 4360
f 4373 4291 4292
f 4374 4362 4361
f 4373 4292 4293
f 4374 4363 4362
f 4373 4293 4294
f 4374 4364 4363
f 4373 4294 4295
f 4374 4365 4364
f 4373 4295 4296
f 4374 4366 4365
f 4373 4296 4297
f 4374 4367 4366
f 4373 4297 4298
f 4374 4368 4367
f 4373 4298 4299
f 4374 4369 4368
f 4373 4299 4300
f 4374 4370 4369
f 4373 4300 4301
f 4374 4371 4370
f 4373 4301 4302
f 4374 4372 4371
f 4373 4302 4289
f 4374 4359 4372
f 4289 4303 4304
f 4289 4304 4290
f 4290 4304 4305
f 4290 4305 4291
f 4291 4305 4306
f 4291 4306 4292
f 4292 4306 4307
f 4292 4307 4293
f 4293 4307 4308
f 4293 4308 4294
f 4294 4308 4309
f 4294 4309 4295
f 4295 4309 4310
f 4295 4310 4296
f 4296 4310 4311
f 4296 4311 4297
f 4297 4311 4312
f 4297 4312 4298
f 4298 4312 4313
f 4298 4313 4299
f 4299 4313 4314
f 4299 4314 4300
f 4300 4314 4315
f 4300 4315 4301
f 4301 4315 4316
f 4301 4316 4302
f 4302 4316 4303
f 4302 4303 4289
f 4303 4317 4318
f 4303 4318 4304
f 4304 4318 4319
f 4304 4319 4305
f 4305 4319 4320
f 4305 4320 4306
f 4306 4320 4321
f 4306 4321 4307
f 4307 4321 4322
f 4307 4322 4308
f 4308 4322 4323
f 4308 4323 4309
f 4309 4323 4324
f 4309 4324 4310
f 4310 4324 4325
f 4310 4325 4311
f 4311 4325 4326
f 4311 4326 4312
f 4312 4326 4327
f 4312 4327 4313
f 4313 4327 4328
f 4313 4328 4314
f 4314 4328 4329
f 4314 4329 4315
f 4315 4329 4330
f 4315 4330 4316
f 4316 4330 4317
f 4316 4317 4303
f 4317 4331 4332
f 4317 4332 4318
f 4318 4332 4333
f 4318 4333 4319
f 4319 4333 4334
f 4319 4334 4320
f 4320 4334 4335
f 4320 4335 4321
f 4321 4335 4336
f 4321 4336 4322
f 4322 4336 4337
f 4322 4337 4323
f 4323 4337 4338
f 4323 4338 4324
f 4324 4338 4339
f 4324 4339 4325
f 4325 4339 4340
f 4325 4340 4326
f 4326 4340 4341
f 4326 4341 4327
f 4327 4341 4342
f 4327 4342 4328
f 4328 4342 4343
f 4328 4343 4329
f 4329 4343 4344
f 4329 4344 4330
f 4330 4344 4331
f 4330 4331 4317
f 4331 4345 4346
f 4331 4346 4332
f 4332 4346 4347
f 4332 4347 4333
f 4333 4347 4348
f 4333 4348 4334
f 4334 4348 4349
f 4334 4349 4335
f 4335 4349 4350
f 4335 4350 4336
f 4336 4350 4351
f 4336 4351 4337
f 4337 4351 4352
f 4337 4352 4338
f 4338 4352 4353
f 4338 4353 4339
f 4339 4353 4354
f 4339 4354 4340
f 4340 4354 4355
f 4340 4355 4341
f 4341 4355 4356
f 4341 4356 4342
f 4342 4356 4357
f 4342 4357 4343
f 4343 4357 4358
f 4343 4358 4344
f 4344 4358 4345
f 4344 4345 4331
f 4345 4359 4360
f 4345 4360 4346
f 4346 4360 4361
f 4346 4361 4347
f 4347 4361 4362
f 4347 4362 4348
f 4348 4362 4363
f 4348 4363 4349
f 4349 4363 4364
f 4349 4364 4350
f 4350 4364 4365
f 4350 4365 4351
f 4351 4365 4366
f 4351 4366 4352
f 4352 4366 4367
f 4352 4367 4353
f 4353 4367 4368
f 4353 4368 4354
f 4354 4368 4369
f 4354 4369 4355
f 4355 4369 4370
f 4355 4370 4356
f 4356 4370 4371
f 4356 4371 4357
f 4357 4371 4372
f 4357 4372 4358
f 4358 4372 4359
f 4358 4359 4345
f 4459 4375 4376
f 4460 4446 4445
f 4459 4376 4377
f 4460 4447 4446
f 4459 4377 4378
f 4460 4448 4447
f 4459 4378 4379
f 4460 4449 4448
f 4459 4379 4380
f 4460 4450 4449
f 4459 4380 4381
f 4460 4451 4450
f 4459 4381 4382
f 4460 4452 4451
f 4459 4382 4383
f 4460 4453 4452
f 4459 4383 4384
f 4460 4454 4453
f 4459 4384 4385
f 4460 4455 4454
f 4459 4385 4386
f 4460 4456 4455
f 4459 4386 4387
f 4460 4457 4456
f 4459 4387 4388
f 4460 4458 4457
f 4459 4388 4375
f 4460 4445 4458
f 4375 4389 4390
f 4375 4390 4376
f 4376 4390 4391
f 4376 4391 4377
f 4377 4391 4392
f 4377 4392 4378
f 4378 4392 4393
f 4378 4393 4379
f 4379 4393 4394
f 4379 4394 4380
f 4380 4394 4395
f 4380 4395 4381
f 4381 4395 4396
f 4381 4396 4382
f 4382 4396 4397
f 4382 4397 4383
f 4383 4397 4398
f 4383 4398 4384
f 4384 4398 4399
f 4384 4399 4385
f 4385 4399 4400
f 4385 4400 4386
f 4386 4400 4401
f 4386 4401 4387
f 4387 4401 4402
f 4387 4402 4388
f 4388 4402 4389
f 4388 4389 4375
f 4389 4403 4404
f 4389 4404 4390
f 4390 4404 4405
f 4390 4405 4391
f 4391 4405 4406
f 4391 4406 4392
f 4392 4406 4407
f 4392 4407 4393
f 4393 4407 4408
f 4393 4408 4394
f 4394 4408 4409
f 4394 4409 4395
f 4395 4409 4410
f 4395 4410 4396
f 4396 4410 4411
f 4396 4411 4397
f 4397 4411 4412
f 4397 4412 4398
f 4398 4412 4413
f 4398 4413 4399
f 4399 4413 4414
f 4399 4414 4400
f 4400 4414 4415
f 4400 4415 4401
f 4401 4415 4416
f 4401 4416 4402
f 4402 4416 4403
f 4402 4403 4389
f 4403 4417 4418
f 4403 4418 4404
f 4404 4418 4419
f 4404 4419 4405
f 4405 4419 4420
f 4405 4420 4406
f 4406 4420 4421
f 4406 4421 4407
f 4407 4421 4422
f 4407 4422 4408
f 4408 4422 4423
f 4408 4423 4409
f 4409 4423 4424
f 4409 4424 4410
f 4410 4424 4425
f 4410 4425 4411
f 4411 4425 4426
f 4411 4426 4412
f 4412 4426 4427
f 4412 4427 4413
f 4413 4427 4428
f 4413 4428 4414
f 4414 4428 4429
f 4414 4429 4415
f 4415 4429 4430
f 4415 4430 4416
f 4416 4430 4417
f 4416 4417 4403
f 4417 4431 4432
f 4417 4432 4418
f 4418 4432 4433
f 4418 4433 4419
f 4419 4433 4434
f 4419 4434 4420
f 4420 4434 4435
f 4420 4435 4421
f 4421 4435 4436
f 4421 4436 4422
f 4422 4436 4437
f 4422 4437 4423
f 4423 4437 4438
f 4423 4438 4424
f 4424 4438 4439
f 4424 4439 4425
f 4425 4439 4440
f 4425 4440 4426
f 4426 4440 4441
f 4426 4441 4427
f 4427 4441 4442
f 4427 4442 4428
f 4428 4442 4443
f 4428 4443 4429
f 4429 4443 4444
f 4429 4444 4430
f 4430 4444 4431
f 4430 4431 4417
f 4431 4445 4446
f 4431 4446 4432
f 4432 4446 4447
f 4432 4447 4433
f 4433 4447 4448
f 4433 4448 4434
f 4434 4448 4449
f 4434 4449 4435
f 4435 4449 4450
f 4435 4450 4436
f 4436 4450 4451
f 4436 4451 4437
f 4437 4451 4452
f 4437 4452 4438
f 4438 4452 4453
f 4438 4453 4439
f 4439 4453 4454
f 4439 4454 4440
f 4440 4454 4455
f 4440 4455 4441
f 4441 4455 4456
f 4441 4456 4442
f 4442 4456 4457
f 4442 4457 4443
f 4443 4457 4458
f 4443 4458 4444
f 4444 4458 4445
f 4444 4445 4431
f 4545 4461 4462
f 4546 4532 4531
f 4545 4462 4463
f 4546 4533 4532
f 4545 4463 4464
f 4546 4534 4533
f 4545 4464 4465
f 4546 4535 4534
f 4545 4465 4466
f 4546 4536 4535
f 4545 4466 4467
f 4546 4537 4536
f 4545 4467 4468
f 4546 4538 4537
f 4545 4468 4469
f 4546 4539 4538
f 4545 4469 4470
f 4546 4540 4539
f 4545 4470 4471
f 4546 4541 4540
f 4545 4471 4472
f 4546 4542 4541
f 4545 4472 4473
f 4546 4543 4542
f 4545 4473 4474
f 4546 4544 4543
f 4545 4474 4461
f 4546 4531 4544
f 4461 4475 4476
f 4461 4476 4462
f 4462 4476 4477
f 4462 4477 4463
f 4463 4477 4478
f 4463 4478 4464
f 4464 4478 4479
f 4464 4479 4465
f 4465 4479 4480
f 4465 4480 4466
f 4466 4480 4481
f 4466 4481 4467
f 4467 4481 4482
f 4467 4482 4468
f 4468 4482 4483
f 4468 4483 4469
f 4469 4483 4484
f 4469 4484 4470
f 4470 4484 4485
f 4470 4485 4471
f 4471 4485 4486
f 4471 4486 4472
f 4472 4486 4487
f 4472 4487 4473
f 4473 4487 4488
f 4473 4488 4474
f 4474 4488 4475
f 4474 4475 4461
f 4475 4489 4490
f 4475 4490 4476
f 4476 4490 4491
f 4476 4491 4477
f 4477 4491 4492
f 4477 4492 4478
f 4478 4492 4493
f 4478 4493 4479
f 4479 4493 4494
f 4479 4494 4480
f 4480 4494 4495
f 4480 4495 4481
f 4481 4495 4496
f 4481 4496 4482
f 4482 4496 4497
f 4482 4497 4483
f 4483 4497 4498
f 4483 4498 4484
f 4484 4498 4499
f 4484 4499 4485
f 4485 4499 4500
f 4485 4500 4486
f 4486 4500 4501
f 4486 4501 4487
f 4487 4501 4502
f 4487 4502 4488
f 4488 4502 4489
f 4488 4489 4475
f 4489 4503 4504
f 4489 4504 4490
f 4490 4504 4505
f 4490 4505 4491
f 4491 4505 4506
f 4491 4506 4492
f 4492 4506 4507
f 4492 4507 4493
f 4493 4507 4508
f 4493 4508 4494
f 4494 4508 4509
f 4494 4509 4495
f 4495 4509 4510
f 4495 4510 4496
f 4496 4510 4511
f 4496 4511 4497
f 4497 4511 4512
f 4497 4512 4498
f 4498 4512 4513
f 4498 4513 4499
f 4499 4513 4514
f 4499 4514 4500
f 4500 4514 4515
f 4500 4515 4501
f 4501 4515 4516
f 4501 4516 4502
f 4502 4516 4503
f 4502 4503 4489
f 4503 4517 4518
f 4503 4518 4504
f 4504 4518 4519
f 4504 4519 4505
f 4505 4519 4520
f 4505 4520 4506
f 4506 4520 4521
f 4506 4521 4507
f 4507 4521 4522
f 4507 4522 4508
f 4508 4522 4523
f 4508 4523 4509
f 4509 4523 4524
f 4509 4524 4510
f 4510 4524 4525
f 4510 4525 4511
f 4511 4525 4526
f 4511 4526 4512
f 4512 4526 4527
f 4512 4527 4513
f 4513 4527 4528
f 4513 4528 4514
f 4514 4528 4529
f 4514 4529 4515
f 4515 4529 4530
f 4515 4530 4516
f 4516 4530 4517
f 4516 4517 4503
f 4517 4531 4532
f 4517 4532 4518
f 4518 4532 4533
f 4518 4533 4519
f 4519 4533 4534
f 4519 4534 4520
f 4520 4534 4535
f 4520 4535 4521
f 4521 4535 4536
f 4521 4536 4522
f 4522 4536 4537
f 4522 4537 4523
f 4523 4537 4538
f 4523 4538 4524
f 4524 4538 4539
f 4524 4539 4525
f 4525 4539 4540
f 4525 4540 4526
f 4526 4540 4541
f 4526 4541 4527
f 4527 4541 4542
f 4527 4542 4528
f 4528 4542 4543
f 4528 4543 4529
f 4529 4543 4544
f 4529 4544 4530
f 4530 4544 4531
f 4530 4531 4517
f 4631 4547 4548
f 4632 4618 4617
f 4631 4548 4549
f 4632 4619 4618
f 4631 4549 4550
f 4632 4620 4619
f 4631 4550 4551
f 4632 4621 4620
f 4631 4551 4552
f 4632 4622 4621
f 4631 4552 4553
f 4632 4623 4622
f 4631 4553 4554
f 4632 4624 4623
f 4631 4554 4555
f 4632 4625 4624
f 4631 4555 4556
f 4632 4626 4625
f 4631 4556 4557
f 4632 4627 4626
f 4631 4557 4558
f 4632 4628 4627
f 4631 4558 4559
f 4632 4629 4628
f 4631 4559 4560
f 4632 4630 4629
f 4631 4560 4547
f 4632 4617 4630
f 4547 4561 4562
f 4547 4562 4548
f 4548 4562 4563
f 4548 4563 4549
f 4549 4563 4564
f 4549 4564 4550
f 4550 4564 4565
f 4550 4565 4551
f 4551 4565 4566
f 4551 4566 4552
f 4552 4566 4567
f 4552 4567 4553
f 4553 4567 4568
f 4553 4568 4554
f 4554 4568 4569
f 4554 4569 4555
f 4555 4569 4570
f 4555 4570 4556
f 4556 4570 4571
f 4556 4571 4557
f 4557 4571 4572
f 4557 4572 4558
f 4558 4572 4573
f 4558 4573 4559
f 4559 4573 4574
f 4559 4574 4560
f 4560 4574 4561
f 4560 4561 4547
f 4561 4575 4576
f 4561 4576 4562
f 4562 4576 4577
f 4562 4577 4563
f 4563 4577 4578
f 4563 4578 4564
f 4564 4578 4579
f 4564 4579 4565
f 4565 4579 4580
f 4565 4580 4566
f 4566 4580 4581
f 4566 4581 4567
f 4567 4581 4582
f 4567 4582 4568
f 4568 4582 4583
f 4568 4583 4569
f 4569 4583 4584
f 4569 4584 4570
f 4570 4584 4585
f 4570 4585 4571
f 4571 4585 4586
f 4571 4586 4572
f 4572 4586 4587
f 4572 4587 4573
f 4573 4587 4588
f 4573 4588 4574
f 4574 4588 4575
f 4574 4575 4561
f 4575 4589 4590
f 4575 4590 4576
f 4576 4590 4591
f 4576 4591 4577
f 4577 4591 4592
f 4577 4592 4578
f 4578 4592 4593
f 4578 4593 4579
f 4579 4593 4594
f 4579 4594 4580
f 4580 4594 4595
f 4580 4595 4581
f 4581 4595 4596
f 4581 4596 4582
f 4582 4596 4597
f 4582 4597 4583
f 4583 4597 4598
f 4583 4598 4584
f 4584 4598 4599
f 4584 4599 4585
f 4585 4599 4600
f 4585 4600 4586
f 4586 4600 4601
f 4586 4601 4587
f 4587 4601 4602
f 4587 4602 4588
f 4588 4602 4589
f 4588 4589 4575
f 4589 4603 4604
f 4589 4604 4590
f 4590 4604 4605
f 4590 4605 4591
f 4591 4605 4606
f 4591 4606 4592
f 4592 4606 4607
f 4592 4607 4593
f 4593 4607 4608
f 4593 4608 4594
f 4594 4608 4609
f 4594 4609 4595
f 4595 4609 4610
f 4595 4610 4596
f 4596 4610 4611
f 4596 4611 4597
f 4597 4611 4612
f 4597 4612 4598
f 4598 4612 4613
f 4598 4613 4599
f 4599 4613 4614
f 4599 4614 4600
f 4600 4614 4615
f 4600 4615 4601
f 4601 4615 4616
f 4601 4616 4602
f 4602 4616 4603
f 4602 4603 4589
f 4603 4617 4618
f 4603 4618 4604
f 4604 4618 4619
f 4604 4619 4605
f 4605 4619 4620
f 4605 4620 4606
f 4606 4620 4621
f 4606 4621 4607
f 4607 4621 4622
f 4607 4622 4608
f 4608 4622 4623
f 4608 4623 4609
f 4609 4623 4624
f 4609 4624 4610
f 4610 4624 4625
f 4610 4625 4611
f 4611 4625 4626
f 4611 4626 4612
f 4612 4626 4627
f 4612 4627 4613
f 4613 4627 4628
f 4613 4628 4614
f 4614 4628 4629
f 4614 4629 4615
f 4615 4629 4630
f 4615 4630 4616
f 4616 4630 4617
f 4616 4617 4603
f 4717 4633 4634
f 4718 4704 4703
f 4717 4634 4635
f 4718 4705 4704
f 4717 4635 4636
f 4718 4706 4705
f 4717 4636 4637
f 4718 4707 4706
f 4717 4637 4638
f 4718 4708 4707
f 4717 4638 4639
f 4718 4709 4708
f 4717 4639 4640
f 4718 4710 4709
f 4717 4640 4641
f 4718 4711 4710
f 4717 4641 4642
f 4718 4712 4711
f 4717 4642 4643
f 4718 4713 4712
f 4717 4643 4644
f 4718 4714 4713
f 4717 4644 4645
f 4718 4715 4714
f 4717 4645 4646
f 4718 4716 4715
f 4717 4646 4633
f 4718 4703 4716
f 4633 4647 4648
f 4633 4648 4634
f 4634 4648 4649
f 4634 4649 4635
f 4635 4649 4650
f 4635 4650 4636
f 4636 4650 4651
f 4636 4651 4637
f 4637 4651 4652
f 4637 4652 4638
f 4638 4652 4653
f 4638 4653 4639
f 4639 4653 4654
f 4639 4654 4640
f 4640 4654 4655
f 4640 4655 4641
f 4641 4655 4656
f 4641 4656 4642
f 4642 4656 4657
f 4642 4657 4643
f 4643 4657 4658
f 4643 4658 4644
f 4644 4658 4659
f 4644 4659 4645
f 4645 4659 4660
f 4645 4660 4646
f 4646 4660 4647
f 4646 4647 4633
f 4647 4661 4662
f 4647 4662 4648
f 4648 4662 4663
f 4648 4663 4649
f 4649 4663 4664
f 4649 4664 4650
f 4650 4664 4665
f 4650 4665 4651
f 4651 4665 4666
f 4651 4666 4652
f 4652 4666 4667
f 4652 4667 4653
f 4653 4667 4668
f 4653 4668 4654
f 4654 4668 4669
f 4654 4669 4655
f 4655 4669 4670
f 4655 4670 4656
f 4656 4670 4671
f 4656 4671 4657
f 4657 4671 4672
f 4657 4672 4658
f 4658 4672 4673
f 4658 4673 4659
f 4659 4673 4674
f 4659 4674 4660
f 4660 4674 4661
f 4660 4661 4647
f 4661 4675 4676
f 4661 4676 4662
f 4662 4676 4677
f 4662 4677 4663
f 4663 4677 4678
f 4663 4678 4664
f 4664 4678 4679
f 4664 4679 4665
f 4665 4679 4680
f 4665 4680 4666
f 4666 4680 4681
f 4666 4681 4667
f 4667 4681 4682
f 4667 4682 4668
f 4668 4682 4683
f 4668 4683 4669
f 4669 4683 4684
f 4669 4684 4670
f 4670 4684 4685
f 4670 4685 4671
f 4671 4685 4686
f 4671 4686 4672
f 4672 4686 4687
f 4672 4687 4673
f 4673 4687 4688
f 4673 4688 4674
f 4674 4688 4675
f 4674 4675 4661
f 4675 4689 4690
f 4675 4690 4676
f 4676 4690 4691
f 4676 4691 4677
f 4677 4691 4692
f 4677 4692 4678
f 4678 4692 4693
f 4678 4693 4679
f 4679 4693 4694
f 4679 4694 4680
f 4680 4694 4695
f 4680 4695 4681
f 4681 4695 4696
f 4681 4696 4682
f 4682 4696 4697
f 4682 4697 4683
f 4683 4697 4698
f 4683 4698 4684
f 4684 4698 4699
f 4684 4699 4685
f 4685 4699 4700
f 4685 4700 4686
f 4686 4700 4701
f 4686 4701 4687
f 4687 4701 4702
f 4687 4702 4688
f 4688 4702 4689
f 4688 4689 4675
f 4689 4703 4704
f 4689 4704 4690
f 4690 4704 4705
f 4690 4705 4691
f 4691 4705 4706
f 4691 4706 4692
f 4692 4706 4707
f 4692 4707 4693
f 4693 4707 4708
f 4693 4708 4694
f 4694 4708 4709
f 4694 4709 4695
f 4695 4709 4710
f 4695 4710 4696
f 4696 4710 4711
f 4696 4711 4697
f 4697 4711 4712
f 4697 4712 4698
f 4698 4712 4713
f 4698 4713 4699
f 4699 4713 4714
f 4699 4714 4700
f 4700 4714 4715
f 4700 4715 4701
f 4701 4715 4716
f 4701 4716 4702
f 4702 4716 4703
f 4702 4703 4689
f 4803 4719 4720
f 4804 4790 4789
f 4803 4720 4721
f 4804 4791 4790
f 4803 4721 4722
f 4804 4792 4791
f 4803 4722 4723
f 4804 4793 4792
f 4803 4723 4724
f 4804 4794 4793
f 4803 4724 4725
f 4804 4795 4794
f 4803 4725 4726
f 4804 4796 4795
f 4803 4726 4727
f 4804 4797 4796
f 4803 4727 4728
f 4804 4798 4797
f 4803 4728 4729
f 4804 4799 4798
f 4803 4729 4730
f 4804 4800 4799
f 4803 4730 4731
f 4804 4801 4800
f 4803 4731 4732
f 4804 4802 4801
f 4803 4732 4719
f 4804 4789 4802
f 4719 4733 4734
f 4719 4734 4720
f 4720 4734 4735
f 4720 4735 4721
f 4721 4735 4736
f 4721 4736 4722
f 4722 4736 4737
f 4722 4737 4723
f 4723 4737 4738
f 4723 4738 4724
f 4724 4738 4739
f 4724 4739 4725
f 4725 4739 4740
f 4725 4740 4726
f 4726 4740 4741
f 4726 4741 4727
f 4727 4741 4742
f 4727 4742 4728
f 4728 4742 4743
f 4728 4743 4729
f 4729 4743 4744
f 4729 4744 4730
f 4730 4744 4745
f 4730 4745 4731
f 4731 4745 4746
f 4731 4746 4732
f 4732 4746 4733
f 4732 4733 4719
f 4733 4747 4748
f 4733 4748 4734
f 4734 4748 4749
f 4734 4749 4735
f 4735 4749 4750
f 4735 4750 4736
f 4736 4750 4751
f 4736 4751 4737
f 4737 4751 4752
f 4737 4752 4738
f 4738 4752 4753
f 4738 4753 4739
f 4739 4753 4754
f 4739 4754 4740
f 4740 4754 4755
f 4740 4755 4741
f 4741 4755 4756
f 4741 4756 4742
f 4742 4756 4757
f 4742 4757 4743
f 4743 4757 4758
f 4743 4758 4744
f 4744 4758 4759
f 4744 4759 4745
f 4745 4759 4760
f 4745 4760 4746
f 4746 4760 4747
f 4746 4747 4733
f 4747 4761 4762
f 4747 4762 4748
f 4748 4762 4763
f 4748 4763 4749
f 4749 4763 4764
f 4749 4764 4750
f 4750 4764 4765
f 4750 4765 4751
f 4751 4765 4766
f 4751 4766 4752
f 4752 4766 4767
f 4752 4767 4753
f 4753 4767 4768
f 4753 4768 4754
f 4754 4768 4769
f 4754 4769 4755
f 4755 4769 4770
f 4755 4770 4756
f 4756 4770 4771
f 4756 4771 4757
f 4757 4771 4772
f 4757 4772 4758
f 4758 4772 4773
f 4758 4773 4759
f 4759 4773 4774
f 4759 4774 4760
f 4760 4774 4761
f 4760 4761 4747
f 4761 4775 4776
f 4761 4776 4762
f 4762 4776 4777
f 4762 4777 4763
f 4763 4777 4778
f 4763 4778 4764
f 4764 4778 4779
f 4764 4779 4765
f 4765 4779 4780
f 4765 4780 4766
f 4766 4780 4781
f 4766 4781 4767
f 4767 4781 4782
f 4767 4782 4768
f 4768 4782 4783
f 4768 4783 4769
f 4769 4783 4784
f 4769 4784 4770
f 4770 4784 4785
f 4770 4785 4771
f 4771 4785 4786
f 4771 4786 4772
f 4772 4786 4787
f 4772 4787 4773
f 4773 4787 4788
f 4773 4788 4774
f 4774 4788 4775
f 4774 4775 4761
f 4775 4789 4790
f 4775 4790 4776
f 4776 4790 4791
f 4776 4791 4777
f 4777 4791 4792
f 4777 4792 4778
f 4778 4792 4793
f 4778 4793 4779
f 4779 4793 4794
f 4779 4794 4780
f 4780 4794 4795
f 4780 4795 4781
f 4781 4795 4796
f 4781 4796 4782
f 4782 4796 4797
f 4782 4797 4783
f 4783 4797 4798
f 4783 4798 4784
f 4784 4798 4799
f 4784 4799 4785
f 4785 4799 4800
f 4785 4800 4786
f 4786 4800 4801
f 4786 4801 4787
f 4787 4801 4802
f 4787 4802 4788
f 4788 4802 4789
f 4788 4789 4775
f 4889 4805 4806
f 4890 4876 4875
f 4889 4806 4807
f 4890 4877 4876
f 4889 4807 4808
f 4890 4878 4877
f 4889 4808 4809
f 4890 4879 4878
f 4889 4809 4810
f 4890 4880 4879
f 4889 4810 4811
f 4890 4881 4880
f 4889 4811 4812
f 4890 4882 4881
f 4889 4812 4813
f 4890 4883 4882
f 4889 4813 4814
f 4890 4884 4883
f 4889 4814 4815
f 4890 4885 4884
f 4889 4815 4816
f 4890 4886 4885
f 4889 4816 4817
f 4890 4887 4886
f 4889 4817 4818
f 4890 4888 4887
f 4889 4818 4805
f 4890 4875 4888
f 4805 4819 4820
f 4805 4820 4806
f 4806 4820 4821
f 4806 4821 4807
f 4807 4821 4822
f 4807 4822 4808
f 4808 4822 4823
f 4808 4823 4809
f 4809 4823 4824
f 4809 4824 4810
f 4810 4824 4825
f 4810 4825 4811
f 4811 4825 4826
f 4811 4826 4812
f 4812 4826 4827
f 4812 4827 4813
f 4813 4827 4828
f 4813 4828 4814
f 4814 4828 4829
f 4814 4829 4815
f 4815 4829 4830
f 4815 4830 4816
f 4816 4830 4831
f 4816 4831 4817
f 4817 4831 4832
f 4817 4832 4818
f 4818 4832 4819
f 4818 4819 4805
f 4819 4833 4834
f 4819 4834 4820
f 4820 4834 4835
f 4820 4835 4821
f 4821 4835 4836
f 4821 4836 4822
f 4822 4836 4837
f 4822 4837 4823
f 4823 4837 4838
f 4823 4838 4824
f 4824 4838 4839
f 4824 4839 4825
f 4825 4839 4840
f 4825 4840 4826
f 4826 4840 4841
f 4826 4841 4827
f 4827 4841 4842
f 4827 4842 4828
f 4828 4842 4843
f 4828 4843 4829
f 4829 4843 4844
f 4829 4844 4830
f 4830 4844 4845
f 4830 4845 4831
f 4831 4845 4846
f 4831 4846 4832
f 4832 4846 4833
f 4832 4833 4819
f 4833 4847 4848
f 4833 4848 4834
f 4834 4848 4849
f 4834 4849 4835
f 4835 4849 4850
f 4835 4850 4836
f 4836 4850 4851
f 4836 4851 4837
f 4837 4851 4852
f 4837 4852 4838
f 4838 4852 4853
f 4838 4853 4839
f 4839 4853 4854
f 4839 4854 4840
f 4840 4854 4855
f 4840 4855 4841
f 4841 4855 4856
f 4841 4856 4842
f 4842 4856 4857
f 4842 4857 4843
f 4843 4857 4858
f 4843 4858 4844
f 4844 4858 4859
f 4844 4859 4845
f 4845 4859 4860
f 4845 4860 4846
f 4846 4860 4847
f 4846 4847 4833
f 4847 4861 4862
f 4847 4862 4848
f 4848 4862 4863
f 4848 4863 4849
f 4849 4863 4864
f 4849 4864 4850
f 4850 4864 4865
f 4850 4865 4851
f 4851 4865 4866
f 4851 4866 4852
f 4852 4866 4867
f 4852 4867 4853
f 4853 4867 4868
f 4853 4868 4854
f 4854 4868 4869
f 4854 4869 4855
f 4855 4869 4870
f 4855 4870 4856
f 4856 4870 4871
f 4856 4871 4857
f 4857 4871 4872
f 4857 4872 4858
f 4858 4872 4873
f 4858 4873 4859
f 4859 4873 4874
f 4859 4874 4860
f 4860 4874 4861
f 4860 4861 4847
f 4861 4875 4876
f 4861 4876 4862
f 4862 4876 4877
f 4862 4877 4863
f 4863 4877 4878
f 4863 4878 4864
f 4864 4878 4879
f 4864 4879 4865
f 4865 4879 4880
f 4865 4880 4866
f 4866 4880 4881
f 4866 4881 4867
f 4867 4881 4882
f 4867 4882 4868
f 4868 4882 4883
f 4868 4883 4869
f 4869 4883 4884
f 4869 4884 4870
f 4870 4884 4885
f 4870 4885 4871
f 4871 4885 4886
f 4871 4886 4872
f 4872 4886 4887
f 4872 4887 4873
f 4873 4887 4888
f 4873 4888 4874
f 4874 4888 4875
f 4874 4875 4861
f 4975 4891 4892
f 4976 4962 4961
f 4975 4892 4893
f 4976 4963 4962
f 4975 4893 4894
f 4976 4964 4963
f 4975 4894 4895
f 4976 4965 4964
f 4975 4895 4896
f 4976 4966 4965
f 4975 4896 4897
f 4976 4967 4966
f 4975 4897 4898
f 4976 4968 4967
f 4975 4898 4899
f 4976 4969 4968
f 4975 4899 4900
f 4976 4970 4969
f 4975 4900 4901
f 4976 4971 4970
f 4975 4901 4902
f 4976 4972 4971
f 4975 4902 4903
f 4976 4973 4972
f 4975 4903 4904
f 4976 4974 4973
f 4975 4904 4891
f 4976 4961 4974
f 4891 4905 4906
f 4891 4906 4892
f 4892 4906 4907
f 4892 4907 4893
f 4893 4907 4908
f 4893 4908 4894
f 4894 4908 4909
f 4894 4909 4895
f 4895 4909 4910
f 4895 4910 4896
f 4896 4910 4911
f 4896 4911 4897
f 4897 4911 4912
f 4897 4912 4898
f 4898 4912 4913
f 4898 4913 4899
f 4899 4913 4914
f 4899 4914 4900
f 4900 4914 4915
f 4900 4915 4901
f 4901 4915 4916
f 4901 4916 4902
f 4902 4916 4917
f 4902 4917 4903
f 4903 4917 4918
f 4903 4918 4904
f 4904 4918 4905
f 4904 4905 4891
f 4905 4919 4920
f 4905 4920 4906
f 4906 4920 4921
f 4906 4921 4907
f 4907 4921 4922
f 4907 4922 4908
f 4908 4922 4923
f 4908 4923 4909
f 4909 4923 4924
f 4909 4924 4910
f 4910 4924 4925
f 4910 4925 4911
f 4911 4925 4926
f 4911 4926 4912
f 4912 4926 4927
f 4912 4927 4913
f 4913 4927 4928
f 4913 4928 4914
f 4914 4928 4929
f 4914 4929 4915
f 4915 4929 4930
f 4915 4930 4916
f 4916 4930 4931
f 4916 4931 4917
f 4917 4931 4932
f 4917 4932 4918
f 4918 4932 4919
f 4918 4919 4905
f 4919 4933 4934
f 4919 4934 4920
f 4920 4934 4935
f 4920 4935 4921
f 4921 4935 4936
f 4921 4936 4922
f 4922 4936 4937
f 4922 4937 4923
f 4923 4937 4938
f 4923 4938 4924
f 4924 4938 4939
f 4924 4939 4925
f 4925 4939 4940
f 4925 4940 4926
f 4926 4940 4941
f 4926 4941 4927
f 4927 4941 4942
f 4927 4942 4928
f 4928 4942 4943
f 4928 4943 4929
f 4929 4943 4944
f 4929 4944 4930
f 4930 4944 4945
f 4930 4945 4931
f 4931 4945 4946
f 4931 4946 4932
f 4932 4946 4933
f 4932 4933 4919
f 4933 4947 4948
f 4933 4948 4934
f 4934 4948 4949
f 4934 4949 4935
f 4935 4949 4950
f 4935 4950 4936
f 4936 4950 4951
f 4936 4951 4937
f 4937 4951 4952
f 4937 4952 4938
f 4938 4952 4953
f 4938 4953 4939
f 4939 4953 4954
f 4939 4954 4940
f 4940 4954 4955
f 4940 4955 4941
f 4941 4955 4956
f 4941 4956 4942
f 4942 4956 4957
f 4942 4957 4943
f 4943 4957 4958
f 4943 4958 4944
f 4944 4958 4959
f 4944 4959 4945
f 4945 4959 4960
f 4945 4960 4946
f 4946 4960 4947
f 4946 4947 4933
f 4947 4961 4962
f 4947 4962 4948
f 4948 4962 4963
f 4948 4963 4949
f 4949 4963 4964
f 4949 4964 4950
f 4950 4964 4965
f 4950 4965 4951
f 4951 4965 4966
f 4951 4966 4952
f 4952 4966 4967
f 4952 4967 4953
f 4953 4967 4968
f 4953 4968 4954
f 4954 4968 4969
f 4954 4969 4955
f 4955 4969 4970
f 4955 4970 4956
f 4956 4970 4971
f 4956 4971 4957
f 4957 4971 4972
f 4957 4972 4958
f 4958 4972 4973
f 4958 4973 4959
f 4959 4973 4974
f 4959 4974 4960
f 4960 4974 4961
f 4960 4961 4947
f 4977 4979 4980
f 4977 4980 4978
f 4979 4981 4982
f 4979 4982 4980
f 4981 4983 4984
f 4981 4984 4982
f 4983 4985 4986
f 4983 4986 4984
f 4985 4987 4988
f 4985 4988 4986
f 4987 4989 4990
f 4987 4990 4988
f 4989 4991 4992
f 4989 4992 4990
f 4991 4993 4994
f 4991 4994 4992
f 4993 4995 4996
f 4993 4996 4994
f 4995 4977 4978
f 4995 4978 4996
f 5057 4997 4998
f 5058 5046 5045
f 5057 4998 4999
f 5058 5047 5046
f 5057 4999 5000
f 5058 5048 5047
f 5057 5000 5001
f 5058 5049 5048
f 5057 5001 5002
f 5058 5050 5049
f 5057 5002 5003
f 5058 5051 5050
f 5057 5003 5004
f 5058 5052 5051
f 5057 5004 5005
f 5058 5053 5052
f 5057 5005 5006
f 5058 5054 5053
f 5057 5006 5007
f 5058 5055 5054
f 5057 5007 5008
f 5058 5056 5055
f 5057 5008 4997
f 5058 5045 5056
f 4997 5009 5010
f 4997 5010 4998
f 4998 5010 5011
f 4998 5011 4999
f 4999 5011 5012
f 4999 5012 5000
f 5000 5012 5013
f 5000 5013 5001
f 5001 5013 5014
f 5001 5014 5002
f 5002 5014 5015
f 5002 5015 5003
f 5003 5015 5016
f 5003 5016 5004
f 5004 5016 5017
f 5004 5017 5005
f 5005 5017 5018
f 5005 5018 5006
f 5006 5018 5019
f 5006 5019 5007
f 5007 5019 5020
f 5007 5020 5008
f 5008 5020 5009
f 5008 5009 4997
f 5009 5021 5022
f 5009 5022 5010
f 5010 5022 5023
f 5010 5023 5011
f 5011 5023 5024
f 5011 5024 5012
f 5012 5024 5025
f 5012 5025 5013
f 5013 5025 5026
f 5013 5026 5014
f 5014 5026 5027
f 5014 5027 5015
f 5015 5027 5028
f 5015 5028 5016
f 5016 5028 5029
f 5016 5029 5017
f 5017 5029 5030
f 5017 5030 5018
f 5018 5030 5031
f 5018 5031 5019
f 5019 5031 5032
f 5019 5032 5020
f 5020 5032 5021
f 5020 5021 5009
f 5021 5033 5034
f 5021 5034 5022
f 5022 5034 5035
f 5022 5035 5023
f 5023 5035 5036
f 5023 5036 5024
f 5024 5036 5037
f 5024 5037 5025
f 5025 5037 5038
f 5025 5038 5026
f 5026 5038 5039
f 5026 5039 5027
f 5027 5039 5040
f 5027 5040 5028
f 5028 5040 5041
f 5028 5041 5029
f 5029 5041 5042
f 5029 5042 5030
f 5030 5042 5043
f 5030 5043 5031
f 5031 5043 5044
f 5031 5044 5032
f 5032 5044 5033
f 5032 5033 5021
f 5033 5045 5046
f 5033 5046 5034
f 5034 5046 5047
f 5034 5047 5035
f 5035 5047 5048
f 5035 5048 5036
f 5036 5048 5049
f 5036 5049 5037
f 5037 5049 5050
f 5037 5050 5038
f 5038 5050 5051
f 5038 5051 5039
f 5039 5051 5052
f 5039 5052 5040
f 5040 5052 5053
f 5040 5053 5041
f 5041 5053 5054
f 5041 5054 5042
f 5042 5054 5055
f 5042 5055 5043
f 5043 5055 5056
f 5043 5056 5044
f 5044 5056 5045
f 5044 5045 5033
f 5059 5061 5062
f 5059 5062 5060
f 5061 5063 5064
f 5061 5064 5062
f 5063 5065 5066
f 5063 5066 5064
f 5065 5067 5068
f 5065 5068 5066
f 5067 5069 5070
f 5067 5070 5068
f 5069 5071 5072
f 5069 5072 5070
f 5071 5073 5074
f 5071 5074 5072
f 5073 5075 5076
f 5073 5076 5074
f 5075 5077 5078
f 5075 5078 5076
f 5077 5059 5060
f 5077 5060 5078
f 5139 5079 5080
f 5140 5128 5127
f 5139 5080 5081
f 5140 5129 5128
f 5139 5081 5082
f 5140 5130 5129
f 5139 5082 5083
f 5140 5131 5130
f 5139 5083 5084
f 5140 5132 5131
f 5139 5084 5085
f 5140 5133 5132
f 5139 5085 5086
f 5140 5134 5133
f 5139 5086 5087
f 5140 5135 5134
f 5139 5087 5088
f 5140 5136 5135
f 5139 5088 5089
f 5140 5137 5136
f 5139 5089 5090
f 5140 5138 5137
f 5139 5090 5079
f 5140 5127 5138
f 5079 5091 5092
f 5079 5092 5080
f 5080 5092 5093
f 5080 5093 5081
f 5081 5093 5094
f 5081 5094 5082
f 5082 5094 5095
f 5082 5095 5083
f 5083 5095 5096
f 5083 5096 5084
f 5084 5096 5097
f 5084 5097 5085
f 5085 5097 5098
f 5085 5098 5086
f 5086 5098 5099
f 5086 5099 5087
f 5087 5099 5100
f 5087 5100 5088
f 5088 5100 5101
f 5088 5101 5089
f 5089 5101 5102
f 5089 5102 5090
f 5090 5102 5091
f 5090 5091 5079
f 5091 5103 5104
f 5091 5104 5092
f 5092 5104 5105
f 5092 5105 5093
f 5093 5105 5106
f 5093 5106 5094
f 5094 5106 5107
f 5094 5107 5095
f 5095 5107 5108
f 5095 5108 5096
f 5096 5108 5109
f 5096 5109 5097
f 5097 5109 5110
f 5097 5110 5098
f 5098 5110 5111
f 5098 5111 5099
f 5099 5111 5112
f 5099 5112 5100
f 5100 5112 5113
f 5100 5113 5101
f 5101 5113 5114
f 5101 5114 5102
f 5102 5114 5103
f 5102 5103 5091
f 5103 5115 5116
f 5103 5116 5104
f 5104 5116 5117
f 5104 5117 5105
f 5105 5117 5118
f 5105 5118 5106
f 5106 5118 5119
f 5106 5119 5107
f 5107 5119 5120
f 5107 5120 5108
f 5108 5120 5121
f 5108 5121 5109
f 5109 5121 5122
f 5109 5122 5110
f 5110 5122 5123
f 5110 5123 5111
f 5111 5123 5124
f 5111 5124 5112
f 5112 5124 5125
f 5112 5125 5113
f 5113 5125 5126
f 5113 5126 5114
f 5114 5126 5115
f 5114 5115 5103
f 5115 5127 5128
f 5115 5128 5116
f 5116 5128 5129
f 5116 5129 5117
f 5117 5129 5130
f 5117 5130 5118
f 5118 5130 5131
f 5118 5131 5119
f 5119 5131 5132
f 5119 5132 5120
f 5120 5132 5133
f 5120 5133 5121
f 5121 5133 5134
f 5121 5134 5122
f 5122 5134 5135
f 5122 5135 5123
f 5123 5135 5136
f 5123 5136 5124
f 5124 5136 5137
f 5124 5137 5125
f 5125 5137 5138
f 5125 5138 5126
f 5126 5138 5127
f 5126 5127 5115
f 5141 5143 5144
f 5141 5144 5142
f 5143 5145 5146
f 5143 5146 5144
f 5145 5147 5148
f 5145 5148 5146
f 5147 5149 5150
f 5147 5150 5148
f 5149 5151 5152
f 5149 5152 5150
f 5151 5153 5154
f 5151 5154 5152
f 5153 5155 5156
f 5153 5156 5154
f 5155 5157 5158
f 5155 5158 5156
f 5157 5159 5160
f 5157 5160 5158
f 5159 5141 5142
f 5159 5142 5160
f 5221 5161 5162
f 5222 5210 5209
f 5221 5162 5163
f 5222 5211 5210
f 5221 5163 5164
f 5222 5212 5211
f 5221 5164 5165
f 5222 5213 5212
f 5221 5165 5166
f 5222 5214 5213
f 5221 5166 5167
f 5222 5215 5214
f 5221 5167 5168
f 5222 5216 5215
f 5221 5168 5169
f 5222 5217 5216
f 5221 5169 5170
f 5222 5218 5217
f 5221 5170 5171
f 5222 5219 5218
f 5221 5171 5172
f 5222 5220 5219
f 5221 5172 5161
f 5222 5209 5220
f 5161 5173 5174
f 5161 5174 5162
f 5162 5174 5175
f 5162 5175 5163
f 5163 5175 5176
f 5163 5176 5164
f 5164 5176 5177
f 5164 5177 5165
f 5165 5177 5178
f 5165 5178 5166
f 5166 5178 5179
f 5166 5179 5167
f 5167 5179 5180
f 5167 5180 5168
f 5168 5180 5181
f 5168 5181 5169
f 5169 5181 5182
f 5169 5182 5170
f 5170 5182 5183
f 5170 5183 5171
f 5171 5183 5184
f 5171 5184 5172
f 5172 5184 5173
f 5172 5173 5161
f 5173 5185 5186
f 5173 5186 5174
f 5174 5186 5187
f 5174 5187 5175
f 5175 5187 5188
f 5175 5188 5176
f 5176 5188 5189
f 5176 5189 5177
f 5177 5189 5190
f 5177 5190 5178
f 5178 5190 5191
f 5178 5191 5179
f 5179 5191 5192
f 5179 5192 5180
f 5180 5192 5193
f 5180 5193 5181
f 5181 5193 5194
f 5181 5194 5182
f 5182 5194 5195
f 5182 5195 5183
f 5183 5195 5196
f 5183 5196 5184
f 5184 5196 5185
f 5184 5185 5173
f 5185 5197 5198
f 5185 5198 5186
f 5186 5198 5199
f 5186 5199 5187
f 5187 5199 5200
f 5187 5200 5188
f 5188 5200 5201
f 5188 5201 5189
f 5189 5201 5202
f 5189 5202 5190
f 5190 5202 5203
f 5190 5203 5191
f 5191 5203 5204
f 5191 5204 5192
f 5192 5204 5205
f 5192 5205 5193
f 5193 5205 5206
f 5193 5206 5194
f 5194 5206 5207
f 5194 5207 5195
f 5195 5207 5208
f 5195 5208 5196
f 5196 5208 5197
f 5196 5197 5185
f 5197 5209 5210
f 5197 5210 5198
f 5198 5210 5211
f 5198 5211 5199
f 5199 5211 5212
f 5199 5212 5200
f 5200 5212 5213
f 5200 5213 5201
f 5201 5213 5214
f 5201 5214 5202
f 5202 5214 5215
f 5202 5215 5203
f 5203 5215 5216
f 5203 5216 5204
f 5204 5216 5217
f 5204 5217 5205
f 5205 5217 5218
f 5205 5218 5206
f 5206 5218 5219
f 5206 5219 5207
f 5207 5219 5220
f 5207 5220 5208
f 5208 5220 5209
f 5208 5209 5197
f 5223 5225 5226
f 5223 5226 5224
f 5225 5227 5228
f 5225 5228 5226
f 5227 5229 5230
f 5227 5230 5228
f 5229 5231 5232
f 5229 5232 5230
f 5231 5233 5234
f 5231 5234 5232
f 5233 5235 5236
f 5233 5236 5234
f 5235 5237 5238
f 5235 5238 5236
f 5237 5239 5240
f 5237 5240 5238
f 5239 5241 5242
f 5239 5242 5240
f 5241 5223 5224
f 5241 5224 5242
f 5303 5243 5244
f 5304 5292 5291
f 5303 5244 5245
f 5304 5293 5292
f 5303 5245 5246
f 5304 5294 5293
f 5303 5246 5247
f 5304 5295 5294
f 5303 5247 5248
f 5304 5296 5295
f 5303 5248 5249
f 5304 5297 5296
f 5303 5249 5250
f 5304 5298 5297
f 5303 5250 5251
f 5304 5299 5298
f 5303 5251 5252
f 5304 5300 5299
f 5303 5252 5253
f 5304 5301 5300
f 5303 5253 5254
f 5304 5302 5301
f 5303 5254 5243
f 5304 5291 5302
f 5243 5255 5256
f 5243 5256 5244
f 5244 5256 5257
f 5244 5257 5245
f 5245 5257 5258
f 5245 5258 5246
f 5246 5258 5259
f 5246 5259 5247
f 5247 5259 5260
f 5247 5260 5248
f 5248 5260 5261
f 5248 5261 5249
f 5249 5261 5262
f 5249 5262 5250
f 5250 5262 5263
f 5250 5263 5251
f 5251 5263 5264
f 5251 5264 5252
f 5252 5264 5265
f 5252 5265 5253
f 5253 5265 5266
f 5253 5266 5254
f 5254 5266 5255
f 5254 5255 5243
f 5255 5267 5268
f 5255 5268 5256
f 5256 5268 5269
f 5256 5269 5257
f 5257 5269 5270
f 5257 5270 5258
f 5258 5270 5271
f 5258 5271 5259
f 5259 5271 5272
f 5259 5272 5260
f 5260 5272 5273
f 5260 5273 5261
f 5261 5273 5274
f 5261 5274 5262
f 5262 5274 5275
f 5262 5275 5263
f 5263 5275 5276
f 5263 5276 5264
f 5264 5276 5277
f 5264 5277 5265
f 5265 5277 5278
f 5265 5278 5266
f 5266 5278 5267
f 5266 5267 5255
f 5267 5279 5280
f 5267 5280 5268
f 5268 5280 5281
f 5268 5281 5269
f 5269 5281 5282
f 5269 5282 5270
f 5270 5282 5283
f 5270 5283 5271
f 5271 5283 5284
f 5271 5284 5272
f 5272 5284 5285
f 5272 5285 5273
f 5273 5285 5286
f 5273 5286 5274
f 5274 5286 5287
f 5274 5287 5275
f 5275 5287 5288
f 5275 5288 5276
f 5276 5288 5289
f 5276 5289 5277
f 5277 5289 5290
f 5277 5290 5278
f 5278 5290 5279
f 5278 5279 5267
f 5279 5291 5292
f 5279 5292 5280
f 5280 5292 5293
f 5280 5293 5281
f 5281 5293 5294
f 5281 5294 5282
f 5282 5294 5295
f 5282 5295 5283
f 5283 5295 5296
f 5283 5296 5284
f 5284 5296 5297
f 5284 5297 5285
f 5285 5297 5298
f 5285 5298 5286
f 5286 5298 5299
f 5286 5299 5287
f 5287 5299 5300
f 5287 5300 5288
f 5288 5300 5301
f 5288 5301 5289
f 5289 5301 5302
f 5289 5302 5290
f 5290 5302 5291
f 5290 5291 5279
f 5305 5307 5308
f 5305 5308 5306
f 5307 5309 5310
f 5307 5310 5308
f 5309 5311 5312
f 5309 5312 5310
f 5311 5313 5314
f 5311 5314 5312
f 5313 5315 5316
f 5313 5316 5314
f 5315 5317 5318
f 5315 5318 5316
f 5317 5319 5320
f 5317 5320 5318
f 5319 5321 5322
f 5319 5322 5320
f 5321 5323 5324
f 5321 5324 5322
f 5323 5305 5306
f 5323 5306 5324
f 5385 5325 5326
f 5386 5374 5373
f 5385 5326 5327
f 5386 5375 5374
f 5385 5327 5328
f 5386 5376 5375
f 5385 5328 5329
f 5386 5377 5376
f 5385 5329 5330
f 5386 5378 5377
f 5385 5330 5331
f 5386 5379 5378
f 5385 5331 5332
f 5386 5380 5379
f 5385 5332 5333
f 5386 5381 5380
f 5385 5333 5334
f 5386 5382 5381
f 5385 5334 5335
f 5386 5383 5382
f 5385 5335 5336
f 5386 5384 5383
f 5385 5336 5325
f 5386 5373 5384
f 5325 5337 5338
f 5325 5338 5326
f 5326 5338 5339
f 5326 5339 5327
f 5327 5339 5340
f 5327 5340 5328
f 5328 5340 5341
f 5328 5341 5329
f 5329 5341 5342
f 5329 5342 5330
f 5330 5342 5343
f 5330 5343 5331
f 5331 5343 5344
f 5331 5344 5332
f 5332 5344 5345
f 5332 5345 5333
f 5333 5345 5346
f 5333 5346 5334
f 5334 5346 5347
f 5334 5347 5335
f 5335 5347 5348
f 5335 5348 5336
f 5336 5348 5337
f 5336 5337 5325
f 5337 5349 5350
f 5337 5350 5338
f 5338 5350 5351
f 5338 5351 5339
f 5339 5351 5352
f 5339 5352 5340
f 5340 5352 5353
f 5340 5353 5341
f 5341 5353 5354
f 5341 5354 5342
f 5342 5354 5355
f 5342 5355 5343
f 5343 5355 5356
f 5343 5356 5344
f 5344 5356 5357
f 5344 5357 5345
f 5345 5357 5358
f 5345 5358 5346
f 5346 5358 5359
f 5346 5359 5347
f 5347 5359 5360
f 5347 5360 5348
f 5348 5360 5349
f 5348 5349 5337
f 5349 5361 5362
f 5349 5362 5350
f 5350 5362 5363
f 5350 5363 5351
f 5351 5363 5364
f 5351 5364 5352
f 5352 5364 5365
f 5352 5365 5353
f 5353 5365 5366
f 5353 5366 5354
f 5354 5366 5367
f 5354 5367 5355
f 5355 5367 5368
f 5355 5368 5356
f 5356 5368 5369
f 5356 5369 5357
f 5357 5369 5370
f 5357 5370 5358
f 5358 5370 5371
f 5358 5371 5359
f 5359 5371 5372
f 5359 5372 5360
f 5360 5372 5361
f 5360 5361 5349
f 5361 5373 5374
f 5361 5374 5362
f 5362 5374 5375
f 5362 5375 5363
f 5363 5375 5376
f 5363 5376 5364
f 5364 5376 5377
f 5364 5377 5365
f 5365 5377 5378
f 5365 5378 5366
f 5366 5378 5379
f 5366 5379 5367
f 5367 5379 5380
f 5367 5380 5368
f 5368 5380 5381
f 5368 5381 5369
f 5369 5381 5382
f 5369 5382 5370
f 5370 5382 5383
f 5370 5383 5371
f 5371 5383 5384
f 5371 5384 5372
f 5372 5384 5373
f 5372 5373 5361
f 5387 5389 5390
f 5387 5390 5388
f 5389 5391 5392
f 5389 5392 5390
f 5391 5393 5394
f 5391 5394 5392
f 5393 5395 5396
f 5393 5396 5394
f 5395 5397 5398
f 5395 5398 5396
f 5397 5399 5400
f 5397 5400 5398
f 5399 5401 5402
f 5399 5402 5400
f 5401 5403 5404
f 5401 5404 5402
f 5403 5405 5406
f 5403 5406 5404
f 5405 5387 5388
f 5405 5388 5406
f 5467 5407 5408
f 5468 5456 5455
f 5467 5408 5409
f 5468 5457 5456
f 5467 5409 5410
f 5468 5458 5457
f 5467 5410 5411
f 5468 5459 5458
f 5467 5411 5412
f 5468 5460 5459
f 5467 5412 5413
f 5468 5461 5460
f 5467 5413 5414
f 5468 5462 5461
f 5467 5414 5415
f 5468 5463 5462
f 5467 5415 5416
f 5468 5464 5463
f 5467 5416 5417
f 5468 5465 5464
f 5467 5417 5418
f 5468 5466 5465
f 5467 5418 5407
f 5468 5455 5466
f 5407 5419 5420
f 5407 5420 5408
f 5408 5420 5421
f 5408 5421 5409
f 5409 5421 5422
f 5409 5422 5410
f 5410 5422 5423
f 5410 5423 5411
f 5411 5423 5424
f 5411 5424 5412
f 5412 5424 5425
f 5412 5425 5413
f 5413 5425 5426
f 5413 5426 5414
f 5414 5426 5427
f 5414 5427 5415
f 5415 5427 5428
f 5415 5428 5416
f 5416 5428 5429
f 5416 5429 5417
f 5417 5429 5430
f 5417 5430 5418
f 5418 5430 5419
f 5418 5419 5407
f 5419 5431 5432
f 5419 5432 5420
f 5420 5432 5433
f 5420 5433 5421
f 5421 5433 5434
f 5421 5434 5422
f 5422 5434 5435
f 5422 5435 5423
f 5423 5435 5436
f 5423 5436 5424
f 5424 5436 5437
f 5424 5437 5425
f 5425 5437 5438
f 5425 5438 5426
f 5426 5438 5439
f 5426 5439 5427
f 5427 5439 5440
f 5427 5440 5428
f 5428 5440 5441
f 5428 5441 5429
f 5429 5441 5442
f 5429 5442 5430
f 5430 5442 5431
f 5430 5431 5419
f 5431 5443 5444
f 5431 5444 5432
f 5432 5444 5445
f 5432 5445 5433
f 5433 5445 5446
f 5433 5446 5434
f 5434 5446 5447
f 5434 5447 5435
f 5435 5447 5448
f 5435 5448 5436
f 5436 5448 5449
f 5436 5449 5437
f 5437 5449 5450
f 5437 5450 5438
f 5438 5450 5451
f 5438 5451 5439
f 5439 5451 5452
f 5439 5452 5440
f 5440 5452 5453
f 5440 5453 5441
f 5441 5453 5454
f 5441 5454 5442
f 5442 5454 5443
f 5442 5443 5431
f 5443 5455 5456
f 5443 5456 5444
f 5444 5456 5457
f 5444 5457 5445
f 5445 5457 5458
f 5445 5458 5446
f 5446 5458 5459
f 5446 5459 5447
f 5447 5459 5460
f 5447 5460 5448
f 5448 5460 5461
f 5448 5461 5449
f 5449 5461 5462
f 5449 5462 5450
f 5450 5462 5463
f 5450 5463 5451
f 5451 5463 5464
f 5451 5464 5452
f 5452 5464 5465
f 5452 5465 5453
f 5453 5465 5466
f 5453 5466 5454
f 5454 5466 5455
f 5454 5455 5443
f 5469 5471 5472
f 5469 5472 5470
f 5471 5473 5474
f 5471 5474 5472
f 5473 5475 5476
f 5473 5476 5474
f 5475 5477 5478
f 5475 5478 5476
f 5477 5479 5480
f 5477 5480 5478
f 5479 5481 5482
f 5479 5482 5480
f 5481 5483 5484
f 5481 5484 5482
f 5483 5485 5486
f 5483 5486 5484
f 5485 5487 5488
f 5485 5488 5486
f 5487 5469 5470
f 5487 5470 5488
f 5549 5489 5490
f 5550 5538 5537
f 5549 5490 5491
f 5550 5539 5538
f 5549 5491 5492
f 5550 5540 5539
f 5549 5492 5493
f 5550 5541 5540
f 5549 5493 5494
f 5550 5542 5541
f 5549 5494 5495
f 5550 5543 5542
f 5549 5495 5496
f 5550 5544 5543
f 5549 5496 5497
f 5550 5545 5544
f 5549 5497 5498
f 5550 5546 5545
f 5549 5498 5499
f 5550 5547 5546
f 5549 5499 5500
f 5550 5548 5547
f 5549 5500 5489
f 5550 5537 5548
f 5489 5501 5502
f 5489 5502 5490
f 5490 5502 5503
f 5490 5503 5491
f 5491 5503 5504
f 5491 5504 5492
f 5492 5504 5505
f 5492 5505 5493
f 5493 5505 5506
f 5493 5506 5494
f 5494 5506 5507
f 5494 5507 5495
f 5495 5507 5508
f 5495 5508 5496
f 5496 5508 5509
f 5496 5509 5497
f 5497 5509 5510
f 5497 5510 5498
f 5498 5510 5511
f 5498 5511 5499
f 5499 5511 5512
f 5499 5512 5500
f 5500 5512 5501
f 5500 5501 5489
f 5501 5513 5514
f 5501 5514 5502
f 5502 5514 5515
f 5502 5515 5503
f 5503 5515 5516
f 5503 5516 5504
f 5504 5516 5517
f 5504 5517 5505
f 5505 5517 5518
f 5505 5518 5506
f 5506 5518 5519
f 5506 5519 5507
f 5507 5519 5520
f 5507 5520 5508
f 5508 5520 5521
f 5508 5521 5509
f 5509 5521 5522
f 5509 5522 5510
f 5510 5522 5523
f 5510 5523 5511
f 5511 5523 5524
f 5511 5524 5512
f 5512 5524 5513
f 5512 5513 5501
f 5513 5525 5526
f 5513 5526 5514
f 5514 5526 5527
f 5514 5527 5515
f 5515 5527 5528
f 5515 5528 5516
f 5516 5528 5529
f 5516 5529 5517
f 5517 5529 5530
f 5517 5530 5518
f 5518 5530 5531
f 5518 5531 5519
f 5519 5531 5532
f 5519 5532 5520
f 5520 5532 5533
f 5520 5533 5521
f 5521 5533 5534
f 5521 5534 5522
f 5522 5534 5535
f 5522 5535 5523
f 5523 5535 5536
f 5523 5536 5524
f 5524 5536 5525
f 5524 5525 5513
f 5525 5537 5538
f 5525 5538 5526
f 5526 5538 5539
f 5526 5539 5527
f 5527 5539 5540
f 5527 5540 5528
f 5528 5540 5541
f 5528 5541 5529
f 5529 5541 5542
f 5529 5542 5530
f 5530 5542 5543
f 5530 5543 5531
f 5531 5543 5544
f 5531 5544 5532
f 5532 5544 5545
f 5532 5545 5533
f 5533 5545 5546
f 5533 5546 5534
f 5534 5546 5547
f 5534 5547 5535
f 5535 5547 5548
f 5535 5548 5536
f 5536 5548 5537
f 5536 5537 5525
f 5551 5553 5554
f 5551 5554 5552
f 5553 5555 5556
f 5553 5556 5554
f 5555 5557 5558
f 5555 5558 5556
f 5557 5559 5560
f 5557 5560 5558
f 5559 5561 5562
f 5559 5562 5560
f 5561 5563 5564
f 5561 5564 5562
f 5563 5565 5566
f 5563 5566 5564
f 5565 5567 5568
f 5565 5568 5566
f 5567 5569 5570
f 5567 5570 5568
f 5569 5551 5552
f 5569 5552 5570
f 5631 5571 5572
f 5632 5620 5619
f 5631 5572 5573
f 5632 5621 5620
f 5631 5573 5574
f 5632 5622 5621
f 5631 5574 5575
f 5632 5623 5622
f 5631 5575 5576
f 5632 5624 5623
f 5631 5576 5577
f 5632 5625 5624
f 5631 5577 5578
f 5632 5626 5625
f 5631 5578 5579
f 5632 5627 5626
f 5631 5579 5580
f 5632 5628 5627
f 5631 5580 5581
f 5632 5629 5628
f 5631 5581 5582
f 5632 5630 5629
f 5631 5582 5571
f 5632 5619 5630
f 5571 5583 5584
f 5571 5584 5572
f 5572 5584 5585
f 5572 5585 5573
f 5573 5585 5586
f 5573 5586 5574
f 5574 5586 5587
f 5574 5587 5575
f 5575 5587 5588
f 5575 5588 5576
f 5576 5588 5589
f 5576 5589 5577
f 5577 5589 5590
f 5577 5590 5578
f 5578 5590 5591
f 5578 5591 5579
f 5579 5591 5592
f 5579 5592 5580
f 5580 5592 5593
f 5580 5593 5581
f 5581 5593 5594
f 5581 5594 5582
f 5582 5594 5583
f 5582 5583 5571
f 5583 5595 5596
f 5583 5596 5584
f 5584 5596 5597
f 5584 5597 5585
f 5585 5597 5598
f 5585 5598 5586
f 5586 5598 5599
f 5586 5599 5587
f 5587 5599 5600
f 5587 5600 5588
f 5588 5600 5601
f 5588 5601 5589
f 5589 5601 5602
f 5589 5602 5590
f 5590 5602 5603
f 5590 5603 5591
f 5591 5603 5604
f 5591 5604 5592
f 5592 5604 5605
f 5592 5605 5593
f 5593 5605 5606
f 5593 5606 5594
f 5594 5606 5595
f 5594 5595 5583
f 5595 5607 5608
f 5595 5608 5596
f 5596 5608 5609
f 5596 5609 5597
f 5597 5609 5610
f 5597 5610 5598
f 5598 5610 5611
f 5598 5611 5599
f 5599 5611 5612
f 5599 5612 5600
f 5600 5612 5613
f 5600 5613 5601
f 5601 5613 5614
f 5601 5614 5602
f 5602 5614 5615
f 5602 5615 5603
f 5603 5615 5616
f 5603 5616 5604
f 5604 5616 5617
f 5604 5617 5605
f 5605 5617 5618
f 5605 5618 5606
f 5606 5618 5607
f 5606 5607 5595
f 5607 5619 5620
f 5607 5620 5608
f 5608 5620 5621
f 5608 5621 5609
f 5609 5621 5622
f 5609 5622 5610
f 5610 5622 5623
f 5610 5623 5611
f 5611 5623 5624
f 5611 5624 5612
f 5612 5624 5625
f 5612 5625 5613
f 5613 5625 5626
f 5613 5626 5614
f 5614 5626 5627
f 5614 5627 5615
f 5615 5627 5628
f 5615 5628 5616
f 5616 5628 5629
f 5616 5629 5617
f 5617 5629 5630
f 5617 5630 5618
f 5618 5630 5619
f 5618 5619 5607
f 5633 5635 5636
f 5633 5636 5634
f 5635 5637 5638
f 5635 5638 5636
f 5637 5639 5640
f 5637 5640 5638
f 5639 5641 5642
f 5639 5642 5640
f 5641 5643 5644
f 5641 5644 5642
f 5643 5645 5646
f 5643 5646 5644
f 5645 5647 5648
f 5645 5648 5646
f 5647 5649 5650
f 5647 5650 5648
f 5649 5651 5652
f 5649 5652 5650
f 5651 5633 5634
f 5651 5634 5652
f 5713 5653 5654
f 5714 5702 5701
f 5713 5654 5655
f 5714 5703 5702
f 5713 5655 5656
f 5714 5704 5703
f 5713 5656 5657
f 5714 5705 5704
f 5713 5657 5658
f 5714 5706 5705
f 5713 5658 5659
f 5714 5707 5706
f 5713 5659 5660
f 5714 5708 5707
f 5713 5660 5661
f 5714 5709 5708
f 5713 5661 5662
f 5714 5710 5709
f 5713 5662 5663
f 5714 5711 5710
f 5713 5663 5664
f 5714 5712 5711
f 5713 5664 5653
f 5714 5701 5712
f 5653 5665 5666
f 5653 5666 5654
f 5654 5666 5667
f 5654 5667 5655
f 5655 5667 5668
f 5655 5668 5656
f 5656 5668 5669
f 5656 5669 5657
f 5657 5669 5670
f 5657 5670 5658
f 5658 5670 5671
f 5658 5671 5659
f 5659 5671 5672
f 5659 5672 5660
f 5660 5672 5673
f 5660 5673 5661
f 5661 5673 5674
f 5661 5674 5662
f 5662 5674 5675
f 5662 5675 5663
f 5663 5675 5676
f 5663 5676 5664
f 5664 5676 5665
f 5664 5665 5653
f 5665 5677 5678
f 5665 5678 5666
f 5666 5678 5679
f 5666 5679 5667
f 5667 5679 5680
f 5667 5680 5668
f 5668 5680 5681
f 5668 5681 5669
f 5669 5681 5682
f 5669 5682 5670
f 5670 5682 5683
f 5670 5683 5671
f 5671 5683 5684
f 5671 5684 5672
f 5672 5684 5685
f 5672 5685 5673
f 5673 5685 5686
f 5673 5686 5674
f 5674 5686 5687
f 5674 5687 5675
f 5675 5687 5688
f 5675 5688 5676
f 5676 5688 5677
f 5676 5677 5665
f 5677 5689 5690
f 5677 5690 5678
f 5678 5690 5691
f 5678 5691 5679
f 5679 5691 5692
f 5679 5692 5680
f 5680 5692 5693
f 5680 5693 5681
f 5681 5693 5694
f 5681 5694 5682
f 5682 5694 5695
f 5682 5695 5683
f 5683 5695 5696
f 5683 5696 5684
f 5684 5696 5697
f 5684 5697 5685
f 5685 5697 5698
f 5685 5698 5686
f 5686 5698 5699
f 5686 5699 5687
f 5687 5699 5700
f 5687 5700 5688
f 5688 5700 5689
f 5688 5689 5677
f 5689 5701 5702
f 5689 5702 5690
f 5690 5702 5703
f 5690 5703 5691
f 5691 5703 5704
f 5691 5704 5692
f 5692 5704 5705
f 5692 5705 5693
f 5693 5705 5706
f 5693 5706 5694
f 5694 5706 5707
f 5694 5707 5695
f 5695 5707 5708
f 5695 5708 5696
f 5696 5708 5709
f 5696 5709 5697
f 5697 5709 5710
f 5697 5710 5698
f 5698 5710 5711
f 5698 5711 5699
f 5699 5711 5712
f 5699 5712 5700
f 5700 5712 5701
f 5700 5701 5689
f 5715 5717 5718
f 5715 5718 5716
f 5717 5719 5720
f 5717 5720 5718
f 5719 5721 5722
f 5719 5722 5720
f 5721 5723 5724
f 5721 5724 5722
f 5723 5725 5726
f 5723 5726 5724
f 5725 5727 5728
f 5725 5728 5726
f 5727 5729 5730
f 5727 5730 5728
f 5729 5731 5732
f 5729 5732 5730
f 5731 5733 5734
f 5731 5734 5732
f 5733 5715 5716
f 5733 5716 5734
f 5795 5735 5736
f 5796 5784 5783
f 5795 5736 5737
f 5796 5785 5784
f 5795 5737 5738
f 5796 5786 5785
f 5795 5738 5739
f 5796 5787 5786
f 5795 5739 5740
f 5796 5788 5787
f 5795 5740 5741
f 5796 5789 5788
f 5795 5741 5742
f 5796 5790 5789
f 5795 5742 5743
f 5796 5791 5790
f 5795 5743 5744
f 5796 5792 5791
f 5795 5744 5745
f 5796 5793 5792
f 5795 5745 5746
f 5796 5794 5793
f 5795 5746 5735
f 5796 5783 5794
f 5735 5747 5748
f 5735 5748 5736
f 5736 5748 5749
f 5736 5749 5737
f 5737 5749 5750
f 5737 5750 5738
f 5738 5750 5751
f 5738 5751 5739
f 5739 5751 5752
f 5739 5752 5740
f 5740 5752 5753
f 5740 5753 5741
f 5741 5753 5754
f 5741 5754 5742
f 5742 5754 5755
f 5742 5755 5743
f 5743 5755 5756
f 5743 5756 5744
f 5744 5756 5757
f 5744 5757 5745
f 5745 5757 5758
f 5745 5758 5746
f 5746 5758 5747
f 5746 5747 5735
f 5747 5759 5760
f 5747 5760 5748
f 5748 5760 5761
f 5748 5761 5749
f 5749 5761 5762
f 5749 5762 5750
f 5750 5762 5763
f 5750 5763 5751
f 5751 5763 5764
f 5751 5764 5752
f 5752 5764 5765
f 5752 5765 5753
f 5753 5765 5766
f 5753 5766 5754
f 5754 5766 5767
f 5754 5767 5755
f 5755 5767 5768
f 5755 5768 5756
f 5756 5768 5769
f 5756 5769 5757
f 5757 5769 5770
f 5757 5770 5758
f 5758 5770 5759
f 5758 5759 5747
f 5759 5771 5772
f 5759 5772 5760
f 5760 5772 5773
f 5760 5773 5761
f 5761 5773 5774
f 5761 5774 5762
f 5762 5774 5775
f 5762 5775 5763
f 5763 5775 5776
f 5763 5776 5764
f 5764 5776 5777
f 5764 5777 5765
f 5765 5777 5778
f 5765 5778 5766
f 5766 5778 5779
f 5766 5779 5767
f 5767 5779 5780
f 5767 5780 5768
f 5768 5780 5781
f 5768 5781 5769
f 5769 5781 5782
f 5769 5782 5770
f 5770 5782 5771
f 5770 5771 5759
f 5771 5783 5784
f 5771 5784 5772
f 5772 5784 5785
f 5772 5785 5773
f 5773 5785 5786
f 5773 5786 5774
f 5774 5786 5787
f 5774 5787 5775
f 5775 5787 5788
f 5775 5788 5776
f 5776 5788 5789
f 5776 5789 5777
f 5777 5789 5790
f 5777 5790 5778
f 5778 5790 5791
f 5778 5791 5779
f 5779 5791 5792
f 5779 5792 5780
f 5780 5792 5793
f 5780 5793 5781
f 5781 5793 5794
f 5781 5794 5782
f 5782 5794 5783
f 5782 5783 5771
f 5797 5799 5800
f 5797 5800 5798
f 5799 5801 5802
f 5799 5802 5800
f 5801 5803 5804
f 5801 5804 5802
f 5803 5805 5806
f 5803 5806 5804
f 5805 5807 5808
f 5805 5808 5806
f 5807 5809 5810
f 5807 5810 5808
f 5809 5811 5812
f 5809 5812 5810
f 5811 5813 5814
f 5811 5814 5812
f 5813 5815 5816
f 5813 5816 5814
f 5815 5797 5798
f 5815 5798 5816
f 5877 5817 5818
f 5878 5866 5865
f 5877 5818 5819
f 5878 5867 5866
f 5877 5819 5820
f 5878 5868 5867
f 5877 5820 5821
f 5878 5869 5868
f 5877 5821 5822
f 5878 5870 5869
f 5877 5822 5823
f 5878 5871 5870
f 5877 5823 5824
f 5878 5872 5871
f 5877 5824 5825
f 5878 5873 5872
f 5877 5825 5826
f 5878 5874 5873
f 5877 5826 5827
f 5878 5875 5874
f 5877 5827 5828
f 5878 5876 5875
f 5877 5828 5817
f 5878 5865 5876
f 5817 5829 5830
f 5817 5830 5818
f 5818 5830 5831
f 5818 5831 5819
f 5819 5831 5832
f 5819 5832 5820
f 5820 5832 5833
f 5820 5833 5821
f 5821 5833 5834
f 5821 5834 5822
f 5822 5834 5835
f 5822 5835 5823
f 5823 5835 5836
f 5823 5836 5824
f 5824 5836 5837
f 5824 5837 5825
f 5825 5837 5838
f 5825 5838 5826
f 5826 5838 5839
f 5826 5839 5827
f 5827 5839 5840
f 5827 5840 5828
f 5828 5840 5829
f 5828 5829 5817
f 5829 5841 5842
f 5829 5842 5830
f 5830 5842 5843
f 5830 5843 5831
f 5831 5843 5844
f 5831 5844 5832
f 5832 5844 5845
f 5832 5845 5833
f 5833 5845 5846
f 5833 5846 5834
f 5834 5846 5847
f 5834 5847 5835
f 5835 5847 5848
f 5835 5848 5836
f 5836 5848 5849
f 5836 5849 5837
f 5837 5849 5850
f 5837 5850 5838
f 5838 5850 5851
f 5838 5851 5839
f 5839 5851 5852
f 5839 5852 5840
f 5840 5852 5841
f 5840 5841 5829
f 5841 5853 5854
f 5841 5854 5842
f 5842 5854 5855
f 5842 5855 5843
f 5843 5855 5856
f 5843 5856 5844
f 5844 5856 5857
f 5844 5857 5845
f 5845 5857 5858
f 5845 5858 5846
f 5846 5858 5859
f 5846 5859 5847
f 5847 5859 5860
f 5847 5860 5848
f 5848 5860 5861
f 5848 5861 5849
f 5849 5861 5862
f 5849 5862 5850
f 5850 5862 5863
f 5850 5863 5851
f 5851 5863 5864
f 5851 5864 5852
f 5852 5864 5853
f 5852 5853 5841
f 5853 5865 5866
f 5853 5866 5854
f 5854 5866 5867
f 5854 5867 5855
f 5855 5867 5868
f 5855 5868 5856
f 5856 5868 5869
f 5856 5869 5857
f 5857 5869 5870
f 5857 5870 5858
f 5858 5870 5871
f 5858 5871 5859
f 5859 5871 5872
f 5859 5872 5860
f 5860 5872 5873
f 5860 5873 5861
f 5861 5873 5874
f 5861 5874 5862
f 5862 5874 5875
f 5862 5875 5863
f 5863 5875 5876
f 5863 5876 5864
f 5864 5876 5865
f 5864 5865 5853
f 5879 5881 5882
f 5879 5882 5880
f 5881 5883 5884
f 5881 5884 5882
f 5883 5885 5886
f 5883 5886 5884
f 5885 5887 5888
f 5885 5888 5886
f 5887 5889 5890
f 5887 5890 5888
f 5889 5891 5892
f 5889 5892 5890
f 5891 5893 5894
f 5891 5894 5892
f 5893 5895 5896
f 5893 5896 5894
f 5895 5897 5898
f 5895 5898 5896
f 5897 5879 5880
f 5897 5880 5898
f 5959 5899 5900
f 5960 5948 5947
f 5959 5900 5901
f 5960 5949 5948
f 5959 5901 5902
f 5960 5950 5949
f 5959 5902 5903
f 5960 5951 5950
f 5959 5903 5904
f 5960 5952 5951
f 5959 5904 5905
f 5960 5953 5952
f 5959 5905 5906
f 5960 5954 5953
f 5959 5906 5907
f 5960 5955 5954
f 5959 5907 5908
f 5960 5956 5955
f 5959 5908 5909
f 5960 5957 5956
f 5959 5909 5910
f 5960 5958 5957
f 5959 5910 5899
f 5960 5947 5958
f 5899 5911 5912
f 5899 5912 5900
f 5900 5912 5913
f 5900 5913 5901
f 5901 5913 5914
f 5901 5914 5902
f 5902 5914 5915
f 5902 5915 5903
f 5903 5915 5916
f 5903 5916 5904
f 5904 5916 5917
f 5904 5917 5905
f 5905 5917 5918
f 5905 5918 5906
f 5906 5918 5919
f 5906 5919 5907
f 5907 5919 5920
f 5907 5920 5908
f 5908 5920 5921
f 5908 5921 5909
f 5909 5921 5922
f 5909 5922 5910
f 5910 5922 5911
f 5910 5911 5899
f 5911 5923 5924
f 5911 5924 5912
f 5912 5924 5925
f 5912 5925 5913
f 5913 5925 5926
f 5913 5926 5914
f 5914 5926 5927
f 5914 5927 5915
f 5915 5927 5928
f 5915 5928 5916
f 5916 5928 5929
f 5916 5929 5917
f 5917 5929 5930
f 5917 5930 5918
f 5918 5930 5931
f 5918 5931 5919
f 5919 5931 5932
f 5919 5932 5920
f 5920 5932 5933
f 5920 5933 5921
f 5921 5933 5934
f 5921 5934 5922
f 5922 5934 5923
f 5922 5923 5911
f 5923 5935 5936
f 5923 5936 5924
f 5924 5936 5937
f 5924 5937 5925
f 5925 5937 5938
f 5925 5938 5926
f 5926 5938 5939
f 5926 5939 5927
f 5927 5939 5940
f 5927 5940 5928
f 5928 5940 5941
f 5928 5941 5929
f 5929 5941 5942
f 5929 5942 5930
f 5930 5942 5943
f 5930 5943 5931
f 5931 5943 5944
f 5931 5944 5932
f 5932 5944 5945
f 5932 5945 5933
f 5933 5945 5946
f 5933 5946 5934
f 5934 5946 5935
f 5934 5935 5923
f 5935 5947 5948
f 5935 5948 5936
f 5936 5948 5949
f 5936 5949 5937
f 5937 5949 5950
f 5937 5950 5938
f 5938 5950 5951
f 5938 5951 5939
f 5939 5951 5952
f 5939 5952 5940
f 5940 5952 5953
f 5940 5953 5941
f 5941 5953 5954
f 5941 5954 5942
f 5942 5954 5955
f 5942 5955 5943
f 5943 5955 5956
f 5943 5956 5944
f 5944 5956 5957
f 5944 5957 5945
f 5945 5957 5958
f 5945 5958 5946
f 5946 5958 5947
f 5946 5947 5935
f 5961 5963 5964
f 5961 5964 5962
f 5963 5965 5966
f 5963 5966 5964
f 5965 5967 5968
f 5965 5968 5966
f 5967 5969 5970
f 5967 5970 5968
f 5969 5971 5972
f 5969 5972 5970
f 5971 5973 5974
f 5971 5974 5972
f 5973 5975 5976
f 5973 5976 5974
f 5975 5977 5978
f 5975 5978 5976
f 5977 5979 5980
f 5977 5980 5978
f 5979 5961 5962
f 5979 5962 5980
f 6041 5981 5982
f 6042 6030 6029
f 6041 5982 5983
f 6042 6031 6030
f 6041 5983 5984
f 6042 6032 6031
f 6041 5984 5985
f 6042 6033 6032
f 6041 5985 5986
f 6042 6034 6033
f 6041 5986 5987
f 6042 6035 6034
f 6041 5987 5988
f 6042 6036 6035
f 6041 5988 5989
f 6042 6037 6036
f 6041 5989 5990
f 6042 6038 6037
f 6041 5990 5991
f 6042 6039 6038
f 6041 5991 5992
f 6042 6040 6039
f 6041 5992 5981
f 6042 6029 6040
f 5981 5993 5994
f 5981 5994 5982
f 5982 5994 5995
f 5982 5995 5983
f 5983 5995 5996
f 5983 5996 5984
f 5984 5996 5997
f 5984 5997 5985
f 5985 5997 5998
f 5985 5998 5986
f 5986 5998 5999
f 5986 5999 5987
f 5987 5999 6000
f 5987 6000 5988
f 5988 6000 6001
f 5988 6001 5989
f 5989 6001 6002
f 5989 6002 5990
f 5990 6002 6003
f 5990 6003 5991
f 5991 6003 6004
f 5991 6004 5992
f 5992 6004 5993
f 5992 5993 5981
f 5993 6005 6006
f 5993 6006 5994
f 5994 6006 6007
f 5994 6007 5995
f 5995 6007 6008
f 5995 6008 5996
f 5996 6008 6009
f 5996 6009 5997
f 5997 6009 6010
f 5997 6010 5998
f 5998 6010 6011
f 5998 6011 5999
f 5999 6011 6012
f 5999 6012 6000
f 6000 6012 6013
f 6000 6013 6001
f 6001 6013 6014
f 6001 6014 6002
f 6002 6014 6015
f 6002 6015 6003
f 6003 6015 6016
f 6003 6016 6004
f 6004 6016 6005
f 6004 6005 5993
f 6005 6017 6018
f 6005 6018 6006
f 6006 6018 6019
f 6006 6019 6007
f 6007 6019 6020
f 6007 6020 6008
f 6008 6020 6021
f 6008 6021 6009
f 6009 6021 6022
f 6009 6022 6010
f 6010 6022 6023
f 6010 6023 6011
f 6011 6023 6024
f 6011 6024 6012
f 6012 6024 6025
f 6012 6025 6013
f 6013 6025 6026
f 6013 6026 6014
f 6014 6026 6027
f 6014 6027 6015
f 6015 6027 6028
f 6015 6028 6016
f 6016 6028 6017
f 6016 6017 6005
f 6017 6029 6030
f 6017 6030 6018
f 6018 6030 6031
f 6018 6031 6019
f 6019 6031 6032
f 6019 6032 6020
f 6020 6032 6033
f 6020 6033 6021
f 6021 6033 6034
f 6021 6034 6022
f 6022 6034 6035
f 6022 6035 6023
f 6023 6035 6036
f 6023 6036 6024
f 6024 6036 6037
f 6024 6037 6025
f 6025 6037 6038
f 6025 6038 6026
f 6026 6038 6039
f 6026 6039 6027
f 6027 6039 6040
f 6027 6040 6028
f 6028 6040 6029
f 6028 6029 6017
f 6043 6045 6046
f 6043 6046 6044
f 6045 6047 6048
f 6045 6048 6046
f 6047 6049 6050
f 6047 6050 6048
f 6049 6051 6052
f 6049 6052 6050
f 6051 6053 6054
f 6051 6054 6052
f 6053 6055 6056
f 6053 6056 6054
f 6055 6057 6058
f 6055 6058 6056
f 6057 6059 6060
f 6057 6060 6058
f 6059 6061 6062
f 6059 6062 6060
f 6061 6043 6044
f 6061 6044 6062
f 6123 6063 6064
f 6124 6112 6111
f 6123 6064 6065
f 6124 6113 6112
f 6123 6065 6066
f 6124 6114 6113
f 6123 6066 6067
f 6124 6115 6114
f 6123 6067 6068
f 6124 6116 6115
f 6123 6068 6069
f 6124 6117 6116
f 6123 6069 6070
f 6124 6118 6117
f 6123 6070 6071
f 6124 6119 6118
f 6123 6071 6072
f 6124 6120 6119
f 6123 6072 6073
f 6124 6121 6120
f 6123 6073 6074
f 6124 6122 6121
f 6123 6074 6063
f 6124 6111 6122
f 6063 6075 6076
f 6063 6076 6064
f 6064 6076 6077
f 6064 6077 6065
f 6065 6077 6078
f 6065 6078 6066
f 6066 6078 6079
f 6066 6079 6067
f 6067 6079 6080
f 6067 6080 6068
f 6068 6080 6081
f 6068 6081 6069
f 6069 6081 6082
f 6069 6082 6070
f 6070 6082 6083
f 6070 6083 6071
f 6071 6083 6084
f 6071 6084 6072
f 6072 6084 6085
f 6072 6085 6073
f 6073 6085 6086
f 6073 6086 6074
f 6074 6086 6075
f 6074 6075 6063
f 6075 6087 6088
f 6075 6088 6076
f 6076 6088 6089
f 6076 6089 6077
f 6077 6089 6090
f 6077 6090 6078
f 6078 6090 6091
f 6078 6091 6079
f 6079 6091 6092
f 6079 6092 6080
f 6080 6092 6093
f 6080 6093 6081
f 6081 6093 6094
f 6081 6094 6082
f 6082 6094 6095
f 6082 6095 6083
f 6083 6095 6096
f 6083 6096 6084
f 6084 6096 6097
f 6084 6097 6085
f 6085 6097 6098
f 6085 6098 6086
f 6086 6098 6087
f 6086 6087 6075
f 6087 6099 6100
f 6087 6100 6088
f 6088 6100 6101
f 6088 6101 6089
f 6089 6101 6102
f 6089 6102 6090
f 6090 6102 6103
f 6090 6103 6091
f 6091 6103 6104
f 6091 6104 6092
f 6092 6104 6105
f 6092 6105 6093
f 6093 6105 6106
f 6093 6106 6094
f 6094 6106 6107
f 6094 6107 6095
f 6095 6107 6108
f 6095 6108 6096
f 6096 6108 6109
f 6096 6109 6097
f 6097 6109 6110
f 6097 6110 6098
f 6098 6110 6099
f 6098 6099 6087
f 6099 6111 6112
f 6099 6112 6100
f 6100 6112 6113
f 6100 6113 6101
f 6101 6113 6114
f 6101 6114 6102
f 6102 6114 6115
f 6102 6115 6103
f 6103 6115 6116
f 6103 6116 6104
f 6104 6116 6117
f 6104 6117 6105
f 6105 6117 6118
f 6105 6118 6106
f 6106 6118 6119
f 6106 6119 6107
f 6107 6119 6120
f 6107 6120 6108
f 6108 6120 6121
f 6108 6121 6109
f 6109 6121 6122
f 6109 6122 6110
f 6110 6122 6111
f 6110 6111 6099
f 6125 6127 6128
f 6125 6128 6126
f 6127 6129 6130
f 6127 6130 6128
f 6129 6131 6132
f 6129 6132 6130
f 6131 6133 6134
f 6131 6134 6132
f 6133 6135 6136
f 6133 6136 6134
f 6135 6137 6138
f 6135 6138 6136
f 6137 6139 6140
f 6137 6140 6138
f 6139 6141 6142
f 6139 6142 6140
f 6141 6143 6144
f 6141 6144 6142
f 6143 6125 6126
f 6143 6126 6144
f 6205 6145 6146
f 6206 6194 6193
f 6205 6146 6147
f 6206 6195 6194
f 6205 6147 6148
f 6206 6196 6195
f 6205 6148 6149
f 6206 6197 6196
f 6205 6149 6150
f 6206 6198 6197
f 6205 6150 6151
f 6206 6199 6198
f 6205 6151 6152
f 6206 6200 6199
f 6205 6152 6153
f 6206 6201 6200
f 6205 6153 6154
f 6206 6202 6201
f 6205 6154 6155
f 6206 6203 6202
f 6205 6155 6156
f 6206 6204 6203
f 6205 6156 6145
f 6206 6193 6204
f 6145 6157 6158
f 6145 6158 6146
f 6146 6158 6159
f 6146 6159 6147
f 6147 6159 6160
f 6147 6160 6148
f 6148 6160 6161
f 6148 6161 6149
f 6149 6161 6162
f 6149 6162 6150
f 6150 6162 6163
f 6150 6163 6151
f 6151 6163 6164
f 6151 6164 6152
f 6152 6164 6165
f 6152 6165 6153
f 6153 6165 6166
f 6153 6166 6154
f 6154 6166 6167
f 6154 6167 6155
f 6155 6167 6168
f 6155 6168 6156
f 6156 6168 6157
f 6156 6157 6145
f 6157 6169 6170
f 6157 6170 6158
f 6158 6170 6171
f 6158 6171 6159
f 6159 6171 6172
f 6159 6172 6160
f 6160 6172 6173
f 6160 6173 6161
f 6161 6173 6174
f 6161 6174 6162
f 6162 6174 6175
f 6162 6175 6163
f 6163 6175 6176
f 6163 6176 6164
f 6164 6176 6177
f 6164 6177 6165
f 6165 6177 6178
f 6165 6178 6166
f 6166 6178 6179
f 6166 6179 6167
f 6167 6179 6180
f 6167 6180 6168
f 6168 6180 6169
f 6168 6169 6157
f 6169 6181 6182
f 6169 6182 6170
f 6170 6182 6183
f 6170 6183 6171
f 6171 6183 6184
f 6171 6184 6172
f 6172 6184 6185
f 6172 6185 6173
f 6173 6185 6186
f 6173 6186 6174
f 6174 6186 6187
f 6174 6187 6175
f 6175 6187 6188
f 6175 6188 6176
f 6176 6188 6189
f 6176 6189 6177
f 6177 6189 6190
f 6177 6190 6178
f 6178 6190 6191
f 6178 6191 6179
f 6179 6191 6192
f 6179 6192 6180
f 6180 6192 6181
f 6180 6181 6169
f 6181 6193 6194
f 6181 6194 6182
f 6182 6194 6195
f 6182 6195 6183
f 6183 6195 6196
f 6183 6196 6184
f 6184 6196 6197
f 6184 6197 6185
f 6185 6197 6198
f 6185 6198 6186
f 6186 6198 6199
f 6186 6199 6187
f 6187 6199 6200
f 6187 6200 6188
f 6188 6200 6201
f 6188 6201 6189
f 6189 6201 6202
f 6189 6202 6190
f 6190 6202 6203
f 6190 6203 6191
f 6191 6203 6204
f 6191 6204 6192
f 6192 6204 6193
f 6192 6193 6181
f 6207 6209 6210
f 6207 6210 6208
f 6209 6211 6212
f 6209 6212 6210
f 6211 6213 6214
f 6211 6214 6212
f 6213 6215 6216
f 6213 6216 6214
f 6215 6217 6218
f 6215 6218 6216
f 6217 6219 6220
f 6217 6220 6218
f 6219 6221 6222
f 6219 6222 6220
f 6221 6223 6224
f 6221 6224 6222
f 6223 6225 6226
f 6223 6226 6224
f 6225 6207 6208
f 6225 6208 6226
f 6287 6227 6228
f 6288 6276 6275
f 6287 6228 6229
f 6288 6277 6276
f 6287 6229 6230
f 6288 6278 6277
f 6287 6230 6231
f 6288 6279 6278
f 6287 6231 6232
f 6288 6280 6279
f 6287 6232 6233
f 6288 6281 6280
f 6287 6233 6234
f 6288 6282 6281
f 6287 6234 6235
f 6288 6283 6282
f 6287 6235 6236
f 6288 6284 6283
f 6287 6236 6237
f 6288 6285 6284
f 6287 6237 6238
f 6288 6286 6285
f 6287 6238 6227
f 6288 6275 6286
f 6227 6239 6240
f 6227 6240 6228
f 6228 6240 6241
f 6228 6241 6229
f 6229 6241 6242
f 6229 6242 6230
f 6230 6242 6243
f 6230 6243 6231
f 6231 6243 6244
f 6231 6244 6232
f 6232 6244 6245
f 6232 6245 6233
f 6233 6245 6246
f 6233 6246 6234
f 6234 6246 6247
f 6234 6247 6235
f 6235 6247 6248
f 6235 6248 6236
f 6236 6248 6249
f 6236 6249 6237
f 6237 6249 6250
f 6237 6250 6238
f 6238 6250 6239
f 6238 6239 6227
f 6239 6251 6252
f 6239 6252 6240
f 6240 6252 6253
f 6240 6253 6241
f 6241 6253 6254
f 6241 6254 6242
f 6242 6254 6255
f 6242 6255 6243
f 6243 6255 6256
f 6243 6256 6244
f 6244 6256 6257
f 6244 6257 6245
f 6245 6257 6258
f 6245 6258 6246
f 6246 6258 6259
f 6246 6259 6247
f 6247 6259 6260
f 6247 6260 6248
f 6248 6260 6261
f 6248 6261 6249
f 6249 6261 6262
f 6249 6262 6250
f 6250 6262 6251
f 6250 6251 6239
f 6251 6263 6264
f 6251 6264 6252
f 6252 6264 6265
f 6252 6265 6253
f 6253 6265 6266
f 6253 6266 6254
f 6254 6266 6267
f 6254 6267 6255
f 6255 6267 6268
f 6255 6268 6256
f 6256 6268 6269
f 6256 6269 6257
f 6257 6269 6270
f 6257 6270 6258
f 6258 6270 6271
f 6258 6271 6259
f 6259 6271 6272
f 6259 6272 6260
f 6260 6272 6273
f 6260 6273 6261
f 6261 6273 6274
f 6261 6274 6262
f 6262 6274 6263
f 6262 6263 6251
f 6263 6275 6276
f 6263 6276 6264
f 6264 6276 6277
f 6264 6277 6265
f 6265 6277 6278
f 6265 6278 6266
f 6266 6278 6279
f 6266 6279 6267
f 6267 6279 6280
f 6267 6280 6268
f 6268 6280 6281
f 6268 6281 6269
f 6269 6281 6282
f 6269 6282 6270
f 6270 6282 6283
f 6270 6283 6271
f 6271 6283 6284
f 6271 6284 6272
f 6272 6284 6285
f 6272 6285 6273
f 6273 6285 6286
f 6273 6286 6274
f 6274 6286 6275
f 6274 6275 6263
f 6289 6291 6292
f 6289 6292 6290
f 6291 6293 6294
f 6291 6294 6292
f 6293 6295 6296
f 6293 6296 6294
f 6295 6297 6298
f 6295 6298 6296
f 6297 6299 6300
f 6297 6300 6298
f 6299 6301 6302
f 6299 6302 6300
f 6301 6303 6304
f 6301 6304 6302
f 6303 6305 6306
f 6303 6306 6304
f 6305 6307 6308
f 6305 6308 6306
f 6307 6289 6290
f 6307 6290 6308
f 6369 6309 6310
f 6370 6358 6357
f 6369 6310 6311
f 6370 6359 6358
f 6369 6311 6312
f 6370 6360 6359
f 6369 6312 6313
f 6370 6361 6360
f 6369 6313 6314
f 6370 6362 6361
f 6369 6314 6315
f 6370 6363 6362
f 6369 6315 6316
f 6370 6364 6363
f 6369 6316 6317
f 6370 6365 6364
f 6369 6317 6318
f 6370 6366 6365
f 6369 6318 6319
f 6370 6367 6366
f 6369 6319 6320
f 6370 6368 6367
f 6369 6320 6309
f 6370 6357 6368
f 6309 6321 6322
f 6309 6322 6310
f 6310 6322 6323
f 6310 6323 6311
f 6311 6323 6324
f 6311 6324 6312
f 6312 6324 6325
f 6312 6325 6313
f 6313 6325 6326
f 6313 6326 6314
f 6314 6326 6327
f 6314 6327 6315
f 6315 6327 6328
f 6315 6328 6316
f 6316 6328 6329
f 6316 6329 6317
f 6317 6329 6330
f 6317 6330 6318
f 6318 6330 6331
f 6318 6331 6319
f 6319 6331 6332
f 6319 6332 6320
f 6320 6332 6321
f 6320 6321 6309
f 6321 6333 6334
f 6321 6334 6322
f 6322 6334 6335
f 6322 6335 6323
f 6323 6335 6336
f 6323 6336 6324
f 6324 6336 6337
f 6324 6337 6325
f 6325 6337 6338
f 6325 6338 6326
f 6326 6338 6339
f 6326 6339 6327
f 6327 6339 6340
f 6327 6340 6328
f 6328 6340 6341
f 6328 6341 6329
f 6329 6341 6342
f 6329 6342 6330
f 6330 6342 6343
f 6330 6343 6331
f 6331 6343 6344
f 6331 6344 6332
f 6332 6344 6333
f 6332 6333 6321
f 6333 6345 6346
f 6333 6346 6334
f 6334 6346 6347
f 6334 6347 6335
f 6335 6347 6348
f 6335 6348 6336
f 6336 6348 6349
f 6336 6349 6337
f 6337 6349 6350
f 6337 6350 6338
f 6338 6350 6351
f 6338 6351 6339
f 6339 6351 6352
f 6339 6352 6340
f 6340 6352 6353
f 6340 6353 6341
f 6341 6353 6354
f 6341 6354 6342
f 6342 6354 6355
f 6342 6355 6343
f 6343 6355 6356
f 6343 6356 6344
f 6344 6356 6345
f 6344 6345 6333
f 6345 6357 6358
f 6345 6358 6346
f 6346 6358 6359
f 6346 6359 6347
f 6347 6359 6360
f 6347 6360 6348
f 6348 6360 6361
f 6348 6361 6349
f 6349 6361 6362
f 6349 6362 6350
f 6350 6362 6363
f 6350 6363 6351
f 6351 6363 6364
f 6351 6364 6352
f 6352 6364 6365
f 6352 6365 6353
f 6353 6365 6366
f 6353 6366 6354
f 6354 6366 6367
f 6354 6367 6355
f 6355 6367 6368
f 6355 6368 6356
f 6356 6368 6357
f 6356 6357 6345
f 6371 6373 6374
f 6371 6374 6372
f 6373 6375 6376
f 6373 6376 6374
f 6375 6377 6378
f 6375 6378 6376
f 6377 6379 6380
f 6377 6380 6378
f 6379 6381 6382
f 6379 6382 6380
f 6381 6383 6384
f 6381 6384 6382
f 6383 6385 6386
f 6383 6386 6384
f 6385 6387 6388
f 6385 6388 6386
f 6387 6389 6390
f 6387 6390 6388
f 6389 6371 6372
f 6389 6372 6390
f 6451 6391 6392
f 6452 6440 6439
f 6451 6392 6393
f 6452 6441 6440
f 6451 6393 6394
f 6452 6442 6441
f 6451 6394 6395
f 6452 6443 6442
f 6451 6395 6396
f 6452 6444 6443
f 6451 6396 6397
f 6452 6445 6444
f 6451 6397 6398
f 6452 6446 6445
f 6451 6398 6399
f 6452 6447 6446
f 6451 6399 6400
f 6452 6448 6447
f 6451 6400 6401
f 6452 6449 6448
f 6451 6401 6402
f 6452 6450 6449
f 6451 6402 6391
f 6452 6439 6450
f 6391 6403 6404
f 6391 6404 6392
f 6392 6404 6405
f 6392 6405 6393
f 6393 6405 6406
f 6393 6406 6394
f 6394 6406 6407
f 6394 6407 6395
f 6395 6407 6408
f 6395 6408 6396
f 6396 6408 6409
f 6396 6409 6397
f 6397 6409 6410
f 6397 6410 6398
f 6398 6410 6411
f 6398 6411 6399
f 6399 6411 6412
f 6399 6412 6400
f 6400 6412 6413
f 6400 6413 6401
f 6401 6413 6414
f 6401 6414 6402
f 6402 6414 6403
f 6402 6403 6391
f 6403 6415 6416
f 6403 6416 6404
f 6404 6416 6417
f 6404 6417 6405
f 6405 6417 6418
f 6405 6418 6406
f 6406 6418 6419
f 6406 6419 6407
f 6407 6419 6420
f 6407 6420 6408
f 6408 6420 6421
f 6408 6421 6409
f 6409 6421 6422
f 6409 6422 6410
f 6410 6422 6423
f 6410 6423 6411
f 6411 6423 6424
f 6411 6424 6412
f 6412 6424 6425
f 6412 6425 6413
f 6413 6425 6426
f 6413 6426 6414
f 6414 6426 6415
f 6414 6415 6403
f 6415 6427 6428
f 6415 6428 6416
f 6416 6428 6429
f 6416 6429 6417
f 6417 6429 6430
f 6417 6430 6418
f 6418 6430 6431
f 6418 6431 6419
f 6419 6431 6432
f 6419 6432 6420
f 6420 6432 6433
f 6420 6433 6421
f 6421 6433 6434
f 6421 6434 6422
f 6422 6434 6435
f 6422 6435 6423
f 6423 6435 6436
f 6423 6436 6424
f 6424 6436 6437
f 6424 6437 6425
f 6425 6437 6438
f 6425 6438 6426
f 6426 6438 6427
f 6426 6427 6415
f 6427 6439 6440
f 6427 6440 6428
f 6428 6440 6441
f 6428 6441 6429
f 6429 6441 6442
f 6429 6442 6430
f 6430 6442 6443
f 6430 6443 6431
f 6431 6443 6444
f 6431 6444 6432
f 6432 6444 6445
f 6432 6445 6433
f 6433 6445 6446
f 6433 6446 6434
f 6434 6446 6447
f 6434 6447 6435
f 6435 6447 6448
f 6435 6448 6436
f 6436 6448 6449
f 6436 6449 6437
f 6437 6449 6450
f 6437 6450 6438
f 6438 6450 6439
f 6438 6439 6427
f 6453 6455 6456
f 6453 6456 6454
f 6455 6457 6458
f 6455 6458 6456
f 6457 6459 6460
f 6457 6460 6458
f 6459 6461 6462
f 6459 6462 6460
f 6461 6463 6464
f 6461 6464 6462
f 6463 6465 6466
f 6463 6466 6464
f 6465 6467 6468
f 6465 6468 6466
f 6467 6469 6470
f 6467 6470 6468
f 6469 6471 6472
f 6469 6472 6470
f 6471 6453 6454
f 6471 6454 6472
f 6533 6473 6474
f 6534 6522 6521
f 6533 6474 6475
f 6534 6523 6522
f 6533 6475 6476
f 6534 6524 6523
f 6533 6476 6477
f 6534 6525 6524
f 6533 6477 6478
f 6534 6526 6525
f 6533 6478 6479
f 6534 6527 6526
f 6533 6479 6480
f 6534 6528 6527
f 6533 6480 6481
f 6534 6529 6528
f 6533 6481 6482
f 6534 6530 6529
f 6533 6482 6483
f 6534 6531 6530
f 6533 6483 6484
f 6534 6532 6531
f 6533 6484 6473
f 6534 6521 6532
f 6473 6485 6486
f 6473 6486 6474
f 6474 6486 6487
f 6474 6487 6475
f 6475 6487 6488
f 6475 6488 6476
f 6476 6488 6489
f 6476 6489 6477
f 6477 6489 6490
f 6477 6490 6478
f 6478 6490 6491
f 6478 6491 6479
f 6479 6491 6492
f 6479 6492 6480
f 6480 6492 6493
f 6480 6493 6481
f 6481 6493 6494
f 6481 6494 6482
f 6482 6494 6495
f 6482 6495 6483
f 6483 6495 6496
f 6483 6496 6484
f 6484 6496 6485
f 6484 6485 6473
f 6485 6497 6498
f 6485 6498 6486
f 6486 6498 6499
f 6486 6499 6487
f 6487 6499 6500
f 6487 6500 6488
f 6488 6500 6501
f 6488 6501 6489
f 6489 6501 6502
f 6489 6502 6490
f 6490 6502 6503
f 6490 6503 6491
f 6491 6503 6504
f 6491 6504 6492
f 6492 6504 6505
f 6492 6505 6493
f 6493 6505 6506
f 6493 6506 6494
f 6494 6506 6507
f 6494 6507 6495
f 6495 6507 6508
f 6495 6508 6496
f 6496 6508 6497
f 6496 6497 6485
f 6497 6509 6510
f 6497 6510 6498
f 6498 6510 6511
f 6498 6511 6499
f 6499 6511 6512
f 6499 6512 6500
f 6500 6512 6513
f 6500 6513 6501
f 6501 6513 6514
f 6501 6514 6502
f 6502 6514 6515
f 6502 6515 6503
f 6503 6515 6516
f 6503 6516 6504
f 6504 6516 6517
f 6504 6517 6505
f 6505 6517 6518
f 6505 6518 6506
f 6506 6518 6519
f 6506 6519 6507
f 6507 6519 6520
f 6507 6520 6508
f 6508 6520 6509
f 6508 6509 6497
f 6509 6521 6522
f 6509 6522 6510
f 6510 6522 6523
f 6510 6523 6511
f 6511 6523 6524
f 6511 6524 6512
f 6512 6524 6525
f 6512 6525 6513
f 6513 6525 6526
f 6513 6526 6514
f 6514 6526 6527
f 6514 6527 6515
f 6515 6527 6528
f 6515 6528 6516
f 6516 6528 6529
f 6516 6529 6517
f 6517 6529 6530
f 6517 6530 6518
f 6518 6530 6531
f 6518 6531 6519
f 6519 6531 6532
f 6519 6532 6520
f 6520 6532 6521
f 6520 6521 6509
f 6535 6537 6538
f 6535 6538 6536
f 6537 6539 6540
f 6537 6540 6538
f 6539 6541 6542
f 6539 6542 6540
f 6541 6543 6544
f 6541 6544 6542
f 6543 6545 6546
f 6543 6546 6544
f 6545 6547 6548
f 6545 6548 6546
f 6547 6549 6550
f 6547 6550 6548
f 6549 6551 6552
f 6549 6552 6550
f 6551 6553 6554
f 6551 6554 6552
f 6553 6535 6536
f 6553 6536 6554
f 6615 6555 6556
f 6616 6604 6603
f 6615 6556 6557
f 6616 6605 6604
f 6615 6557 6558
f 6616 6606 6605
f 6615 6558 6559
f 6616 6607 6606
f 6615 6559 6560
f 6616 6608 6607
f 6615 6560 6561
f 6616 6609 6608
f 6615 6561 6562
f 6616 6610 6609
f 6615 6562 6563
f 6616 6611 6610
f 6615 6563 6564
f 6616 6612 6611
f 6615 6564 6565
f 6616 6613 6612
f 6615 6565 6566
f 6616 6614 6613
f 6615 6566 6555
f 6616 6603 6614
f 6555 6567 6568
f 6555 6568 6556
f 6556 6568 6569
f 6556 6569 6557
f 6557 6569 6570
f 6557 6570 6558
f 6558 6570 6571
f 6558 6571 6559
f 6559 6571 6572
f 6559 6572 6560
f 6560 6572 6573
f 6560 6573 6561
f 6561 6573 6574
f 6561 6574 6562
f 6562 6574 6575
f 6562 6575 6563
f 6563 6575 6576
f 6563 6576 6564
f 6564 6576 6577
f 6564 6577 6565
f 6565 6577 6578
f 6565 6578 6566
f 6566 6578 6567
f 6566 6567 6555
f 6567 6579 6580
f 6567 6580 6568
f 6568 6580 6581
f 6568 6581 6569
f 6569 6581 6582
f 6569 6582 6570
f 6570 6582 6583
f 6570 6583 6571
f 6571 6583 6584
f 6571 6584 6572
f 6572 6584 6585
f 6572 6585 6573
f 6573 6585 6586
f 6573 6586 6574
f 6574 6586 6587
f 6574 6587 6575
f 6575 6587 6588
f 6575 6588 6576
f 6576 6588 6589
f 6576 6589 6577
f 6577 6589 6590
f 6577 6590 6578
f 6578 6590 6579
f 6578 6579 6567
f 6579 6591 6592
f 6579 6592 6580
f 6580 6592 6593
f 6580 6593 6581
f 6581 6593 6594
f 6581 6594 6582
f 6582 6594 6595
f 6582 6595 6583
f 6583 6595 6596
f 6583 6596 6584
f 6584 6596 6597
f 6584 6597 6585
f 6585 6597 6598
f 6585 6598 6586
f 6586 6598 6599
f 6586 6599 6587
f 6587 6599 6600
f 6587 6600 6588
f 6588 6600 6601
f 6588 6601 6589
f 6589 6601 6602
f 6589 6602 6590
f 6590 6602 6591
f 6590 6591 6579
f 6591 6603 6604
f 6591 6604 6592
f 6592 6604 6605
f 6592 6605 6593
f 6593 6605 6606
f 6593 6606 6594
f 6594 6606 6607
f 6594 6607 6595
f 6595 6607 6608
f 6595 6608 6596
f 6596 6608 6609
f 6596 6609 6597
f 6597 6609 6610
f 6597 6610 6598
f 6598 6610 6611
f 6598 6611 6599
f 6599 6611 6612
f 6599 6612 6600
f 6600 6612 6613
f 6600 6613 6601
f 6601 6613 6614
f 6601 6614 6602
f 6602 6614 6603
f 6602 6603 6591
f 6617 6619 6620
f 6617 6620 6618
f 6619 6621 6622
f 6619 6622 6620
f 6621 6623 6624
f 6621 6624 6622
f 6623 6625 6626
f 6623 6626 6624
f 6625 6627 6628
f 6625 6628 6626
f 6627 6629 6630
f 6627 6630 6628
f 6629 6631 6632
f 6629 6632 6630
f 6631 6633 6634
f 6631 6634 6632
f 6633 6635 6636
f 6633 6636 6634
f 6635 6617 6618
f 6635 6618 6636
f 6697 6637 6638
f 6698 6686 6685
f 6697 6638 6639
f 6698 6687 6686
f 6697 6639 6640
f 6698 6688 6687
f 6697 6640 6641
f 6698 6689 6688
f 6697 6641 6642
f 6698 6690 6689
f 6697 6642 6643
f 6698 6691 6690
f 6697 6643 6644
f 6698 6692 6691
f 6697 6644 6645
f 6698 6693 6692
f 6697 6645 6646
f 6698 6694 6693
f 6697 6646 6647
f 6698 6695 6694
f 6697 6647 6648
f 6698 6696 6695
f 6697 6648 6637
f 6698 6685 6696
f 6637 6649 6650
f 6637 6650 6638
f 6638 6650 6651
f 6638 6651 6639
f 6639 6651 6652
f 6639 6652 6640
f 6640 6652 6653
f 6640 6653 6641
f 6641 6653 6654
f 6641 6654 6642
f 6642 6654 6655
f 6642 6655 6643
f 6643 6655 6656
f 6643 6656 6644
f 6644 6656 6657
f 6644 6657 6645
f 6645 6657 6658
f 6645 6658 6646
f 6646 6658 6659
f 6646 6659 6647
f 6647 6659 6660
f 6647 6660 6648
f 6648 6660 6649
f 6648 6649 6637
f 6649 6661 6662
f 6649 6662 6650
f 6650 6662 6663
f 6650 6663 6651
f 6651 6663 6664
f 6651 6664 6652
f 6652 6664 6665
f 6652 6665 6653
f 6653 6665 6666
f 6653 6666 6654
f 6654 6666 6667
f 6654 6667 6655
f 6655 6667 6668
f 6655 6668 6656
f 6656 6668 6669
f 6656 6669 6657
f 6657 6669 6670
f 6657 6670 6658
f 6658 6670 6671
f 6658 6671 6659
f 6659 6671 6672
f 6659 6672 6660
f 6660 6672 6661
f 6660 6661 6649
f 6661 6673 6674
f 6661 6674 6662
f 6662 6674 6675
f 6662 6675 6663
f 6663 6675 6676
f 6663 6676 6664
f 6664 6676 6677
f 6664 6677 6665
f 6665 6677 6678
f 6665 6678 6666
f 6666 6678 6679
f 6666 6679 6667
f 6667 6679 6680
f 6667 6680 6668
f 6668 6680 6681
f 6668 6681 6669
f 6669 6681 6682
f 6669 6682 6670
f 6670 6682 6683
f 6670 6683 6671
f 6671 6683 6684
f 6671 6684 6672
f 6672 6684 6673
f 6672 6673 6661
f 6673 6685 6686
f 6673 6686 6674
f 6674 6686 6687
f 6674 6687 6675
f 6675 6687 6688
f 6675 6688 6676
f 6676 6688 6689
f 6676 6689 6677
f 6677 6689 6690
f 6677 6690 6678
f 6678 6690 6691
f 6678 6691 6679
f 6679 6691 6692
f 6679 6692 6680
f 6680 6692 6693
f 6680 6693 6681
f 6681 6693 6694
f 6681 6694 6682
f 6682 6694 6695
f 6682 6695 6683
f 6683 6695 6696
f 6683 6696 6684
f 6684 6696 6685
f 6684 6685 6673
f 6699 6701 6702
f 6699 6702 6700
f 6701 6703 6704
f 6701 6704 6702
f 6703 6705 6706
f 6703 6706 6704
f 6705 6707 6708
f 6705 6708 6706
f 6707 6709 6710
f 6707 6710 6708
f 6709 6711 6712
f 6709 6712 6710
f 6711 6713 6714
f 6711 6714 6712
f 6713 6715 6716
f 6713 6716 6714
f 6715 6717 6718
f 6715 6718 6716
f 6717 6699 6700
f 6717 6700 6718
f 6779 6719 6720
f 6780 6768 6767
f 6779 6720 6721
f 6780 6769 6768
f 6779 6721 6722
f 6780 6770 6769
f 6779 6722 6723
f 6780 6771 6770
f 6779 6723 6724
f 6780 6772 6771
f 6779 6724 6725
f 6780 6773 6772
f 6779 6725 6726
f 6780 6774 6773
f 6779 6726 6727
f 6780 6775 6774
f 6779 6727 6728
f 6780 6776 6775
f 6779 6728 6729
f 6780 6777 6776
f 6779 6729 6730
f 6780 6778 6777
f 6779 6730 6719
f 6780 6767 6778
f 6719 6731 6732
f 6719 6732 6720
f 6720 6732 6733
f 6720 6733 6721
f 6721 6733 6734
f 6721 6734 6722
f 6722 6734 6735
f 6722 6735 6723
f 6723 6735 6736
f 6723 6736 6724
f 6724 6736 6737
f 6724 6737 6725
f 6725 6737 6738
f 6725 6738 6726
f 6726 6738 6739
f 6726 6739 6727
f 6727 6739 6740
f 6727 6740 6728
f 6728 6740 6741
f 6728 6741 6729
f 6729 6741 6742
f 6729 6742 6730
f 6730 6742 6731
f 6730 6731 6719
f 6731 6743 6744
f 6731 6744 6732
f 6732 6744 6745
f 6732 6745 6733
f 6733 6745 6746
f 6733 6746 6734
f 6734 6746 6747
f 6734 6747 6735
f 6735 6747 6748
f 6735 6748 6736
f 6736 6748 6749
f 6736 6749 6737
f 6737 6749 6750
f 6737 6750 6738
f 6738 6750 6751
f 6738 6751 6739
f 6739 6751 6752
f 6739 6752 6740
f 6740 6752 6753
f 6740 6753 6741
f 6741 6753 6754
f 6741 6754 6742
f 6742 6754 6743
f 6742 6743 6731
f 6743 6755 6756
f 6743 6756 6744
f 6744 6756 6757
f 6744 6757 6745
f 6745 6757 6758
f 6745 6758 6746
f 6746 6758 6759
f 6746 6759 6747
f 6747 6759 6760
f 6747 6760 6748
f 6748 6760 6761
f 6748 6761 6749
f 6749 6761 6762
f 6749 6762 6750
f 6750 6762 6763
f 6750 6763 6751
f 6751 6763 6764
f 6751 6764 6752
f 6752 6764 6765
f 6752 6765 6753
f 6753 6765 6766
f 6753 6766 6754
f 6754 6766 6755
f 6754 6755 6743
f 6755 6767 6768
f 6755 6768 6756
f 6756 6768 6769
f 6756 6769 6757
f 6757 6769 6770
f 6757 6770 6758
f 6758 6770 6771
f 6758 6771 6759
f 6759 6771 6772
f 6759 6772 6760
f 6760 6772 6773
f 6760 6773 6761
f 6761 6773 6774
f 6761 6774 6762
f 6762 6774 6775
f 6762 6775 6763
f 6763 6775 6776
f 6763 6776 6764
f 6764 6776 6777
f 6764 6777 6765
f 6765 6777 6778
f 6765 6778 6766
f 6766 6778 6767
f 6766 6767 6755
f 6781 6783 6784
f 6781 6784 6782
f 6783 6785 6786
f 6783 6786 6784
f 6785 6787 6788
f 6785 6788 6786
f 6787 6789 6790
f 6787 6790 6788
f 6789 6791 6792
f 6789 6792 6790
f 6791 6793 6794
f 6791 6794 6792
f 6793 6795 6796
f 6793 6796 6794
f 6795 6797 6798
f 6795 6798 6796
f 6797 6799 6800
f 6797 6800 6798
f 6799 6781 6782
f 6799 6782 6800
f 6861 6801 6802
f 6862 6850 6849
f 6861 6802 6803
f 6862 6851 6850
f 6861 6803 6804
f 6862 6852 6851
f 6861 6804 6805
f 6862 6853 6852
f 6861 6805 6806
f 6862 6854 6853
f 6861 6806 6807
f 6862 6855 6854
f 6861 6807 6808
f 6862 6856 6855
f 6861 6808 6809
f 6862 6857 6856
f 6861 6809 6810
f 6862 6858 6857
f 6861 6810 6811
f 6862 6859 6858
f 6861 6811 6812
f 6862 6860 6859
f 6861 6812 6801
f 6862 6849 6860
f 6801 6813 6814
f 6801 6814 6802
f 6802 6814 6815
f 6802 6815 6803
f 6803 6815 6816
f 6803 6816 6804
f 6804 6816 6817
f 6804 6817 6805
f 6805 6817 6818
f 6805 6818 6806
f 6806 6818 6819
f 6806 6819 6807
f 6807 6819 6820
f 6807 6820 6808
f 6808 6820 6821
f 6808 6821 6809
f 6809 6821 6822
f 6809 6822 6810
f 6810 6822 6823
f 6810 6823 6811
f 6811 6823 6824
f 6811 6824 6812
f 6812 6824 6813
f 6812 6813 6801
f 6813 6825 6826
f 6813 6826 6814
f 6814 6826 6827
f 6814 6827 6815
f 6815 6827 6828
f 6815 6828 6816
f 6816 6828 6829
f 6816 6829 6817
f 6817 6829 6830
f 6817 6830 6818
f 6818 6830 6831
f 6818 6831 6819
f 6819 6831 6832
f 6819 6832 6820
f 6820 6832 6833
f 6820 6833 6821
f 6821 6833 6834
f 6821 6834 6822
f 6822 6834 6835
f 6822 6835 6823
f 6823 6835 6836
f 6823 6836 6824
f 6824 6836 6825
f 6824 6825 6813
f 6825 6837 6838
f 6825 6838 6826
f 6826 6838 6839
f 6826 6839 6827
f 6827 6839 6840
f 6827 6840 6828
f 6828 6840 6841
f 6828 6841 6829
f 6829 6841 6842
f 6829 6842 6830
f 6830 6842 6843
f 6830 6843 6831
f 6831 6843 6844
f 6831 6844 6832
f 6832 6844 6845
f 6832 6845 6833
f 6833 6845 6846
f 6833 6846 6834
f 6834 6846 6847
f 6834 6847 6835
f 6835 6847 6848
f 6835 6848 6836
f 6836 6848 6837
f 6836 6837 6825
f 6837 6849 6850
f 6837 6850 6838
f 6838 6850 6851
f 6838 6851 6839
f 6839 6851 6852
f 6839 6852 6840
f 6840 6852 6853
f 6840 6853 6841
f 6841 6853 6854
f 6841 6854 6842
f 6842 6854 6855
f 6842 6855 6843
f 6843 6855 6856
f 6843 6856 6844
f 6844 6856 6857
f 6844 6857 6845
f 6845 6857 6858
f 6845 6858 6846
f 6846 6858 6859
f 6846 6859 6847
f 6847 6859 6860
f 6847 6860 6848
f 6848 6860 6849
f 6848 6849 6837
f 6863 6865 6866
f 6863 6866 6864
f 6865 6867 6868
f 6865 6868 6866
f 6867 6869 6870
f 6867 6870 6868
f 6869 6871 6872
f 6869 6872 6870
f 6871 6873 6874
f 6871 6874 6872
f 6873 6875 6876
f 6873 6876 6874
f 6875 6877 6878
f 6875 6878 6876
f 6877 6879 6880
f 6877 6880 6878
f 6879 6881 6882
f 6879 6882 6880
f 6881 6863 6864
f 6881 6864 6882
f 6943 6883 6884
f 6944 6932 6931
f 6943 6884 6885
f 6944 6933 6932
f 6943 6885 6886
f 6944 6934 6933
f 6943 6886 6887
f 6944 6935 6934
f 6943 6887 6888
f 6944 6936 6935
f 6943 6888 6889
f 6944 6937 6936
f 6943 6889 6890
f 6944 6938 6937
f 6943 6890 6891
f 6944 6939 6938
f 6943 6891 6892
f 6944 6940 6939
f 6943 6892 6893
f 6944 6941 6940
f 6943 6893 6894
f 6944 6942 6941
f 6943 6894 6883
f 6944 6931 6942
f 6883 6895 6896
f 6883 6896 6884
f 6884 6896 6897
f 6884 6897 6885
f 6885 6897 6898
f 6885 6898 6886
f 6886 6898 6899
f 6886 6899 6887
f 6887 6899 6900
f 6887 6900 6888
f 6888 6900 6901
f 6888 6901 6889
f 6889 6901 6902
f 6889 6902 6890
f 6890 6902 6903
f 6890 6903 6891
f 6891 6903 6904
f 6891 6904 6892
f 6892 6904 6905
f 6892 6905 6893
f 6893 6905 6906
f 6893 6906 6894
f 6894 6906 6895
f 6894 6895 6883
f 6895 6907 6908
f 6895 6908 6896
f 6896 6908 6909
f 6896 6909 6897
f 6897 6909 6910
f 6897 6910 6898
f 6898 6910 6911
f 6898 6911 6899
f 6899 6911 6912
f 6899 6912 6900
f 6900 6912 6913
f 6900 6913 6901
f 6901 6913 6914
f 6901 6914 6902
f 6902 6914 6915
f 6902 6915 6903
f 6903 6915 6916
f 6903 6916 6904
f 6904 6916 6917
f 6904 6917 6905
f 6905 6917 6918
f 6905 6918 6906
f 6906 6918 6907
f 6906 6907 6895
f 6907 6919 6920
f 6907 6920 6908
f 6908 6920 6921
f 6908 6921 6909
f 6909 6921 6922
f 6909 6922 6910
f 6910 6922 6923
f 6910 6923 6911
f 6911 6923 6924
f 6911 6924 6912
f 6912 6924 6925
f 6912 6925 6913
f 6913 6925 6926
f 6913 6926 6914
f 6914 6926 6927
f 6914 6927 6915
f 6915 6927 6928
f 6915 6928 6916
f 6916 6928 6929
f 6916 6929 6917
f 6917 6929 6930
f 6917 6930 6918
f 6918 6930 6919
f 6918 6919 6907
f 6919 6931 6932
f 6919 6932 6920
f 6920 6932 6933
f 6920 6933 6921
f 6921 6933 6934
f 6921 6934 6922
f 6922 6934 6935
f 6922 6935 6923
f 6923 6935 6936
f 6923 6936 6924
f 6924 6936 6937
f 6924 6937 6925
f 6925 6937 6938
f 6925 6938 6926
f 6926 6938 6939
f 6926 6939 6927
f 6927 6939 6940
f 6927 6940 6928
f 6928 6940 6941
f 6928 6941 6929
f 6929 6941 6942
f 6929 6942 6930
f 6930 6942 6931
f 6930 6931 6919
f 6945 6947 6948
f 6945 6948 6946
f 6947 6949 6950
f 6947 6950 6948
f 6949 6951 6952
f 6949 6952 6950
f 6951 6953 6954
f 6951 6954 6952
f 6953 6955 6956
f 6953 6956 6954
f 6955 6957 6958
f 6955 6958 6956
f 6957 6959 6960
f 6957 6960 6958
f 6959 6961 6962
f 6959 6962 6960
f 6961 6963 6964
f 6961 6964 6962
f 6963 6945 6946
f 6963 6946 6964
f 7025 6965 6966
f 7026 7014 7013
f 7025 6966 6967
f 7026 7015 7014
f 7025 6967 6968
f 7026 7016 7015
f 7025 6968 6969
f 7026 7017 7016
f 7025 6969 6970
f 7026 7018 7017
f 7025 6970 6971
f 7026 7019 7018
f 7025 6971 6972
f 7026 7020 7019
f 7025 6972 6973
f 7026 7021 7020
f 7025 6973 6974
f 7026 7022 7021
f 7025 6974 6975
f 7026 7023 7022
f 7025 6975 6976
f 7026 7024 7023
f 7025 6976 6965
f 7026 7013 7024
f 6965 6977 6978
f 6965 6978 6966
f 6966 6978 6979
f 6966 6979 6967
f 6967 6979 6980
f 6967 6980 6968
f 6968 6980 6981
f 6968 6981 6969
f 6969 6981 6982
f 6969 6982 6970
f 6970 6982 6983
f 6970 6983 6971
f 6971 6983 6984
f 6971 6984 6972
f 6972 6984 6985
f 6972 6985 6973
f 6973 6985 6986
f 6973 6986 6974
f 6974 6986 6987
f 6974 6987 6975
f 6975 6987 6988
f 6975 6988 6976
f 6976 6988 6977
f 6976 6977 6965
f 6977 6989 6990
f 6977 6990 6978
f 6978 6990 6991
f 6978 6991 6979
f 6979 6991 6992
f 6979 6992 6980
f 6980 6992 6993
f 6980 6993 6981
f 6981 6993 6994
f 6981 6994 6982
f 6982 6994 6995
f 6982 6995 6983
f 6983 6995 6996
f 6983 6996 6984
f 6984 6996 6997
f 6984 6997 6985
f 6985 6997 6998
f 6985 6998 6986
f 6986 6998 6999
f 6986 6999 6987
f 6987 6999 7000
f 6987 7000 6988
f 6988 7000 6989
f 6988 6989 6977
f 6989 7001 7002
f 6989 7002 6990
f 6990 7002 7003
f 6990 7003 6991
f 6991 7003 7004
f 6991 7004 6992
f 6992 7004 7005
f 6992 7005 6993
f 6993 7005 7006
f 6993 7006 6994
f 6994 7006 7007
f 6994 7007 6995
f 6995 7007 7008
f 6995 7008 6996
f 6996 7008 7009
f 6996 7009 6997
f 6997 7009 7010
f 6997 7010 6998
f 6998 7010 7011
f 6998 7011 6999
f 6999 7011 7012
f 6999 7012 7000
f 7000 7012 7001
f 7000 7001 6989
f 7001 7013 7014
f 7001 7014 7002
f 7002 7014 7015
f 7002 7015 7003
f 7003 7015 7016
f 7003 7016 7004
f 7004 7016 7017
f 7004 7017 7005
f 7005 7017 7018
f 7005 7018 7006
f 7006 7018 7019
f 7006 7019 7007
f 7007 7019 7020
f 7007 7020 7008
f 7008 7020 7021
f 7008 7021 7009
f 7009 7021 7022
f 7009 7022 7010
f 7010 7022 7023
f 7010 7023 7011
f 7011 7023 7024
f 7011 7024 7012
f 7012 7024 7013
f 7012 7013 7001
f 7027 7029 7030
f 7027 7030 7028
f 7029 7031 7032
f 7029 7032 7030
f 7031 7033 7034
f 7031 7034 7032
f 7033 7035 7036
f 7033 7036 7034
f 7035 7037 7038
f 7035 7038 7036
f 7037 7039 7040
f 7037 7040 7038
f 7039 7041 7042
f 7039 7042 7040
f 7041 7043 7044
f 7041 7044 7042
f 7043 7045 7046
f 7043 7046 7044
f 7045 7027 7028
f 7045 7028 7046
f 7107 7047 7048
f 7108 7096 7095
f 7107 7048 7049
f 7108 7097 7096
f 7107 7049 7050
f 7108 7098 7097
f 7107 7050 7051
f 7108 7099 7098
f 7107 7051 7052
f 7108 7100 7099
f 7107 7052 7053
f 7108 7101 7100
f 7107 7053 7054
f 7108 7102 7101
f 7107 7054 7055
f 7108 7103 7102
f 7107 7055 7056
f 7108 7104 7103
f 7107 7056 7057
f 7108 7105 7104
f 7107 7057 7058
f 7108 7106 7105
f 7107 7058 7047
f 7108 7095 7106
f 7047 7059 7060
f 7047 7060 7048
f 7048 7060 7061
f 7048 7061 7049
f 7049 7061 7062
f 7049 7062 7050
f 7050 7062 7063
f 7050 7063 7051
f 7051 7063 7064
f 7051 7064 7052
f 7052 7064 7065
f 7052 7065 7053
f 7053 7065 7066
f 7053 7066 7054
f 7054 7066 7067
f 7054 7067 7055
f 7055 7067 7068
f 7055 7068 7056
f 7056 7068 7069
f 7056 7069 7057
f 7057 7069 7070
f 7057 7070 7058
f 7058 7070 7059
f 7058 7059 7047
f 7059 7071 7072
f 7059 7072 7060
f 7060 7072 7073
f 7060 7073 7061
f 7061 7073 7074
f 7061 7074 7062
f 7062 7074 7075
f 7062 7075 7063
f 7063 7075 7076
f 7063 7076 7064
f 7064 7076 7077
f 7064 7077 7065
f 7065 7077 7078
f 7065 7078 7066
f 7066 7078 7079
f 7066 7079 7067
f 7067 7079 7080
f 7067 7080 7068
f 7068 7080 7081
f 7068 7081 7069
f 7069 7081 7082
f 7069 7082 7070
f 7070 7082 7071
f 7070 7071 7059
f 7071 7083 7084
f 7071 7084 7072
f 7072 7084 7085
f 7072 7085 7073
f 7073 7085 7086
f 7073 7086 7074
f 7074 7086 7087
f 7074 7087 7075
f 7075 7087 7088
f 7075 7088 7076
f 7076 7088 7089
f 7076 7089 7077
f 7077 7089 7090
f 7077 7090 7078
f 7078 7090 7091
f 7078 7091 7079
f 7079 7091 7092
f 7079 7092 7080
f 7080 7092 7093
f 7080 7093 7081
f 7081 7093 7094
f 7081 7094 7082
f 7082 7094 7083
f 7082 7083 7071
f 7083 7095 7096
f 7083 7096 7084
f 7084 7096 7097
f 7084 7097 7085
f 7085 7097 7098
f 7085 7098 7086
f 7086 7098 7099
f 7086 7099 7087
f 7087 7099 7100
f 7087 7100 7088
f 7088 7100 7101
f 7088 7101 7089
f 7089 7101 7102
f 7089 7102 7090
f 7090 7102 7103
f 7090 7103 7091
f 7091 7103 7104
f 7091 7104 7092
f 7092 7104 7105
f 7092 7105 7093
f 7093 7105 7106
f 7093 7106 7094
f 7094 7106 7095
f 7094 7095 7083
f 7109 7111 7112
f 7109 7112 7110
f 7111 7113 7114
f 7111 7114 7112
f 7113 7115 7116
f 7113 7116 7114
f 7115 7117 7118
f 7115 7118 7116
f 7117 7119 7120
f 7117 7120 7118
f 7119 7121 7122
f 7119 7122 7120
f 7121 7123 7124
f 7121 7124 7122
f 7123 7125 7126
f 7123 7126 7124
f 7125 7127 7128
f 7125 7128 7126
f 7127 7109 7110
f 7127 7110 7128
f 7189 7129 7130
f 7190 7178 7177
f 7189 7130 7131
f 7190 7179 7178
f 7189 7131 7132
f 7190 7180 7179
f 7189 7132 7133
f 7190 7181 7180
f 7189 7133 7134
f 7190 7182 7181
f 7189 7134 7135
f 7190 7183 7182
f 7189 7135 7136
f 7190 7184 7183
f 7189 7136 7137
f 7190 7185 7184
f 7189 7137 7138
f 7190 7186 7185
f 7189 7138 7139
f 7190 7187 7186
f 7189 7139 7140
f 7190 7188 7187
f 7189 7140 7129
f 7190 7177 7188
f 7129 7141 7142
f 7129 7142 7130
f 7130 7142 7143
f 7130 7143 7131
f 7131 7143 7144
f 7131 7144 7132
f 7132 7144 7145
f 7132 7145 7133
f 7133 7145 7146
f 7133 7146 7134
f 7134 7146 7147
f 7134 7147 7135
f 7135 7147 7148
f 7135 7148 7136
f 7136 7148 7149
f 7136 7149 7137
f 7137 7149 7150
f 7137 7150 7138
f 7138 7150 7151
f 7138 7151 7139
f 7139 7151 7152
f 7139 7152 7140
f 7140 7152 7141
f 7140 7141 7129
f 7141 7153 7154
f 7141 7154 7142
f 7142 7154 7155
f 7142 7155 7143
f 7143 7155 7156
f 7143 7156 7144
f 7144 7156 7157
f 7144 7157 7145
f 7145 7157 7158
f 7145 7158 7146
f 7146 7158 7159
f 7146 7159 7147
f 7147 7159 7160
f 7147 7160 7148
f 7148 7160 7161
f 7148 7161 7149
f 7149 7161 7162
f 7149 7162 7150
f 7150 7162 7163
f 7150 7163 7151
f 7151 7163 7164
f 7151 7164 7152
f 7152 7164 7153
f 7152 7153 7141
f 7153 7165 7166
f 7153 7166 7154
f 7154 7166 7167
f 7154 7167 7155
f 7155 7167 7168
f 7155 7168 7156
f 7156 7168 7169
f 7156 7169 7157
f 7157 7169 7170
f 7157 7170 7158
f 7158 7170 7171
f 7158 7171 7159
f 7159 7171 7172
f 7159 7172 7160
f 7160 7172 7173
f 7160 7173 7161
f 7161 7173 7174
f 7161 7174 7162
f 7162 7174 7175
f 7162 7175 7163
f 7163 7175 7176
f 7163 7176 7164
f 7164 7176 7165
f 7164 7165 7153
f 7165 7177 7178
f 7165 7178 7166
f 7166 7178 7179
f 7166 7179 7167
f 7167 7179 7180
f 7167 7180 7168
f 7168 7180 7181
f 7168 7181 7169
f 7169 7181 7182
f 7169 7182 7170
f 7170 7182 7183
f 7170 7183 7171
f 7171 7183 7184
f 7171 7184 7172
f 7172 7184 7185
f 7172 7185 7173
f 7173 7185 7186
f 7173 7186 7174
f 7174 7186 7187
f 7174 7187 7175
f 7175 7187 7188
f 7175 7188 7176
f 7176 7188 7177
f 7176 7177 7165
f 7191 7193 7194
f 7191 7194 7192
f 7193 7195 7196
f 7193 7196 7194
f 7195 7197 7198
f 7195 7198 7196
f 7197 7199 7200
f 7197 7200 7198
f 7199 7201 7202
f 7199 7202 7200
f 7201 7203 7204
f 7201 7204 7202
f 7203 7205 7206
f 7203 7206 7204
f 7205 7207 7208
f 7205 7208 7206
f 7207 7209 7210
f 7207 7210 7208
f 7209 7191 7192
f 7209 7192 7210
f 7271 7211 7212
f 7272 7260 7259
f 7271 7212 7213
f 7272 7261 7260
f 7271 7213 7214
f 7272 7262 7261
f 7271 7214 7215
f 7272 7263 7262
f 7271 7215 7216
f 7272 7264 7263
f 7271 7216 7217
f 7272 7265 7264
f 7271 7217 7218
f 7272 7266 7265
f 7271 7218 7219
f 7272 7267 7266
f 7271 7219 7220
f 7272 7268 7267
f 7271 7220 7221
f 7272 7269 7268
f 7271 7221 7222
f 7272 7270 7269
f 7271 7222 7211
f 7272 7259 7270
f 7211 7223 7224
f 7211 7224 7212
f 7212 7224 7225
f 7212 7225 7213
f 7213 7225 7226
f 7213 7226 7214
f 7214 7226 7227
f 7214 7227 7215
f 7215 7227 7228
f 7215 7228 7216
f 7216 7228 7229
f 7216 7229 7217
f 7217 7229 7230
f 7217 7230 7218
f 7218 7230 7231
f 7218 7231 7219
f 7219 7231 7232
f 7219 7232 7220
f 7220 7232 7233
f 7220 7233 7221
f 7221 7233 7234
f 7221 7234 7222
f 7222 7234 7223
f 7222 7223 7211
f 7223 7235 7236
f 7223 7236 7224
f 7224 7236 7237
f 7224 7237 7225
f 7225 7237 7238
f 7225 7238 7226
f 7226 7238 7239
f 7226 7239 7227
f 7227 7239 7240
f 7227 7240 7228
f 7228 7240 7241
f 7228 7241 7229
f 7229 7241 7242
f 7229 7242 7230
f 7230 7242 7243
f 7230 7243 7231
f 7231 7243 7244
f 7231 7244 7232
f 7232 7244 7245
f 7232 7245 7233
f 7233 7245 7246
f 7233 7246 7234
f 7234 7246 7235
f 7234 7235 7223
f 7235 7247 7248
f 7235 7248 7236
f 7236 7248 7249
f 7236 7249 7237
f 7237 7249 7250
f 7237 7250 7238
f 7238 7250 7251
f 7238 7251 7239
f 7239 7251 7252
f 7239 7252 7240
f 7240 7252 7253
f 7240 7253 7241
f 7241 7253 7254
f 7241 7254 7242
f 7242 7254 7255
f 7242 7255 7243
f 7243 7255 7256
f 7243 7256 7244
f 7244 7256 7257
f 7244 7257 7245
f 7245 7257 7258
f 7245 7258 7246
f 7246 7258 7247
f 7246 7247 7235
f 7247 7259 7260
f 7247 7260 7248
f 7248 7260 7261
f 7248 7261 7249
f 7249 7261 7262
f 7249 7262 7250
f 7250 7262 7263
f 7250 7263 7251
f 7251 7263 7264
f 7251 7264 7252
f 7252 7264 7265
f 7252 7265 7253
f 7253 7265 7266
f 7253 7266 7254
f 7254 7266 7267
f 7254 7267 7255
f 7255 7267 7268
f 7255 7268 7256
f 7256 7268 7269
f 7256 7269 7257
f 7257 7269 7270
f 7257 7270 7258
f 7258 7270 7259
f 7258 7259 7247
f 7273 7275 7276
f 7273 7276 7274
f 7275 7277 7278
f 7275 7278 7276
f 7277 7279 7280
f 7277 7280 7278
f 7279 7281 7282
f 7279 7282 7280
f 7281 7283 7284
f 7281 7284 7282
f 7283 7285 7286
f 7283 7286 7284
f 7285 7287 7288
f 7285 7288 7286
f 7287 7289 7290
f 7287 7290 7288
f 7289 7291 7292
f 7289 7292 7290
f 7291 7273 7274
f 7291 7274 7292
f 7353 7293 7294
f 7354 7342 7341
f 7353 7294 7295
f 7354 7343 7342
f 7353 7295 7296
f 7354 7344 7343
f 7353 7296 7297
f 7354 7345 7344
f 7353 7297 7298
f 7354 7346 7345
f 7353 7298 7299
f 7354 7347 7346
f 7353 7299 7300
f 7354 7348 7347
f 7353 7300 7301
f 7354 7349 7348
f 7353 7301 7302
f 7354 7350 7349
f 7353 7302 7303
f 7354 7351 7350
f 7353 7303 7304
f 7354 7352 7351
f 7353 7304 7293
f 7354 7341 7352
f 7293 7305 7306
f 7293 7306 7294
f 7294 7306 7307
f 7294 7307 7295
f 7295 7307 7308
f 7295 7308 7296
f 7296 7308 7309
f 7296 7309 7297
f 7297 7309 7310
f 7297 7310 7298
f 7298 7310 7311
f 7298 7311 7299
f 7299 7311 7312
f 7299 7312 7300
f 7300 7312 7313
f 7300 7313 7301
f 7301 7313 7314
f 7301 7314 7302
f 7302 7314 7315
f 7302 7315 7303
f 7303 7315 7316
f 7303 7316 7304
f 7304 7316 7305
f 7304 7305 7293
f 7305 7317 7318
f 7305 7318 7306
f 7306 7318 7319
f 7306 7319 7307
f 7307 7319 7320
f 7307 7320 7308
f 7308 7320 7321
f 7308 7321 7309
f 7309 7321 7322
f 7309 7322 7310
f 7310 7322 7323
f 7310 7323 7311
f 7311 7323 7324
f 7311 7324 7312
f 7312 7324 7325
f 7312 7325 7313
f 7313 7325 7326
f 7313 7326 7314
f 7314 7326 7327
f 7314 7327 7315
f 7315 7327 7328
f 7315 7328 7316
f 7316 7328 7317
f 7316 7317 7305
f 7317 7329 7330
f 7317 7330 7318
f 7318 7330 7331
f 7318 7331 7319
f 7319 7331 7332
f 7319 7332 7320
f 7320 7332 7333
f 7320 7333 7321
f 7321 7333 7334
f 7321 7334 7322
f 7322 7334 7335
f 7322 7335 7323
f 7323 7335 7336
f 7323 7336 7324
f 7324 7336 7337
f 7324 7337 7325
f 7325 7337 7338
f 7325 7338 7326
f 7326 7338 7339
f 7326 7339 7327
f 7327 7339 7340
f 7327 7340 7328
f 7328 7340 7329
f 7328 7329 7317
f 7329 7341 7342
f 7329 7342 7330
f 7330 7342 7343
f 7330 7343 7331
f 7331 7343 7344
f 7331 7344 7332
f 7332 7344 7345
f 7332 7345 7333
f 7333 7345 7346
f 7333 7346 7334
f 7334 7346 7347
f 7334 7347 7335
f 7335 7347 7348
f 7335 7348 7336
f 7336 7348 7349
f 7336 7349 7337
f 7337 7349 7350
f 7337 7350 7338
f 7338 7350 7351
f 7338 7351 7339
f 7339 7351 7352
f 7339 7352 7340
f 7340 7352 7341
f 7340 7341 7329
f 7355 7357 7358
f 7355 7358 7356
f 7357 7359 7360
f 7357 7360 7358
f 7359 7361 7362
f 7359 7362 7360
f 7361 7363 7364
f 7361 7364 7362
f 7363 7365 7366
f 7363 7366 7364
f 7365 7367 7368
f 7365 7368 7366
f 7367 7369 7370
f 7367 7370 7368
f 7369 7371 7372
f 7369 7372 7370
f 7371 7373 7374
f 7371 7374 7372
f 7373 7355 7356
f 7373 7356 7374
f 7435 7375 7376
f 7436 7424 7423
f 7435 7376 7377
f 7436 7425 7424
f 7435 7377 7378
f 7436 7426 7425
f 7435 7378 7379
f 7436 7427 7426
f 7435 7379 7380
f 7436 7428 7427
f 7435 7380 7381
f 7436 7429 7428
f 7435 7381 7382
f 7436 7430 7429
f 7435 7382 7383
f 7436 7431 7430
f 7435 7383 7384
f 7436 7432 7431
f 7435 7384 7385
f 7436 7433 7432
f 7435 7385 7386
f 7436 7434 7433
f 7435 7386 7375
f 7436 7423 7434
f 7375 7387 7388
f 7375 7388 7376
f 7376 7388 7389
f 7376 7389 7377
f 7377 7389 7390
f 7377 7390 7378
f 7378 7390 7391
f 7378 7391 7379
f 7379 7391 7392
f 7379 7392 7380
f 7380 7392 7393
f 7380 7393 7381
f 7381 7393 7394
f 7381 7394 7382
f 7382 7394 7395
f 7382 7395 7383
f 7383 7395 7396
f 7383 7396 7384
f 7384 7396 7397
f 7384 7397 7385
f 7385 7397 7398
f 7385 7398 7386
f 7386 7398 7387
f 7386 7387 7375
f 7387 7399 7400
f 7387 7400 7388
f 7388 7400 7401
f 7388 7401 7389
f 7389 7401 7402
f 7389 7402 7390
f 7390 7402 7403
f 7390 7403 7391
f 7391 7403 7404
f 7391 7404 7392
f 7392 7404 7405
f 7392 7405 7393
f 7393 7405 7406
f 7393 7406 7394
f 7394 7406 7407
f 7394 7407 7395
f 7395 7407 7408
f 7395 7408 7396
f 7396 7408 7409
f 7396 7409 7397
f 7397 7409 7410
f 7397 7410 7398
f 7398 7410 7399
f 7398 7399 7387
f 7399 7411 7412
f 7399 7412 7400
f 7400 7412 7413
f 7400 7413 7401
f 7401 7413 7414
f 7401 7414 7402
f 7402 7414 7415
f 7402 7415 7403
f 7403 7415 7416
f 7403 7416 7404
f 7404 7416 7417
f 7404 7417 7405
f 7405 7417 7418
f 7405 7418 7406
f 7406 7418 7419
f 7406 7419 7407
f 7407 7419 7420
f 7407 7420 7408
f 7408 7420 7421
f 7408 7421 7409
f 7409 7421 7422
f 7409 7422 7410
f 7410 7422 7411
f 7410 7411 7399
f 7411 7423 7424
f 7411 7424 7412
f 7412 7424 7425
f 7412 7425 7413
f 7413 7425 7426
f 7413 7426 7414
f 7414 7426 7427
f 7414 7427 7415
f 7415 7427 7428
f 7415 7428 7416
f 7416 7428 7429
f 7416 7429 7417
f 7417 7429 7430
f 7417 7430 7418
f 7418 7430 7431
f 7418 7431 7419
f 7419 7431 7432
f 7419 7432 7420
f 7420 7432 7433
f 7420 7433 7421
f 7421 7433 7434
f 7421 7434 7422
f 7422 7434 7423
f 7422 7423 7411
f 7437 7439 7440
f 7437 7440 7438
f 7439 7441 7442
f 7439 7442 7440
f 7441 7443 7444
f 7441 7444 7442
f 7443 7445 7446
f 7443 7446 7444
f 7445 7447 7448
f 7445 7448 7446
f 7447 7449 7450
f 7447 7450 7448
f 7449 7451 7452
f 7449 7452 7450
f 7451 7453 7454
f 7451 7454 7452
f 7453 7455 7456
f 7453 7456 7454
f 7455 7437 7438
f 7455 7438 7456
f 7517 7457 7458
f 7518 7506 7505
f 7517 7458 7459
f 7518 7507 7506
f 7517 7459 7460
f 7518 7508 7507
f 7517 7460 7461
f 7518 7509 7508
f 7517 7461 7462
f 7518 7510 7509
f 7517 7462 7463
f 7518 7511 7510
f 7517 7463 7464
f 7518 7512 7511
f 7517 7464 7465
f 7518 7513 7512
f 7517 7465 7466
f 7518 7514 7513
f 7517 7466 7467
f 7518 7515 7514
f 7517 7467 7468
f 7518 7516 7515
f 7517 7468 7457
f 7518 7505 7516
f 7457 7469 7470
f 7457 7470 7458
f 7458 7470 7471
f 7458 7471 7459
f 7459 7471 7472
f 7459 7472 7460
f 7460 7472 7473
f 7460 7473 7461
f 7461 7473 7474
f 7461 7474 7462
f 7462 7474 7475
f 7462 7475 7463
f 7463 7475 7476
f 7463 7476 7464
f 7464 7476 7477
f 7464 7477 7465
f 7465 7477 7478
f 7465 7478 7466
f 7466 7478 7479
f 7466 7479 7467
f 7467 7479 7480
f 7467 7480 7468
f 7468 7480 7469
f 7468 7469 7457
f 7469 7481 7482
f 7469 7482 7470
f 7470 7482 7483
f 7470 7483 7471
f 7471 7483 7484
f 7471 7484 7472
f 7472 7484 7485
f 7472 7485 7473
f 7473 7485 7486
f 7473 7486 7474
f 7474 7486 7487
f 7474 7487 7475
f 7475 7487 7488
f 7475 7488 7476
f 7476 7488 7489
f 7476 7489 7477
f 7477 7489 7490
f 7477 7490 7478
f 7478 7490 7491
f 7478 7491 7479
f 7479 7491 7492
f 7479 7492 7480
f 7480 7492 7481
f 7480 7481 7469
f 7481 7493 7494
f 7481 7494 7482
f 7482 7494 7495
f 7482 7495 7483
f 7483 7495 7496
f 7483 7496 7484
f 7484 7496 7497
f 7484 7497 7485
f 7485 7497 7498
f 7485 7498 7486
f 7486 7498 7499
f 7486 7499 7487
f 7487 7499 7500
f 7487 7500 7488
f 7488 7500 7501
f 7488 7501 7489
f 7489 7501 7502
f 7489 7502 7490
f 7490 7502 7503
f 7490 7503 7491
f 7491 7503 7504
f 7491 7504 7492
f 7492 7504 7493
f 7492 7493 7481
f 7493 7505 7506
f 7493 7506 7494
f 7494 7506 7507
f 7494 7507 7495
f 7495 7507 7508
f 7495 7508 7496
f 7496 7508 7509
f 7496 7509 7497
f 7497 7509 7510
f 7497 7510 7498
f 7498 7510 7511
f 7498 7511 7499
f 7499 7511 7512
f 7499 7512 7500
f 7500 7512 7513
f 7500 7513 7501
f 7501 7513 7514
f 7501 7514 7502
f 7502 7514 7515
f 7502 7515 7503
f 7503 7515 7516
f 7503 7516 7504
f 7504 7516 7505
f 7504 7505 7493
f 7519 7521 7522
f 7519 7522 7520
f 7521 7523 7524
f 7521 7524 7522
f 7523 7525 7526
f 7523 7526 7524
f 7525 7527 7528
f 7525 7528 7526
f 7527 7529 7530
f 7527 7530 7528
f 7529 7531 7532
f 7529 7532 7530
f 7531 7533 7534
f 7531 7534 7532
f 7533 7535 7536
f 7533 7536 7534
f 7535 7537 7538
f 7535 7538 7536
f 7537 7519 7520
f 7537 7520 7538
f 7599 7539 7540
f 7600 7588 7587
f 7599 7540 7541
f 7600 7589 7588
f 7599 7541 7542
f 7600 7590 7589
f 7599 7542 7543
f 7600 7591 7590
f 7599 7543 7544
f 7600 7592 7591
f 7599 7544 7545
f 7600 7593 7592
f 7599 7545 7546
f 7600 7594 7593
f 7599 7546 7547
f 7600 7595 7594
f 7599 7547 7548
f 7600 7596 7595
f 7599 7548 7549
f 7600 7597 7596
f 7599 7549 7550
f 7600 7598 7597
f 7599 7550 7539
f 7600 7587 7598
f 7539 7551 7552
f 7539 7552 7540
f 7540 7552 7553
f 7540 7553 7541
f 7541 7553 7554
f 7541 7554 7542
f 7542 7554 7555
f 7542 7555 7543
f 7543 7555 7556
f 7543 7556 7544
f 7544 7556 7557
f 7544 7557 7545
f 7545 7557 7558
f 7545 7558 7546
f 7546 7558 7559
f 7546 7559 7547
f 7547 7559 7560
f 7547 7560 7548
f 7548 7560 7561
f 7548 7561 7549
f 7549 7561 7562
f 7549 7562 7550
f 7550 7562 7551
f 7550 7551 7539
f 7551 7563 7564
f 7551 7564 7552
f 7552 7564 7565
f 7552 7565 7553
f 7553 7565 7566
f 7553 7566 7554
f 7554 7566 7567
f 7554 7567 7555
f 7555 7567 7568
f 7555 7568 7556
f 7556 7568 7569
f 7556 7569 7557
f 7557 7569 7570
f 7557 7570 7558
f 7558 7570 7571
f 7558 7571 7559
f 7559 7571 7572
f 7559 7572 7560
f 7560 7572 7573
f 7560 7573 7561
f 7561 7573 7574
f 7561 7574 7562
f 7562 7574 7563
f 7562 7563 7551
f 7563 7575 7576
f 7563 7576 7564
f 7564 7576 7577
f 7564 7577 7565
f 7565 7577 7578
f 7565 7578 7566
f 7566 7578 7579
f 7566 7579 7567
f 7567 7579 7580
f 7567 7580 7568
f 7568 7580 7581
f 7568 7581 7569
f 7569 7581 7582
f 7569 7582 7570
f 7570 7582 7583
f 7570 7583 7571
f 7571 7583 7584
f 7571 7584 7572
f 7572 7584 7585
f 7572 7585 7573
f 7573 7585 7586
f 7573 7586 7574
f 7574 7586 7575
f 7574 7575 7563
f 7575 7587 7588
f 7575 7588 7576
f 7576 7588 7589
f 7576 7589 7577
f 7577 7589 7590
f 7577 7590 7578
f 7578 7590 7591
f 7578 7591 7579
f 7579 7591 7592
f 7579 7592 7580
f 7580 7592 7593
f 7580 7593 7581
f 7581 7593 7594
f 7581 7594 7582
f 7582 7594 7595
f 7582 7595 7583
f 7583 7595 7596
f 7583 7596 7584
f 7584 7596 7597
f 7584 7597 7585
f 7585 7597 7598
f 7585 7598 7586
f 7586 7598 7587
f 7586 7587 7575
f 7601 7603 7604
f 7601 7604 7602
f 7603 7605 7606
f 7603 7606 7604
f 7605 7607 7608
f 7605 7608 7606
f 7607 7609 7610
f 7607 7610 7608
f 7609 7611 7612
f 7609 7612 7610
f 7611 7613 7614
f 7611 7614 7612
f 7613 7615 7616
f 7613 7616 7614
f 7615 7617 7618
f 7615 7618 7616
f 7617 7619 7620
f 7617 7620 7618
f 7619 7601 7602
f 7619 7602 7620
f 7681 7621 7622
f 7682 7670 7669
f 7681 7622 7623
f 7682 7671 7670
f 7681 7623 7624
f 7682 7672 7671
f 7681 7624 7625
f 7682 7673 7672
f 7681 7625 7626
f 7682 7674 7673
f 7681 7626 7627
f 7682 7675 7674
f 7681 7627 7628
f 7682 7676 7675
f 7681 7628 7629
f 7682 7677 7676
f 7681 7629 7630
f 7682 7678 7677
f 7681 7630 7631
f 7682 7679 7678
f 7681 7631 7632
f 7682 7680 7679
f 7681 7632 7621
f 7682 7669 7680
f 7621 7633 7634
f 7621 7634 7622
f 7622 7634 7635
f 7622 7635 7623
f 7623 7635 7636
f 7623 7636 7624
f 7624 7636 7637
f 7624 7637 7625
f 7625 7637 7638
f 7625 7638 7626
f 7626 7638 7639
f 7626 7639 7627
f 7627 7639 7640
f 7627 7640 7628
f 7628 7640 7641
f 7628 7641 7629
f 7629 7641 7642
f 7629 7642 7630
f 7630 7642 7643
f 7630 7643 7631
f 7631 7643 7644
f 7631 7644 7632
f 7632 7644 7633
f 7632 7633 7621
f 7633 7645 7646
f 7633 7646 7634
f 7634 7646 7647
f 7634 7647 7635
f 7635 7647 7648
f 7635 7648 7636
f 7636 7648 7649
f 7636 7649 7637
f 7637 7649 7650
f 7637 7650 7638
f 7638 7650 7651
f 7638 7651 7639
f 7639 7651 7652
f 7639 7652 7640
f 7640 7652 7653
f 7640 7653 7641
f 7641 7653 7654
f 7641 7654 7642
f 7642 7654 7655
f 7642 7655 7643
f 7643 7655 7656
f 7643 7656 7644
f 7644 7656 7645
f 7644 7645 7633
f 7645 7657 7658
f 7645 7658 7646
f 7646 7658 7659
f 7646 7659 7647
f 7647 7659 7660
f 7647 7660 7648
f 7648 7660 7661
f 7648 7661 7649
f 7649 7661 7662
f 7649 7662 7650
f 7650 7662 7663
f 7650 7663 7651
f 7651 7663 7664
f 7651 7664 7652
f 7652 7664 7665
f 7652 7665 7653
f 7653 7665 7666
f 7653 7666 7654
f 7654 7666 7667
f 7654 7667 7655
f 7655 7667 7668
f 7655 7668 7656
f 7656 7668 7657
f 7656 7657 7645
f 7657 7669 7670
f 7657 7670 7658
f 7658 7670 7671
f 7658 7671 7659
f 7659 7671 7672
f 7659 7672 7660
f 7660 7672 7673
f 7660 7673 7661
f 7661 7673 7674
f 7661 7674 7662
f 7662 7674 7675
f 7662 7675 7663
f 7663 7675 7676
f 7663 7676 7664
f 7664 7676 7677
f 7664 7677 7665
f 7665 7677 7678
f 7665 7678 7666
f 7666 7678 7679
f 7666 7679 7667
f 7667 7679 7680
f 7667 7680 7668
f 7668 7680 7669
f 7668 7669 7657
f 7683 7685 7686
f 7683 7686 7684
f 7685 7687 7688
f 7685 7688 7686
f 7687 7689 7690
f 7687 7690 7688
f 7689 7691 7692
f 7689 7692 7690
f 7691 7693 7694
f 7691 7694 7692
f 7693 7695 7696
f 7693 7696 7694
f 7695 7697 7698
f 7695 7698 7696
f 7697 7699 7700
f 7697 7700 7698
f 7699 7701 7702
f 7699 7702 7700
f 7701 7683 7684
f 7701 7684 7702
f 7763 7703 7704
f 7764 7752 7751
f 7763 7704 7705
f 7764 7753 7752
f 7763 7705 7706
f 7764 7754 7753
f 7763 7706 7707
f 7764 7755 7754
f 7763 7707 7708
f 7764 7756 7755
f 7763 7708 7709
f 7764 7757 7756
f 7763 7709 7710
f 7764 7758 7757
f 7763 7710 7711
f 7764 7759 7758
f 7763 7711 7712
f 7764 7760 7759
f 7763 7712 7713
f 7764 7761 7760
f 7763 7713 7714
f 7764 7762 7761
f 7763 7714 7703
f 7764 7751 7762
f 7703 7715 7716
f 7703 7716 7704
f 7704 7716 7717
f 7704 7717 7705
f 7705 7717 7718
f 7705 7718 7706
f 7706 7718 7719
f 7706 7719 7707
f 7707 7719 7720
f 7707 7720 7708
f 7708 7720 7721
f 7708 7721 7709
f 7709 7721 7722
f 7709 7722 7710
f 7710 7722 7723
f 7710 7723 7711
f 7711 7723 7724
f 7711 7724 7712
f 7712 7724 7725
f 7712 7725 7713
f 7713 7725 7726
f 7713 7726 7714
f 7714 7726 7715
f 7714 7715 7703
f 7715 7727 7728
f 7715 7728 7716
f 7716 7728 7729
f 7716 7729 7717
f 7717 7729 7730
f 7717 7730 7718
f 7718 7730 7731
f 7718 7731 7719
f 7719 7731 7732
f 7719 7732 7720
f 7720 7732 7733
f 7720 7733 7721
f 7721 7733 7734
f 7721 7734 7722
f 7722 7734 7735
f 7722 7735 7723
f 7723 7735 7736
f 7723 7736 7724
f 7724 7736 7737
f 7724 7737 7725
f 7725 7737 7738
f 7725 7738 7726
f 7726 7738 7727
f 7726 7727 7715
f 7727 7739 7740
f 7727 7740 7728
f 7728 7740 7741
f 7728 7741 7729
f 7729 7741 7742
f 7729 7742 7730
f 7730 7742 7743
f 7730 7743 7731
f 7731 7743 7744
f 7731 7744 7732
f 7732 7744 7745
f 7732 7745 7733
f 7733 7745 7746
f 7733 7746 7734
f 7734 7746 7747
f 7734 7747 7735
f 7735 7747 7748
f 7735 7748 7736
f 7736 7748 7749
f 7736 7749 7737
f 7737 7749 7750
f 7737 7750 7738
f 7738 7750 7739
f 7738 7739 7727
f 7739 7751 7752
f 7739 7752 7740
f 7740 7752 7753
f 7740 7753 7741
f 7741 7753 7754
f 7741 7754 7742
f 7742 7754 7755
f 7742 7755 7743
f 7743 7755 7756
f 7743 7756 7744
f 7744 7756 7757
f 7744 7757 7745
f 7745 7757 7758
f 7745 7758 7746
f 7746 7758 7759
f 7746 7759 7747
f 7747 7759 7760
f 7747 7760 7748
f 7748 7760 7761
f 7748 7761 7749
f 7749 7761 7762
f 7749 7762 7750
f 7750 7762 7751
f 7750 7751 7739
f 7765 7767 7768
f 7765 7768 7766
f 7767 7769 7770
f 7767 7770 7768
f 7769 7771 7772
f 7769 7772 7770
f 7771 7773 7774
f 7771 7774 7772
f 7773 7775 7776
f 7773 7776 7774
f 7775 7777 7778
f 7775 7778 7776
f 7777 7779 7780
f 7777 7780 7778
f 7779 7781 7782
f 7779 7782 7780
f 7781 7783 7784
f 7781 7784 7782
f 7783 7765 7766
f 7783 7766 7784
f 7845 7785 7786
f 7846 7834 7833
f 7845 7786 7787
f 7846 7835 7834
f 7845 7787 7788
f 7846 7836 7835
f 7845 7788 7789
f 7846 7837 7836
f 7845 7789 7790
f 7846 7838 7837
f 7845 7790 7791
f 7846 7839 7838
f 7845 7791 7792
f 7846 7840 7839
f 7845 7792 7793
f 7846 7841 7840
f 7845 7793 7794
f 7846 7842 7841
f 7845 7794 7795
f 7846 7843 7842
f 7845 7795 7796
f 7846 7844 7843
f 7845 7796 7785
f 7846 7833 7844
f 7785 7797 7798
f 7785 7798 7786
f 7786 7798 7799
f 7786 7799 7787
f 7787 7799 7800
f 7787 7800 7788
f 7788 7800 7801
f 7788 7801 7789
f 7789 7801 7802
f 7789 7802 7790
f 7790 7802 7803
f 7790 7803 7791
f 7791 7803 7804
f 7791 7804 7792
f 7792 7804 7805
f 7792 7805 7793
f 7793 7805 7806
f 7793 7806 7794
f 7794 7806 7807
f 7794 7807 7795
f 7795 7807 7808
f 7795 7808 7796
f 7796 7808 7797
f 7796 7797 7785
f 7797 7809 7810
f 7797 7810 7798
f 7798 7810 7811
f 7798 7811 7799
f 7799 7811 7812
f 7799 7812 7800
f 7800 7812 7813
f 7800 7813 7801
f 7801 7813 7814
f 7801 7814 7802
f 7802 7814 7815
f 7802 7815 7803
f 7803 7815 7816
f 7803 7816 7804
f 7804 7816 7817
f 7804 7817 7805
f 7805 7817 7818
f 7805 7818 7806
f 7806 7818 7819
f 7806 7819 7807
f 7807 7819 7820
f 7807 7820 7808
f 7808 7820 7809
f 7808 7809 7797
f 7809 7821 7822
f 7809 7822 7810
f 7810 7822 7823
f 7810 7823 7811
f 7811 7823 7824
f 7811 7824 7812
f 7812 7824 7825
f 7812 7825 7813
f 7813 7825 7826
f 7813 7826 7814
f 7814 7826 7827
f 7814 7827 7815
f 7815 7827 7828
f 7815 7828 7816
f 7816 7828 7829
f 7816 7829 7817
f 7817 7829 7830
f 7817 7830 7818
f 7818 7830 7831
f 7818 7831 7819
f 7819 7831 7832
f 7819 7832 7820
f 7820 7832 7821
f 7820 7821 7809
f 7821 7833 7834
f 7821 7834 7822
f 7822 7834 7835
f 7822 7835 7823
f 7823 7835 7836
f 7823 7836 7824
f 7824 7836 7837
f 7824 7837 7825
f 7825 7837 7838
f 7825 7838 7826
f 7826 7838 7839
f 7826 7839 7827
f 7827 7839 7840
f 7827 7840 7828
f 7828 7840 7841
f 7828 7841 7829
f 7829 7841 7842
f 7829 7842 7830
f 7830 7842 7843
f 7830 7843 7831
f 7831 7843 7844
f 7831 7844 7832
f 7832 7844 7833
f 7832 7833 7821
f 7847 7849 7850
f 7847 7850 7848
f 7849 7851 7852
f 7849 7852 7850
f 7851 7853 7854
f 7851 7854 7852
f 7853 7855 7856
f 7853 7856 7854
f 7855 7857 7858
f 7855 7858 7856
f 7857 7859 7860
f 7857 7860 7858
f 7859 7861 7862
f 7859 7862 7860
f 7861 7863 7864
f 7861 7864 7862
f 7863 7865 7866
f 7863 7866 7864
f 7865 7847 7848
f 7865 7848 7866
f 7927 7867 7868
f 7928 7916 7915
f 7927 7868 7869
f 7928 7917 7916
f 7927 7869 7870
f 7928 7918 7917
f 7927 7870 7871
f 7928 7919 7918
f 7927 7871 7872
f 7928 7920 7919
f 7927 7872 7873
f 7928 7921 7920
f 7927 7873 7874
f 7928 7922 7921
f 7927 7874 7875
f 7928 7923 7922
f 7927 7875 7876
f 7928 7924 7923
f 7927 7876 7877
f 7928 7925 7924
f 7927 7877 7878
f 7928 7926 7925
f 7927 7878 7867
f 7928 7915 7926
f 7867 7879 7880
f 7867 7880 7868
f 7868 7880 7881
f 7868 7881 7869
f 7869 7881 7882
f 7869 7882 7870
f 7870 7882 7883
f 7870 7883 7871
f 7871 7883 7884
f 7871 7884 7872
f 7872 7884 7885
f 7872 7885 7873
f 7873 7885 7886
f 7873 7886 7874
f 7874 7886 7887
f 7874 7887 7875
f 7875 7887 7888
f 7875 7888 7876
f 7876 7888 7889
f 7876 7889 7877
f 7877 7889 7890
f 7877 7890 7878
f 7878 7890 7879
f 7878 7879 7867
f 7879 7891 7892
f 7879 7892 7880
f 7880 7892 7893
f 7880 7893 7881
f 7881 7893 7894
f 7881 7894 7882
f 7882 7894 7895
f 7882 7895 7883
f 7883 7895 7896
f 7883 7896 7884
f 7884 7896 7897
f 7884 7897 7885
f 7885 7897 7898
f 7885 7898 7886
f 7886 7898 7899
f 7886 7899 7887
f 7887 7899 7900
f 7887 7900 7888
f 7888 7900 7901
f 7888 7901 7889
f 7889 7901 7902
f 7889 7902 7890
f 7890 7902 7891
f 7890 7891 7879
f 7891 7903 7904
f 7891 7904 7892
f 7892 7904 7905
f 7892 7905 7893
f 7893 7905 7906
f 7893 7906 7894
f 7894 7906 7907
f 7894 7907 7895
f 7895 7907 7908
f 7895 7908 7896
f 7896 7908 7909
f 7896 7909 7897
f 7897 7909 7910
f 7897 7910 7898
f 7898 7910 7911
f 7898 7911 7899
f 7899 7911 7912
f 7899 7912 7900
f 7900 7912 7913
f 7900 7913 7901
f 7901 7913 7914
f 7901 7914 7902
f 7902 7914 7903
f 7902 7903 7891
f 7903 7915 7916
f 7903 7916 7904
f 7904 7916 7917
f 7904 7917 7905
f 7905 7917 7918
f 7905 7918 7906
f 7906 7918 7919
f 7906 7919 7907
f 7907 7919 7920
f 7907 7920 7908
f 7908 7920 7921
f 7908 7921 7909
f 7909 7921 7922
f 7909 7922 7910
f 7910 7922 7923
f 7910 7923 7911
f 7911 7923 7924
f 7911 7924 7912
f 7912 7924 7925
f 7912 7925 7913
f 7913 7925 7926
f 7913 7926 7914
f 7914 7926 7915
f 7914 7915 7903
f 7929 7931 7932
f 7929 7932 7930
f 7931 7933 7934
f 7931 7934 7932
f 7933 7935 7936
f 7933 7936 7934
f 7935 7937 7938
f 7935 7938 7936
f 7937 7939 7940
f 7937 7940 7938
f 7939 7941 7942
f 7939 7942 7940
f 7941 7943 7944
f 7941 7944 7942
f 7943 7945 7946
f 7943 7946 7944
f 7945 7947 7948
f 7945 7948 7946
f 7947 7929 7930
f 7947 7930 7948
f 8009 7949 7950
f 8010 7998 7997
f 8009 7950 7951
f 8010 7999 7998
f 8009 7951 7952
f 8010 8000 7999
f 8009 7952 7953
f 8010 8001 8000
f 8009 7953 7954
f 8010 8002 8001
f 8009 7954 7955
f 8010 8003 8002
f 8009 7955 7956
f 8010 8004 8003
f 8009 7956 7957
f 8010 8005 8004
f 8009 7957 7958
f 8010 8006 8005
f 8009 7958 7959
f 8010 8007 8006
f 8009 7959 7960
f 8010 8008 8007
f 8009 7960 7949
f 8010 7997 8008
f 7949 7961 7962
f 7949 7962 7950
f 7950 7962 7963
f 7950 7963 7951
f 7951 7963 7964
f 7951 7964 7952
f 7952 7964 7965
f 7952 7965 7953
f 7953 7965 7966
f 7953 7966 7954
f 7954 7966 7967
f 7954 7967 7955
f 7955 7967 7968
f 7955 7968 7956
f 7956 7968 7969
f 7956 7969 7957
f 7957 7969 7970
f 7957 7970 7958
f 7958 7970 7971
f 7958 7971 7959
f 7959 7971 7972
f 7959 7972 7960
f 7960 7972 7961
f 7960 7961 7949
f 7961 7973 7974
f 7961 7974 7962
f 7962 7974 7975
f 7962 7975 7963
f 7963 7975 7976
f 7963 7976 7964
f 7964 7976 7977
f 7964 7977 7965
f 7965 7977 7978
f 7965 7978 7966
f 7966 7978 7979
f 7966 7979 7967
f 7967 7979 7980
f 7967 7980 7968
f 7968 7980 7981
f 7968 7981 7969
f 7969 7981 7982
f 7969 7982 7970
f 7970 7982 7983
f 7970 7983 7971
f 7971 7983 7984
f 7971 7984 7972
f 7972 7984 7973
f 7972 7973 7961
f 7973 7985 7986
f 7973 7986 7974
f 7974 7986 7987
f 7974 7987 7975
f 7975 7987 7988
f 7975 7988 7976
f 7976 7988 7989
f 7976 7989 7977
f 7977 7989 7990
f 7977 7990 7978
f 7978 7990 7991
f 7978 7991 7979
f 7979 7991 7992
f 7979 7992 7980
f 7980 7992 7993
f 7980 7993 7981
f 7981 7993 7994
f 7981 7994 7982
f 7982 7994 7995
f 7982 7995 7983
f 7983 7995 7996
f 7983 7996 7984
f 7984 7996 7985
f 7984 7985 7973
f 7985 7997 7998
f 7985 7998 7986
f 7986 7998 7999
f 7986 7999 7987
f 7987 7999 8000
f 7987 8000 7988
f 7988 8000 8001
f 7988 8001 7989
f 7989 8001 8002
f 7989 8002 7990
f 7990 8002 8003
f 7990 8003 7991
f 7991 8003 8004
f 7991 8004 7992
f 7992 8004 8005
f 7992 8005 7993
f 7993 8005 8006
f 7993 8006 7994
f 7994 8006 8007
f 7994 8007 7995
f 7995 8007 8008
f 7995 8008 7996
f 7996 8008 7997
f 7996 7997 7985
f 8011 8013 8014
f 8011 8014 8012
f 8013 8015 8016
f 8013 8016 8014
f 8015 8017 8018
f 8015 8018 8016
f 8017 8019 8020
f 8017 8020 8018
f 8019 8021 8022
f 8019 8022 8020
f 8021 8023 8024
f 8021 8024 8022
f 8023 8025 8026
f 8023 8026 8024
f 8025 8027 8028
f 8025 8028 8026
f 8027 8029 8030
f 8027 8030 8028
f 8029 8011 8012
f 8029 8012 8030
f 8091 8031 8032
f 8092 8080 8079
f 8091 8032 8033
f 8092 8081 8080
f 8091 8033 8034
f 8092 8082 8081
f 8091 8034 8035
f 8092 8083 8082
f 8091 8035 8036
f 8092 8084 8083
f 8091 8036 8037
f 8092 8085 8084
f 8091 8037 8038
f 8092 8086 8085
f 8091 8038 8039
f 8092 8087 8086
f 8091 8039 8040
f 8092 8088 8087
f 8091 8040 8041
f 8092 8089 8088
f 8091 8041 8042
f 8092 8090 8089
f 8091 8042 8031
f 8092 8079 8090
f 8031 8043 8044
f 8031 8044 8032
f 8032 8044 8045
f 8032 8045 8033
f 8033 8045 8046
f 8033 8046 8034
f 8034 8046 8047
f 8034 8047 8035
f 8035 8047 8048
f 8035 8048 8036
f 8036 8048 8049
f 8036 8049 8037
f 8037 8049 8050
f 8037 8050 8038
f 8038 8050 8051
f 8038 8051 8039
f 8039 8051 8052
f 8039 8052 8040
f 8040 8052 8053
f 8040 8053 8041
f 8041 8053 8054
f 8041 8054 8042
f 8042 8054 8043
f 8042 8043 8031
f 8043 8055 8056
f 8043 8056 8044
f 8044 8056 8057
f 8044 8057 8045
f 8045 8057 8058
f 8045 8058 8046
f 8046 8058 8059
f 8046 8059 8047
f 8047 8059 8060
f 8047 8060 8048
f 8048 8060 8061
f 8048 8061 8049
f 8049 8061 8062
f 8049 8062 8050
f 8050 8062 8063
f 8050 8063 8051
f 8051 8063 8064
f 8051 8064 8052
f 8052 8064 8065
f 8052 8065 8053
f 8053 8065 8066
f 8053 8066 8054
f 8054 8066 8055
f 8054 8055 8043
f 8055 8067 8068
f 8055 8068 8056
f 8056 8068 8069
f 8056 8069 8057
f 8057 8069 8070
f 8057 8070 8058
f 8058 8070 8071
f 8058 8071 8059
f 8059 8071 8072
f 8059 8072 8060
f 8060 8072 8073
f 8060 8073 8061
f 8061 8073 8074
f 8061 8074 8062
f 8062 8074 8075
f 8062 8075 8063
f 8063 8075 8076
f 8063 8076 8064
f 8064 8076 8077
f 8064 8077 8065
f 8065 8077 8078
f 8065 8078 8066
f 8066 8078 8067
f 8066 8067 8055
f 8067 8079 8080
f 8067 8080 8068
f 8068 8080 8081
f 8068 8081 8069
f 8069 8081 8082
f 8069 8082 8070
f 8070 8082 8083
f 8070 8083 8071
f 8071 8083 8084
f 8071 8084 8072
f 8072 8084 8085
f 8072 8085 8073
f 8073 8085 8086
f 8073 8086 8074
f 8074 8086 8087
f 8074 8087 8075
f 8075 8087 8088
f 8075 8088 8076
f 8076 8088 8089
f 8076 8089 8077
f 8077 8089 8090
f 8077 8090 8078
f 8078 8090 8079
f 8078 8079 8067
f 8093 8095 8096
f 8093 8096 8094
f 8095 8097 8098
f 8095 8098 8096
f 8097 8099 8100
f 8097 8100 8098
f 8099 8101 8102
f 8099 8102 8100
f 8101 8103 8104
f 8101 8104 8102
f 8103 8105 8106
f 8103 8106 8104
f 8105 8107 8108
f 8105 8108 8106
f 8107 8109 8110
f 8107 8110 8108
f 8109 8111 8112
f 8109 8112 8110
f 8111 8093 8094
f 8111 8094 8112
f 8173 8113 8114
f 8174 8162 8161
f 8173 8114 8115
f 8174 8163 8162
f 8173 8115 8116
f 8174 8164 8163
f 8173 8116 8117
f 8174 8165 8164
f 8173 8117 8118
f 8174 8166 8165
f 8173 8118 8119
f 8174 8167 8166
f 8173 8119 8120
f 8174 8168 8167
f 8173 8120 8121
f 8174 8169 8168
f 8173 8121 8122
f 8174 8170 8169
f 8173 8122 8123
f 8174 8171 8170
f 8173 8123 8124
f 8174 8172 8171
f 8173 8124 8113
f 8174 8161 8172
f 8113 8125 8126
f 8113 8126 8114
f 8114 8126 8127
f 8114 8127 8115
f 8115 8127 8128
f 8115 8128 8116
f 8116 8128 8129
f 8116 8129 8117
f 8117 8129 8130
f 8117 8130 8118
f 8118 8130 8131
f 8118 8131 8119
f 8119 8131 8132
f 8119 8132 8120
f 8120 8132 8133
f 8120 8133 8121
f 8121 8133 8134
f 8121 8134 8122
f 8122 8134 8135
f 8122 8135 8123
f 8123 8135 8136
f 8123 8136 8124
f 8124 8136 8125
f 8124 8125 8113
f 8125 8137 8138
f 8125 8138 8126
f 8126 8138 8139
f 8126 8139 8127
f 8127 8139 8140
f 8127 8140 8128
f 8128 8140 8141
f 8128 8141 8129
f 8129 8141 8142
f 8129 8142 8130
f 8130 8142 8143
f 8130 8143 8131
f 8131 8143 8144
f 8131 8144 8132
f 8132 8144 8145
f 8132 8145 8133
f 8133 8145 8146
f 8133 8146 8134
f 8134 8146 8147
f 8134 8147 8135
f 8135 8147 8148
f 8135 8148 8136
f 8136 8148 8137
f 8136 8137 8125
f 8137 8149 8150
f 8137 8150 8138
f 8138 8150 8151
f 8138 8151 8139
f 8139 8151 8152
f 8139 8152 8140
f 8140 8152 8153
f 8140 8153 8141
f 8141 8153 8154
f 8141 8154 8142
f 8142 8154 8155
f 8142 8155 8143
f 8143 8155 8156
f 8143 8156 8144
f 8144 8156 8157
f 8144 8157 8145
f 8145 8157 8158
f 8145 8158 8146
f 8146 8158 8159
f 8146 8159 8147
f 8147 8159 8160
f 8147 8160 8148
f 8148 8160 8149
f 8148 8149 8137
f 8149 8161 8162
f 8149 8162 8150
f 8150 8162 8163
f 8150 8163 8151
f 8151 8163 8164
f 8151 8164 8152
f 8152 8164 8165
f 8152 8165 8153
f 8153 8165 8166
f 8153 8166 8154
f 8154 8166 8167
f 8154 8167 8155
f 8155 8167 8168
f 8155 8168 8156
f 8156 8168 8169
f 8156 8169 8157
f 8157 8169 8170
f 8157 8170 8158
f 8158 8170 8171
f 8158 8171 8159
f 8159 8171 8172
f 8159 8172 8160
f 8160 8172 8161
f 8160 8161 8149
f 8175 8177 8178
f 8175 8178 8176
f 8177 8179 8180
f 8177 8180 8178
f 8179 8181 8182
f 8179 8182 8180
f 8181 8183 8184
f 8181 8184 8182
f 8183 8185 8186
f 8183 8186 8184
f 8185 8187 8188
f 8185 8188 8186
f 8187 8189 8190
f 8187 8190 8188
f 8189 8191 8192
f 8189 8192 8190
f 8191 8193 8194
f 8191 8194 8192
f 8193 8175 8176
f 8193 8176 8194
f 8255 8195 8196
f 8256 8244 8243
f 8255 8196 8197
f 8256 8245 8244
f 8255 8197 8198
f 8256 8246 8245
f 8255 8198 8199
f 8256 8247 8246
f 8255 8199 8200
f 8256 8248 8247
f 8255 8200 8201
f 8256 8249 8248
f 8255 8201 8202
f 8256 8250 8249
f 8255 8202 8203
f 8256 8251 8250
f 8255 8203 8204
f 8256 8252 8251
f 8255 8204 8205
f 8256 8253 8252
f 8255 8205 8206
f 8256 8254 8253
f 8255 8206 8195
f 8256 8243 8254
f 8195 8207 8208
f 8195 8208 8196
f 8196 8208 8209
f 8196 8209 8197
f 8197 8209 8210
f 8197 8210 8198
f 8198 8210 8211
f 8198 8211 8199
f 8199 8211 8212
f 8199 8212 8200
f 8200 8212 8213
f 8200 8213 8201
f 8201 8213 8214
f 8201 8214 8202
f 8202 8214 8215
f 8202 8215 8203
f 8203 8215 8216
f 8203 8216 8204
f 8204 8216 8217
f 8204 8217 8205
f 8205 8217 8218
f 8205 8218 8206
f 8206 8218 8207
f 8206 8207 8195
f 8207 8219 8220
f 8207 8220 8208
f 8208 8220 8221
f 8208 8221 8209
f 8209 8221 8222
f 8209 8222 8210
f 8210 8222 8223
f 8210 8223 8211
f 8211 8223 8224
f 8211 8224 8212
f 8212 8224 8225
f 8212 8225 8213
f 8213 8225 8226
f 8213 8226 8214
f 8214 8226 8227
f 8214 8227 8215
f 8215 8227 8228
f 8215 8228 8216
f 8216 8228 8229
f 8216 8229 8217
f 8217 8229 8230
f 8217 8230 8218
f 8218 8230 8219
f 8218 8219 8207
f 8219 8231 8232
f 8219 8232 8220
f 8220 8232 8233
f 8220 8233 8221
f 8221 8233 8234
f 8221 8234 8222
f 8222 8234 8235
f 8222 8235 8223
f 8223 8235 8236
f 8223 8236 8224
f 8224 8236 8237
f 8224 8237 8225
f 8225 8237 8238
f 8225 8238 8226
f 8226 8238 8239
f 8226 8239 8227
f 8227 8239 8240
f 8227 8240 8228
f 8228 8240 8241
f 8228 8241 8229
f 8229 8241 8242
f 8229 8242 8230
f 8230 8242 8231
f 8230 8231 8219
f 8231 8243 8244
f 8231 8244 8232
f 8232 8244 8245
f 8232 8245 8233
f 8233 8245 8246
f 8233 8246 8234
f 8234 8246 8247
f 8234 8247 8235
f 8235 8247 8248
f 8235 8248 8236
f 8236 8248 8249
f 8236 8249 8237
f 8237 8249 8250
f 8237 8250 8238
f 8238 8250 8251
f 8238 8251 8239
f 8239 8251 8252
f 8239 8252 8240
f 8240 8252 8253
f 8240 8253 8241
f 8241 8253 8254
f 8241 8254 8242
f 8242 8254 8243
f 8242 8243 8231
f 8257 8259 8260
f 8257 8260 8258
f 8259 8261 8262
f 8259 8262 8260
f 8261 8263 8264
f 8261 8264 8262
f 8263 8265 8266
f 8263 8266 8264
f 8265 8267 8268
f 8265 8268 8266
f 8267 8269 8270
f 8267 8270 8268
f 8269 8271 8272
f 8269 8272 8270
f 8271 8273 8274
f 8271 8274 8272
f 8273 8275 8276
f 8273 8276 8274
f 8275 8257 8258
f 8275 8258 8276
f 8337 8277 8278
f 8338 8326 8325
f 8337 8278 8279
f 8338 8327 8326
f 8337 8279 8280
f 8338 8328 8327
f 8337 8280 8281
f 8338 8329 8328
f 8337 8281 8282
f 8338 8330 8329
f 8337 8282 8283
f 8338 8331 8330
f 8337 8283 8284
f 8338 8332 8331
f 8337 8284 8285
f 8338 8333 8332
f 8337 8285 8286
f 8338 8334 8333
f 8337 8286 8287
f 8338 8335 8334
f 8337 8287 8288
f 8338 8336 8335
f 8337 8288 8277
f 8338 8325 8336
f 8277 8289 8290
f 8277 8290 8278
f 8278 8290 8291
f 8278 8291 8279
f 8279 8291 8292
f 8279 8292 8280
f 8280 8292 8293
f 8280 8293 8281
f 8281 8293 8294
f 8281 8294 8282
f 8282 8294 8295
f 8282 8295 8283
f 8283 8295 8296
f 8283 8296 8284
f 8284 8296 8297
f 8284 8297 8285
f 8285 8297 8298
f 8285 8298 8286
f 8286 8298 8299
f 8286 8299 8287
f 8287 8299 8300
f 8287 8300 8288
f 8288 8300 8289
f 8288 8289 8277
f 8289 8301 8302
f 8289 8302 8290
f 8290 8302 8303
f 8290 8303 8291
f 8291 8303 8304
f 8291 8304 8292
f 8292 8304 8305
f 8292 8305 8293
f 8293 8305 8306
f 8293 8306 8294
f 8294 8306 8307
f 8294 8307 8295
f 8295 8307 8308
f 8295 8308 8296
f 8296 8308 8309
f 8296 8309 8297
f 8297 8309 8310
f 8297 8310 8298
f 8298 8310 8311
f 8298 8311 8299
f 8299 8311 8312
f 8299 8312 8300
f 8300 8312 8301
f 8300 8301 8289
f 8301 8313 8314
f 8301 8314 8302
f 8302 8314 8315
f 8302 8315 8303
f 8303 8315 8316
f 8303 8316 8304
f 8304 8316 8317
f 8304 8317 8305
f 8305 8317 8318
f 8305 8318 8306
f 8306 8318 8319
f 8306 8319 8307
f 8307 8319 8320
f 8307 8320 8308
f 8308 8320 8321
f 8308 8321 8309
f 8309 8321 8322
f 8309 8322 8310
f 8310 8322 8323
f 8310 8323 8311
f 8311 8323 8324
f 8311 8324 8312
f 8312 8324 8313
f 8312 8313 8301
f 8313 8325 8326
f 8313 8326 8314
f 8314 8326 8327
f 8314 8327 8315
f 8315 8327 8328
f 8315 8328 8316
f 8316 8328 8329
f 8316 8329 8317
f 8317 8329 8330
f 8317 8330 8318
f 8318 8330 8331
f 8318 8331 8319
f 8319 8331 8332
f 8319 8332 8320
f 8320 8332 8333
f 8320 8333 8321
f 8321 8333 8334
f 8321 8334 8322
f 8322 8334 8335
f 8322 8335 8323
f 8323 8335 8336
f 8323 8336 8324
f 8324 8336 8325
f 8324 8325 8313
f 8339 8341 8342
f 8339 8342 8340
f 8341 8343 8344
f 8341 8344 8342
f 8343 8345 8346
f 8343 8346 8344
f 8345 8347 8348
f 8345 8348 8346
f 8347 8349 8350
f 8347 8350 8348
f 8349 8351 8352
f 8349 8352 8350
f 8351 8353 8354
f 8351 8354 8352
f 8353 8355 8356
f 8353 8356 8354
f 8355 8357 8358
f 8355 8358 8356
f 8357 8339 8340
f 8357 8340 8358
f 8419 8359 8360
f 8420 8408 8407
f 8419 8360 8361
f 8420 8409 8408
f 8419 8361 8362
f 8420 8410 8409
f 8419 8362 8363
f 8420 8411 8410
f 8419 8363 8364
f 8420 8412 8411
f 8419 8364 8365
f 8420 8413 8412
f 8419 8365 8366
f 8420 8414 8413
f 8419 8366 8367
f 8420 8415 8414
f 8419 8367 8368
f 8420 8416 8415
f 8419 8368 8369
f 8420 8417 8416
f 8419 8369 8370
f 8420 8418 8417
f 8419 8370 8359
f 8420 8407 8418
f 8359 8371 8372
f 8359 8372 8360
f 8360 8372 8373
f 8360 8373 8361
f 8361 8373 8374
f 8361 8374 8362
f 8362 8374 8375
f 8362 8375 8363
f 8363 8375 8376
f 8363 8376 8364
f 8364 8376 8377
f 8364 8377 8365
f 8365 8377 8378
f 8365 8378 8366
f 8366 8378 8379
f 8366 8379 8367
f 8367 8379 8380
f 8367 8380 8368
f 8368 8380 8381
f 8368 8381 8369
f 8369 8381 8382
f 8369 8382 8370
f 8370 8382 8371
f 8370 8371 8359
f 8371 8383 8384
f 8371 8384 8372
f 8372 8384 8385
f 8372 8385 8373
f 8373 8385 8386
f 8373 8386 8374
f 8374 8386 8387
f 8374 8387 8375
f 8375 8387 8388
f 8375 8388 8376
f 8376 8388 8389
f 8376 8389 8377
f 8377 8389 8390
f 8377 8390 8378
f 8378 8390 8391
f 8378 8391 8379
f 8379 8391 8392
f 8379 8392 8380
f 8380 8392 8393
f 8380 8393 8381
f 8381 8393 8394
f 8381 8394 8382
f 8382 8394 8383
f 8382 8383 8371
f 8383 8395 8396
f 8383 8396 8384
f 8384 8396 8397
f 8384 8397 8385
f 8385 8397 8398
f 8385 8398 8386
f 8386 8398 8399
f 8386 8399 8387
f 8387 8399 8400
f 8387 8400 8388
f 8388 8400 8401
f 8388 8401 8389
f 8389 8401 8402
f 8389 8402 8390
f 8390 8402 8403
f 8390 8403 8391
f 8391 8403 8404
f 8391 8404 8392
f 8392 8404 8405
f 8392 8405 8393
f 8393 8405 8406
f 8393 8406 8394
f 8394 8406 8395
f 8394 8395 8383
f 8395 8407 8408
f 8395 8408 8396
f 8396 8408 8409
f 8396 8409 8397
f 8397 8409 8410
f 8397 8410 8398
f 8398 8410 8411
f 8398 8411 8399
f 8399 8411 8412
f 8399 8412 8400
f 8400 8412 8413
f 8400 8413 8401
f 8401 8413 8414
f 8401 8414 8402
f 8402 8414 8415
f 8402 8415 8403
f 8403 8415 8416
f 8403 8416 8404
f 8404 8416 8417
f 8404 8417 8405
f 8405 8417 8418
f 8405 8418 8406
f 8406 8418 8407
f 8406 8407 8395
f 8421 8423 8424
f 8421 8424 8422
f 8423 8425 8426
f 8423 8426 8424
f 8425 8427 8428
f 8425 8428 8426
f 8427 8429 8430
f 8427 8430 8428
f 8429 8431 8432
f 8429 8432 8430
f 8431 8433 8434
f 8431 8434 8432
f 8433 8435 8436
f 8433 8436 8434
f 8435 8437 8438
f 8435 8438 8436
f 8437 8439 8440
f 8437 8440 8438
f 8439 8421 8422
f 8439 8422 8440
f 8501 8441 8442
f 8502 8490 8489
f 8501 8442 8443
f 8502 8491 8490
f 8501 8443 8444
f 8502 8492 8491
f 8501 8444 8445
f 8502 8493 8492
f 8501 8445 8446
f 8502 8494 8493
f 8501 8446 8447
f 8502 8495 8494
f 8501 8447 8448
f 8502 8496 8495
f 8501 8448 8449
f 8502 8497 8496
f 8501 8449 8450
f 8502 8498 8497
f 8501 8450 8451
f 8502 8499 8498
f 8501 8451 8452
f 8502 8500 8499
f 8501 8452 8441
f 8502 8489 8500
f 8441 8453 8454
f 8441 8454 8442
f 8442 8454 8455
f 8442 8455 8443
f 8443 8455 8456
f 8443 8456 8444
f 8444 8456 8457
f 8444 8457 8445
f 8445 8457 8458
f 8445 8458 8446
f 8446 8458 8459
f 8446 8459 8447
f 8447 8459 8460
f 8447 8460 8448
f 8448 8460 8461
f 8448 8461 8449
f 8449 8461 8462
f 8449 8462 8450
f 8450 8462 8463
f 8450 8463 8451
f 8451 8463 8464
f 8451 8464 8452
f 8452 8464 8453
f 8452 8453 8441
f 8453 8465 8466
f 8453 8466 8454
f 8454 8466 8467
f 8454 8467 8455
f 8455 8467 8468
f 8455 8468 8456
f 8456 8468 8469
f 8456 8469 8457
f 8457 8469 8470
f 8457 8470 8458
f 8458 8470 8471
f 8458 8471 8459
f 8459 8471 8472
f 8459 8472 8460
f 8460 8472 8473
f 8460 8473 8461
f 8461 8473 8474
f 8461 8474 8462
f 8462 8474 8475
f 8462 8475 8463
f 8463 8475 8476
f 8463 8476 8464
f 8464 8476 8465
f 8464 8465 8453
f 8465 8477 8478
f 8465 8478 8466
f 8466 8478 8479
f 8466 8479 8467
f 8467 8479 8480
f 8467 8480 8468
f 8468 8480 8481
f 8468 8481 8469
f 8469 8481 8482
f 8469 8482 8470
f 8470 8482 8483
f 8470 8483 8471
f 8471 8483 8484
f 8471 8484 8472
f 8472 8484 8485
f 8472 8485 8473
f 8473 8485 8486
f 8473 8486 8474
f 8474 8486 8487
f 8474 8487 8475
f 8475 8487 8488
f 8475 8488 8476
f 8476 8488 8477
f 8476 8477 8465
f 8477 8489 8490
f 8477 8490 8478
f 8478 8490 8491
f 8478 8491 8479
f 8479 8491 8492
f 8479 8492 8480
f 8480 8492 8493
f 8480 8493 8481
f 8481 8493 8494
f 8481 8494 8482
f 8482 8494 8495
f 8482 8495 8483
f 8483 8495 8496
f 8483 8496 8484
f 8484 8496 8497
f 8484 8497 8485
f 8485 8497 8498
f 8485 8498 8486
f 8486 8498 8499
f 8486 8499 8487
f 8487 8499 8500
f 8487 8500 8488
f 8488 8500 8489
f 8488 8489 8477
f 8503 8505 8506
f 8503 8506 8504
f 8505 8507 8508
f 8505 8508 8506
f 8507 8509 8510
f 8507 8510 8508
f 8509 8511 8512
f 8509 8512 8510
f 8511 8513 8514
f 8511 8514 8512
f 8513 8515 8516
f 8513 8516 8514
f 8515 8517 8518
f 8515 8518 8516
f 8517 8519 8520
f 8517 8520 8518
f 8519 8521 8522
f 8519 8522 8520
f 8521 8503 8504
f 8521 8504 8522
f 8583 8523 8524
f 8584 8572 8571
f 8583 8524 8525
f 8584 8573 8572
f 8583 8525 8526
f 8584 8574 8573
f 8583 8526 8527
f 8584 8575 8574
f 8583 8527 8528
f 8584 8576 8575
f 8583 8528 8529
f 8584 8577 8576
f 8583 8529 8530
f 8584 8578 8577
f 8583 8530 8531
f 8584 8579 8578
f 8583 8531 8532
f 8584 8580 8579
f 8583 8532 8533
f 8584 8581 8580
f 8583 8533 8534
f 8584 8582 8581
f 8583 8534 8523
f 8584 8571 8582
f 8523 8535 8536
f 8523 8536 8524
f 8524 8536 8537
f 8524 8537 8525
f 8525 8537 8538
f 8525 8538 8526
f 8526 8538 8539
f 8526 8539 8527
f 8527 8539 8540
f 8527 8540 8528
f 8528 8540 8541
f 8528 8541 8529
f 8529 8541 8542
f 8529 8542 8530
f 8530 8542 8543
f 8530 8543 8531
f 8531 8543 8544
f 8531 8544 8532
f 8532 8544 8545
f 8532 8545 8533
f 8533 8545 8546
f 8533 8546 8534
f 8534 8546 8535
f 8534 8535 8523
f 8535 8547 8548
f 8535 8548 8536
f 8536 8548 8549
f 8536 8549 8537
f 8537 8549 8550
f 8537 8550 8538
f 8538 8550 8551
f 8538 8551 8539
f 8539 8551 8552
f 8539 8552 8540
f 8540 8552 8553
f 8540 8553 8541
f 8541 8553 8554
f 8541 8554 8542
f 8542 8554 8555
f 8542 8555 8543
f 8543 8555 8556
f 8543 8556 8544
f 8544 8556 8557
f 8544 8557 8545
f 8545 8557 8558
f 8545 8558 8546
f 8546 8558 8547
f 8546 8547 8535
f 8547 8559 8560
f 8547 8560 8548
f 8548 8560 8561
f 8548 8561 8549
f 8549 8561 8562
f 8549 8562 8550
f 8550 8562 8563
f 8550 8563 8551
f 8551 8563 8564
f 8551 8564 8552
f 8552 8564 8565
f 8552 8565 8553
f 8553 8565 8566
f 8553 8566 8554
f 8554 8566 8567
f 8554 8567 8555
f 8555 8567 8568
f 8555 8568 8556
f 8556 8568 8569
f 8556 8569 8557
f 8557 8569 8570
f 8557 8570 8558
f 8558 8570 8559
f 8558 8559 8547
f 8559 8571 8572
f 8559 8572 8560
f 8560 8572 8573
f 8560 8573 8561
f 8561 8573 8574
f 8561 8574 8562
f 8562 8574 8575
f 8562 8575 8563
f 8563 8575 8576
f 8563 8576 8564
f 8564 8576 8577
f 8564 8577 8565
f 8565 8577 8578
f 8565 8578 8566
f 8566 8578 8579
f 8566 8579 8567
f 8567 8579 8580
f 8567 8580 8568
f 8568 8580 8581
f 8568 8581 8569
f 8569 8581 8582
f 8569 8582 8570
f 8570 8582 8571
f 8570 8571 8559
f 8585 8587 8588
f 8585 8588 8586
f 8587 8589 8590
f 8587 8590 8588
f 8589 8591 8592
f 8589 8592 8590
f 8591 8593 8594
f 8591 8594 8592
f 8593 8595 8596
f 8593 8596 8594
f 8595 8597 8598
f 8595 8598 8596
f 8597 8599 8600
f 8597 8600 8598
f 8599 8601 8602
f 8599 8602 8600
f 8601 8603 8604
f 8601 8604 8602
f 8603 8585 8586
f 8603 8586 8604
f 8665 8605 8606
f 8666 8654 8653
f 8665 8606 8607
f 8666 8655 8654
f 8665 8607 8608
f 8666 8656 8655
f 8665 8608 8609
f 8666 8657 8656
f 8665 8609 8610
f 8666 8658 8657
f 8665 8610 8611
f 8666 8659 8658
f 8665 8611 8612
f 8666 8660 8659
f 8665 8612 8613
f 8666 8661 8660
f 8665 8613 8614
f 8666 8662 8661
f 8665 8614 8615
f 8666 8663 8662
f 8665 8615 8616
f 8666 8664 8663
f 8665 8616 8605
f 8666 8653 8664
f 8605 8617 8618
f 8605 8618 8606
f 8606 8618 8619
f 8606 8619 8607
f 8607 8619 8620
f 8607 8620 8608
f 8608 8620 8621
f 8608 8621 8609
f 8609 8621 8622
f 8609 8622 8610
f 8610 8622 8623
f 8610 8623 8611
f 8611 8623 8624
f 8611 8624 8612
f 8612 8624 8625
f 8612 8625 8613
f 8613 8625 8626
f 8613 8626 8614
f 8614 8626 8627
f 8614 8627 8615
f 8615 8627 8628
f 8615 8628 8616
f 8616 8628 8617
f 8616 8617 8605
f 8617 8629 8630
f 8617 8630 8618
f 8618 8630 8631
f 8618 8631 8619
f 8619 8631 8632
f 8619 8632 8620
f 8620 8632 8633
f 8620 8633 8621
f 8621 8633 8634
f 8621 8634 8622
f 8622 8634 8635
f 8622 8635 8623
f 8623 8635 8636
f 8623 8636 8624
f 8624 8636 8637
f 8624 8637 8625
f 8625 8637 8638
f 8625 8638 8626
f 8626 8638 8639
f 8626 8639 8627
f 8627 8639 8640
f 8627 8640 8628
f 8628 8640 8629
f 8628 8629 8617
f 8629 8641 8642
f 8629 8642 8630
f 8630 8642 8643
f 8630 8643 8631
f 8631 8643 8644
f 8631 8644 8632
f 8632 8644 8645
f 8632 8645 8633
f 8633 8645 8646
f 8633 8646 8634
f 8634 8646 8647
f 8634 8647 8635
f 8635 8647 8648
f 8635 8648 8636
f 8636 8648 8649
f 8636 8649 8637
f 8637 8649 8650
f 8637 8650 8638
f 8638 8650 8651
f 8638 8651 8639
f 8639 8651 8652
f 8639 8652 8640
f 8640 8652 8641
f 8640 8641 8629
f 8641 8653 8654
f 8641 8654 8642
f 8642 8654 8655
f 8642 8655 8643
f 8643 8655 8656
f 8643 8656 8644
f 8644 8656 8657
f 8644 8657 8645
f 8645 8657 8658
f 8645 8658 8646
f 8646 8658 8659
f 8646 8659 8647
f 8647 8659 8660
f 8647 8660 8648
f 8648 8660 8661
f 8648 8661 8649
f 8649 8661 8662
f 8649 8662 8650
f 8650 8662 8663
f 8650 8663 8651
f 8651 8663 8664
f 8651 8664 8652
f 8652 8664 8653
f 8652 8653 8641
f 8667 8669 8670
f 8667 8670 8668
f 8669 8671 8672
f 8669 8672 8670
f 8671 8673 8674
f 8671 8674 8672
f 8673 8675 8676
f 8673 8676 8674
f 8675 8677 8678
f 8675 8678 8676
f 8677 8679 8680
f 8677 8680 8678
f 8679 8681 8682
f 8679 8682 8680
f 8681 8683 8684
f 8681 8684 8682
f 8683 8685 8686
f 8683 8686 8684
f 8685 8667 8668
f 8685 8668 8686
f 8747 8687 8688
f 8748 8736 8735
f 8747 8688 8689
f 8748 8737 8736
f 8747 8689 8690
f 8748 8738 8737
f 8747 8690 8691
f 8748 8739 8738
f 8747 8691 8692
f 8748 8740 8739
f 8747 8692 8693
f 8748 8741 8740
f 8747 8693 8694
f 8748 8742 8741
f 8747 8694 8695
f 8748 8743 8742
f 8747 8695 8696
f 8748 8744 8743
f 8747 8696 8697
f 8748 8745 8744
f 8747 8697 8698
f 8748 8746 8745
f 8747 8698 8687
f 8748 8735 8746
f 8687 8699 8700
f 8687 8700 8688
f 8688 8700 8701
f 8688 8701 8689
f 8689 8701 8702
f 8689 8702 8690
f 8690 8702 8703
f 8690 8703 8691
f 8691 8703 8704
f 8691 8704 8692
f 8692 8704 8705
f 8692 8705 8693
f 8693 8705 8706
f 8693 8706 8694
f 8694 8706 8707
f 8694 8707 8695
f 8695 8707 8708
f 8695 8708 8696
f 8696 8708 8709
f 8696 8709 8697
f 8697 8709 8710
f 8697 8710 8698
f 8698 8710 8699
f 8698 8699 8687
f 8699 8711 8712
f 8699 8712 8700
f 8700 8712 8713
f 8700 8713 8701
f 8701 8713 8714
f 8701 8714 8702
f 8702 8714 8715
f 8702 8715 8703
f 8703 8715 8716
f 8703 8716 8704
f 8704 8716 8717
f 8704 8717 8705
f 8705 8717 8718
f 8705 8718 8706
f 8706 8718 8719
f 8706 8719 8707
f 8707 8719 8720
f 8707 8720 8708
f 8708 8720 8721
f 8708 8721 8709
f 8709 8721 8722
f 8709 8722 8710
f 8710 8722 8711
f 8710 8711 8699
f 8711 8723 8724
f 8711 8724 8712
f 8712 8724 8725
f 8712 8725 8713
f 8713 8725 8726
f 8713 8726 8714
f 8714 8726 8727
f 8714 8727 8715
f 8715 8727 8728
f 8715 8728 8716
f 8716 8728 8729
f 8716 8729 8717
f 8717 8729 8730
f 8717 8730 8718
f 8718 8730 8731
f 8718 8731 8719
f 8719 8731 8732
f 8719 8732 8720
f 8720 8732 8733
f 8720 8733 8721
f 8721 8733 8734
f 8721 8734 8722
f 8722 8734 8723
f 8722 8723 8711
f 8723 8735 8736
f 8723 8736 8724
f 8724 8736 8737
f 8724 8737 8725
f 8725 8737 8738
f 8725 8738 8726
f 8726 8738 8739
f 8726 8739 8727
f 8727 8739 8740
f 8727 8740 8728
f 8728 8740 8741
f 8728 8741 8729
f 8729 8741 8742
f 8729 8742 8730
f 8730 8742 8743
f 8730 8743 8731
f 8731 8743 8744
f 8731 8744 8732
f 8732 8744 8745
f 8732 8745 8733
f 8733 8745 8746
f 8733 8746 8734
f 8734 8746 8735
f 8734 8735 8723
f 8749 8751 8752
f 8749 8752 8750
f 8751 8753 8754
f 8751 8754 8752
f 8753 8755 8756
f 8753 8756 8754
f 8755 8757 8758
f 8755 8758 8756
f 8757 8759 8760
f 8757 8760 8758
f 8759 8761 8762
f 8759 8762 8760
f 8761 8763 8764
f 8761 8764 8762
f 8763 8765 8766
f 8763 8766 8764
f 8765 8767 8768
f 8765 8768 8766
f 8767 8749 8750
f 8767 8750 8768
f 8829 8769 8770
f 8830 8818 8817
f 8829 8770 8771
f 8830 8819 8818
f 8829 8771 8772
f 8830 8820 8819
f 8829 8772 8773
f 8830 8821 8820
f 8829 8773 8774
f 8830 8822 8821
f 8829 8774 8775
f 8830 8823 8822
f 8829 8775 8776
f 8830 8824 8823
f 8829 8776 8777
f 8830 8825 8824
f 8829 8777 8778
f 8830 8826 8825
f 8829 8778 8779
f 8830 8827 8826
f 8829 8779 8780
f 8830 8828 8827
f 8829 8780 8769
f 8830 8817 8828
f 8769 8781 8782
f 8769 8782 8770
f 8770 8782 8783
f 8770 8783 8771
f 8771 8783 8784
f 8771 8784 8772
f 8772 8784 8785
f 8772 8785 8773
f 8773 8785 8786
f 8773 8786 8774
f 8774 8786 8787
f 8774 8787 8775
f 8775 8787 8788
f 8775 8788 8776
f 8776 8788 8789
f 8776 8789 8777
f 8777 8789 8790
f 8777 8790 8778
f 8778 8790 8791
f 8778 8791 8779
f 8779 8791 8792
f 8779 8792 8780
f 8780 8792 8781
f 8780 8781 8769
f 8781 8793 8794
f 8781 8794 8782
f 8782 8794 8795
f 8782 8795 8783
f 8783 8795 8796
f 8783 8796 8784
f 8784 8796 8797
f 8784 8797 8785
f 8785 8797 8798
f 8785 8798 8786
f 8786 8798 8799
f 8786 8799 8787
f 8787 8799 8800
f 8787 8800 8788
f 8788 8800 8801
f 8788 8801 8789
f 8789 8801 8802
f 8789 8802 8790
f 8790 8802 8803
f 8790 8803 8791
f 8791 8803 8804
f 8791 8804 8792
f 8792 8804 8793
f 8792 8793 8781
f 8793 8805 8806
f 8793 8806 8794
f 8794 8806 8807
f 8794 8807 8795
f 8795 8807 8808
f 8795 8808 8796
f 8796 8808 8809
f 8796 8809 8797
f 8797 8809 8810
f 8797 8810 8798
f 8798 8810 8811
f 8798 8811 8799
f 8799 8811 8812
f 8799 8812 8800
f 8800 8812 8813
f 8800 8813 8801
f 8801 8813 8814
f 8801 8814 8802
f 8802 8814 8815
f 8802 8815 8803
f 8803 8815 8816
f 8803 8816 8804
f 8804 8816 8805
f 8804 8805 8793
f 8805 8817 8818
f 8805 8818 8806
f 8806 8818 8819
f 8806 8819 8807
f 8807 8819 8820
f 8807 8820 8808
f 8808 8820 8821
f 8808 8821 8809
f 8809 8821 8822
f 8809 8822 8810
f 8810 8822 8823
f 8810 8823 8811
f 8811 8823 8824
f 8811 8824 8812
f 8812 8824 8825
f 8812 8825 8813
f 8813 8825 8826
f 8813 8826 8814
f 8814 8826 8827
f 8814 8827 8815
f 8815 8827 8828
f 8815 8828 8816
f 8816 8828 8817
f 8816 8817 8805
f 8831 8833 8834
f 8831 8834 8832
f 8833 8835 8836
f 8833 8836 8834
f 8835 8837 8838
f 8835 8838 8836
f 8837 8839 8840
f 8837 8840 8838
f 8839 8841 8842
f 8839 8842 8840
f 8841 8843 8844
f 8841 8844 8842
f 8843 8845 8846
f 8843 8846 8844
f 8845 8847 8848
f 8845 8848 8846
f 8847 8849 8850
f 8847 8850 8848
f 8849 8831 8832
f 8849 8832 8850
f 8911 8851 8852
f 8912 8900 8899
f 8911 8852 8853
f 8912 8901 8900
f 8911 8853 8854
f 8912 8902 8901
f 8911 8854 8855
f 8912 8903 8902
f 8911 8855 8856
f 8912 8904 8903
f 8911 8856 8857
f 8912 8905 8904
f 8911 8857 8858
f 8912 8906 8905
f 8911 8858 8859
f 8912 8907 8906
f 8911 8859 8860
f 8912 8908 8907
f 8911 8860 8861
f 8912 8909 8908
f 8911 8861 8862
f 8912 8910 8909
f 8911 8862 8851
f 8912 8899 8910
f 8851 8863 8864
f 8851 8864 8852
f 8852 8864 8865
f 8852 8865 8853
f 8853 8865 8866
f 8853 8866 8854
f 8854 8866 8867
f 8854 8867 8855
f 8855 8867 8868
f 8855 8868 8856
f 8856 8868 8869
f 8856 8869 8857
f 8857 8869 8870
f 8857 8870 8858
f 8858 8870 8871
f 8858 8871 8859
f 8859 8871 8872
f 8859 8872 8860
f 8860 8872 8873
f 8860 8873 8861
f 8861 8873 8874
f 8861 8874 8862
f 8862 8874 8863
f 8862 8863 8851
f 8863 8875 8876
f 8863 8876 8864
f 8864 8876 8877
f 8864 8877 8865
f 8865 8877 8878
f 8865 8878 8866
f 8866 8878 8879
f 8866 8879 8867
f 8867 8879 8880
f 8867 8880 8868
f 8868 8880 8881
f 8868 8881 8869
f 8869 8881 8882
f 8869 8882 8870
f 8870 8882 8883
f 8870 8883 8871
f 8871 8883 8884
f 8871 8884 8872
f 8872 8884 8885
f 8872 8885 8873
f 8873 8885 8886
f 8873 8886 8874
f 8874 8886 8875
f 8874 8875 8863
f 8875 8887 8888
f 8875 8888 8876
f 8876 8888 8889
f 8876 8889 8877
f 8877 8889 8890
f 8877 8890 8878
f 8878 8890 8891
f 8878 8891 8879
f 8879 8891 8892
f 8879 8892 8880
f 8880 8892 8893
f 8880 8893 8881
f 8881 8893 8894
f 8881 8894 8882
f 8882 8894 8895
f 8882 8895 8883
f 8883 8895 8896
f 8883 8896 8884
f 8884 8896 8897
f 8884 8897 8885
f 8885 8897 8898
f 8885 8898 8886
f 8886 8898 8887
f 8886 8887 8875
f 8887 8899 8900
f 8887 8900 8888
f 8888 8900 8901
f 8888 8901 8889
f 8889 8901 8902
f 8889 8902 8890
f 8890 8902 8903
f 8890 8903 8891
f 8891 8903 8904
f 8891 8904 8892
f 8892 8904 8905
f 8892 8905 8893
f 8893 8905 8906
f 8893 8906 8894
f 8894 8906 8907
f 8894 8907 8895
f 8895 8907 8908
f 8895 8908 8896
f 8896 8908 8909
f 8896 8909 8897
f 8897 8909 8910
f 8897 8910 8898
f 8898 8910 8899
f 8898 8899 8887
f 8913 8915 8916
f 8913 8916 8914
f 8915 8917 8918
f 8915 8918 8916
f 8917 8919 8920
f 8917 8920 8918
f 8919 8921 8922
f 8919 8922 8920
f 8921 8923 8924
f 8921 8924 8922
f 8923 8925 8926
f 8923 8926 8924
f 8925 8927 8928
f 8925 8928 8926
f 8927 8929 8930
f 8927 8930 8928
f 8929 8931 8932
f 8929 8932 8930
f 8931 8913 8914
f 8931 8914 8932
f 8993 8933 8934
f 8994 8982 8981
f 8993 8934 8935
f 8994 8983 8982
f 8993 8935 8936
f 8994 8984 8983
f 8993 8936 8937
f 8994 8985 8984
f 8993 8937 8938
f 8994 8986 8985
f 8993 8938 8939
f 8994 8987 8986
f 8993 8939 8940
f 8994 8988 8987
f 8993 8940 8941
f 8994 8989 8988
f 8993 8941 8942
f 8994 8990 8989
f 8993 8942 8943
f 8994 8991 8990
f 8993 8943 8944
f 8994 8992 8991
f 8993 8944 8933
f 8994 8981 8992
f 8933 8945 8946
f 8933 8946 8934
f 8934 8946 8947
f 8934 8947 8935
f 8935 8947 8948
f 8935 8948 8936
f 8936 8948 8949
f 8936 8949 8937
f 8937 8949 8950
f 8937 8950 8938
f 8938 8950 8951
f 8938 8951 8939
f 8939 8951 8952
f 8939 8952 8940
f 8940 8952 8953
f 8940 8953 8941
f 8941 8953 8954
f 8941 8954 8942
f 8942 8954 8955
f 8942 8955 8943
f 8943 8955 8956
f 8943 8956 8944
f 8944 8956 8945
f 8944 8945 8933
f 8945 8957 8958
f 8945 8958 8946
f 8946 8958 8959
f 8946 8959 8947
f 8947 8959 8960
f 8947 8960 8948
f 8948 8960 8961
f 8948 8961 8949
f 8949 8961 8962
f 8949 8962 8950
f 8950 8962 8963
f 8950 8963 8951
f 8951 8963 8964
f 8951 8964 8952
f 8952 8964 8965
f 8952 8965 8953
f 8953 8965 8966
f 8953 8966 8954
f 8954 8966 8967
f 8954 8967 8955
f 8955 8967 8968
f 8955 8968 8956
f 8956 8968 8957
f 8956 8957 8945
f 8957 8969 8970
f 8957 8970 8958
f 8958 8970 8971
f 8958 8971 8959
f 8959 8971 8972
f 8959 8972 8960
f 8960 8972 8973
f 8960 8973 8961
f 8961 8973 8974
f 8961 8974 8962
f 8962 8974 8975
f 8962 8975 8963
f 8963 8975 8976
f 8963 8976 8964
f 8964 8976 8977
f 8964 8977 8965
f 8965 8977 8978
f 8965 8978 8966
f 8966 8978 8979
f 8966 8979 8967
f 8967 8979 8980
f 8967 8980 8968
f 8968 8980 8969
f 8968 8969 8957
f 8969 8981 8982
f 8969 8982 8970
f 8970 8982 8983
f 8970 8983 8971
f 8971 8983 8984
f 8971 8984 8972
f 8972 8984 8985
f 8972 8985 8973
f 8973 8985 8986
f 8973 8986 8974
f 8974 8986 8987
f 8974 8987 8975
f 8975 8987 8988
f 8975 8988 8976
f 8976 8988 8989
f 8976 8989 8977
f 8977 8989 8990
f 8977 8990 8978
f 8978 8990 8991
f 8978 8991 8979
f 8979 8991 8992
f 8979 8992 8980
f 8980 8992 8981
f 8980 8981 8969
f 8995 8997 8998
f 8995 8998 8996
f 8997 8999 9000
f 8997 9000 8998
f 8999 9001 9002
f 8999 9002 9000
f 9001 9003 9004
f 9001 9004 9002
f 9003 9005 9006
f 9003 9006 9004
f 9005 9007 9008
f 9005 9008 9006
f 9007 9009 9010
f 9007 9010 9008
f 9009 9011 9012
f 9009 9012 9010
f 9011 9013 9014
f 9011 9014 9012
f 9013 8995 8996
f 9013 8996 9014
f 9075 9015 9016
f 9076 9064 9063
f 9075 9016 9017
f 9076 9065 9064
f 9075 9017 9018
f 9076 9066 9065
f 9075 9018 9019
f 9076 9067 9066
f 9075 9019 9020
f 9076 9068 9067
f 9075 9020 9021
f 9076 9069 9068
f 9075 9021 9022
f 9076 9070 9069
f 9075 9022 9023
f 9076 9071 9070
f 9075 9023 9024
f 9076 9072 9071
f 9075 9024 9025
f 9076 9073 9072
f 9075 9025 9026
f 9076 9074 9073
f 9075 9026 9015
f 9076 9063 9074
f 9015 9027 9028
f 9015 9028 9016
f 9016 9028 9029
f 9016 9029 9017
f 9017 9029 9030
f 9017 9030 9018
f 9018 9030 9031
f 9018 9031 9019
f 9019 9031 9032
f 9019 9032 9020
f 9020 9032 9033
f 9020 9033 9021
f 9021 9033 9034
f 9021 9034 9022
f 9022 9034 9035
f 9022 9035 9023
f 9023 9035 9036
f 9023 9036 9024
f 9024 9036 9037
f 9024 9037 9025
f 9025 9037 9038
f 9025 9038 9026
f 9026 9038 9027
f 9026 9027 9015
f 9027 9039 9040
f 9027 9040 9028
f 9028 9040 9041
f 9028 9041 9029
f 9029 9041 9042
f 9029 9042 9030
f 9030 9042 9043
f 9030 9043 9031
f 9031 9043 9044
f 9031 9044 9032
f 9032 9044 9045
f 9032 9045 9033
f 9033 9045 9046
f 9033 9046 9034
f 9034 9046 9047
f 9034 9047 9035
f 9035 9047 9048
f 9035 9048 9036
f 9036 9048 9049
f 9036 9049 9037
f 9037 9049 9050
f 9037 9050 9038
f 9038 9050 9039
f 9038 9039 9027
f 9039 9051 9052
f 9039 9052 9040
f 9040 9052 9053
f 9040 9053 9041
f 9041 9053 9054
f 9041 9054 9042
f 9042 9054 9055
f 9042 9055 9043
f 9043 9055 9056
f 9043 9056 9044
f 9044 9056 9057
f 9044 9057 9045
f 9045 9057 9058
f 9045 9058 9046
f 9046 9058 9059
f 9046 9059 9047
f 9047 9059 9060
f 9047 9060 9048
f 9048 9060 9061
f 9048 9061 9049
f 9049 9061 9062
f 9049 9062 9050
f 9050 9062 9051
f 9050 9051 9039
f 9051 9063 9064
f 9051 9064 9052
f 9052 9064 9065
f 9052 9065 9053
f 9053 9065 9066
f 9053 9066 9054
f 9054 9066 9067
f 9054 9067 9055
f 9055 9067 9068
f 9055 9068 9056
f 9056 9068 9069
f 9056 9069 9057
f 9057 9069 9070
f 9057 9070 9058
f 9058 9070 9071
f 9058 9071 9059
f 9059 9071 9072
f 9059 9072 9060
f 9060 9072 9073
f 9060 9073 9061
f 9061 9073 9074
f 9061 9074 9062
f 9062 9074 9063
f 9062 9063 9051
f 9077 9079 9080
f 9077 9080 9078
f 9079 9081 9082
f 9079 9082 9080
f 9081 9083 9084
f 9081 9084 9082
f 9083 9085 9086
f 9083 9086 9084
f 9085 9087 9088
f 9085 9088 9086
f 9087 9089 9090
f 9087 9090 9088
f 9089 9091 9092
f 9089 9092 9090
f 9091 9093 9094
f 9091 9094 9092
f 9093 9095 9096
f 9093 9096 9094
f 9095 9077 9078
f 9095 9078 9096
f 9157 9097 9098
f 9158 9146 9145
f 9157 9098 9099
f 9158 9147 9146
f 9157 9099 9100
f 9158 9148 9147
f 9157 9100 9101
f 9158 9149 9148
f 9157 9101 9102
f 9158 9150 9149
f 9157 9102 9103
f 9158 9151 9150
f 9157 9103 9104
f 9158 9152 9151
f 9157 9104 9105
f 9158 9153 9152
f 9157 9105 9106
f 9158 9154 9153
f 9157 9106 9107
f 9158 9155 9154
f 9157 9107 9108
f 9158 9156 9155
f 9157 9108 9097
f 9158 9145 9156
f 9097 9109 9110
f 9097 9110 9098
f 9098 9110 9111
f 9098 9111 9099
f 9099 9111 9112
f 9099 9112 9100
f 9100 9112 9113
f 9100 9113 9101
f 9101 9113 9114
f 9101 9114 9102
f 9102 9114 9115
f 9102 9115 9103
f 9103 9115 9116
f 9103 9116 9104
f 9104 9116 9117
f 9104 9117 9105
f 9105 9117 9118
f 9105 9118 9106
f 9106 9118 9119
f 9106 9119 9107
f 9107 9119 9120
f 9107 9120 9108
f 9108 9120 9109
f 9108 9109 9097
f 9109 9121 9122
f 9109 9122 9110
f 9110 9122 9123
f 9110 9123 9111
f 9111 9123 9124
f 9111 9124 9112
f 9112 9124 9125
f 9112 9125 9113
f 9113 9125 9126
f 9113 9126 9114
f 9114 9126 9127
f 9114 9127 9115
f 9115 9127 9128
f 9115 9128 9116
f 9116 9128 9129
f 9116 9129 9117
f 9117 9129 9130
f 9117 9130 9118
f 9118 9130 9131
f 9118 9131 9119
f 9119 9131 9132
f 9119 9132 9120
f 9120 9132 9121
f 9120 9121 9109
f 9121 9133 9134
f 9121 9134 9122
f 9122 9134 9135
f 9122 9135 9123
f 9123 9135 9136
f 9123 9136 9124
f 9124 9136 9137
f 9124 9137 9125
f 9125 9137 9138
f 9125 9138 9126
f 9126 9138 9139
f 9126 9139 9127
f 9127 9139 9140
f 9127 9140 9128
f 9128 9140 9141
f 9128 9141 9129
f 9129 9141 9142
f 9129 9142 9130
f 9130 9142 9143
f 9130 9143 9131
f 9131 9143 9144
f 9131 9144 9132
f 9132 9144 9133
f 9132 9133 9121
f 9133 9145 9146
f 9133 9146 9134
f 9134 9146 9147
f 9134 9147 9135
f 9135 9147 9148
f 9135 9148 9136
f 9136 9148 9149
f 9136 9149 9137
f 9137 9149 9150
f 9137 9150 9138
f 9138 9150 9151
f 9138 9151 9139
f 9139 9151 9152
f 9139 9152 9140
f 9140 9152 9153
f 9140 9153 9141
f 9141 9153 9154
f 9141 9154 9142
f 9142 9154 9155
f 9142 9155 9143
f 9143 9155 9156
f 9143 9156 9144
f 9144 9156 9145
f 9144 9145 9133
f 9159 9161 9162
f 9159 9162 9160
f 9161 9163 9164
f 9161 9164 9162
f 9163 9165 9166
f 9163 9166 9164
f 9165 9167 9168
f 9165 9168 9166
f 9167 9169 9170
f 9167 9170 9168
f 9169 9171 9172
f 9169 9172 9170
f 9171 9173 9174
f 9171 9174 9172
f 9173 9175 9176
f 9173 9176 9174
f 9175 9177 9178
f 9175 9178 9176
f 9177 9159 9160
f 9177 9160 9178
f 9239 9179 9180
f 9240 9228 9227
f 9239 9180 9181
f 9240 9229 9228
f 9239 9181 9182
f 9240 9230 9229
f 9239 9182 9183
f 9240 9231 9230
f 9239 9183 9184
f 9240 9232 9231
f 9239 9184 9185
f 9240 9233 9232
f 9239 9185 9186
f 9240 9234 9233
f 9239 9186 9187
f 9240 9235 9234
f 9239 9187 9188
f 9240 9236 9235
f 9239 9188 9189
f 9240 9237 9236
f 9239 9189 9190
f 9240 9238 9237
f 9239 9190 9179
f 9240 9227 9238
f 9179 9191 9192
f 9179 9192 9180
f 9180 9192 9193
f 9180 9193 9181
f 9181 9193 9194
f 9181 9194 9182
f 9182 9194 9195
f 9182 9195 9183
f 9183 9195 9196
f 9183 9196 9184
f 9184 9196 9197
f 9184 9197 9185
f 9185 9197 9198
f 9185 9198 9186
f 9186 9198 9199
f 9186 9199 9187
f 9187 9199 9200
f 9187 9200 9188
f 9188 9200 9201
f 9188 9201 9189
f 9189 9201 9202
f 9189 9202 9190
f 9190 9202 9191
f 9190 9191 9179
f 9191 9203 9204
f 9191 9204 9192
f 9192 9204 9205
f 9192 9205 9193
f 9193 9205 9206
f 9193 9206 9194
f 9194 9206 9207
f 9194 9207 9195
f 9195 9207 9208
f 9195 9208 9196
f 9196 9208 9209
f 9196 9209 9197
f 9197 9209 9210
f 9197 9210 9198
f 9198 9210 9211
f 9198 9211 9199
f 9199 9211 9212
f 9199 9212 9200
f 9200 9212 9213
f 9200 9213 9201
f 9201 9213 9214
f 9201 9214 9202
f 9202 9214 9203
f 9202 9203 9191
f 9203 9215 9216
f 9203 9216 9204
f 9204 9216 9217
f 9204 9217 9205
f 9205 9217 9218
f 9205 9218 9206
f 9206 9218 9219
f 9206 9219 9207
f 9207 9219 9220
f 9207 9220 9208
f 9208 9220 9221
f 9208 9221 9209
f 9209 9221 9222
f 9209 9222 9210
f 9210 9222 9223
f 9210 9223 9211
f 9211 9223 9224
f 9211 9224 9212
f 9212 9224 9225
f 9212 9225 9213
f 9213 9225 9226
f 9213 9226 9214
f 9214 9226 9215
f 9214 9215 9203
f 9215 9227 9228
f 9215 9228 9216
f 9216 9228 9229
f 9216 9229 9217
f 9217 9229 9230
f 9217 9230 9218
f 9218 9230 9231
f 9218 9231 9219
f 9219 9231 9232
f 9219 9232 9220
f 9220 9232 9233
f 9220 9233 9221
f 9221 9233 9234
f 9221 9234 9222
f 9222 9234 9235
f 9222 9235 9223
f 9223 9235 9236
f 9223 9236 9224
f 9224 9236 9237
f 9224 9237 9225
f 9225 9237 9238
f 9225 9238 9226
f 9226 9238 9227
f 9226 9227 9215
f 9241 9243 9244
f 9241 9244 9242
f 9243 9245 9246
f 9243 9246 9244
f 9245 9247 9248
f 9245 9248 9246
f 9247 9249 9250
f 9247 9250 9248
f 9249 9251 9252
f 9249 9252 9250
f 9251 9253 9254
f 9251 9254 9252
f 9253 9255 9256
f 9253 9256 9254
f 9255 9257 9258
f 9255 9258 9256
f 9257 9259 9260
f 9257 9260 9258
f 9259 9241 9242
f 9259 9242 9260
f 9321 9261 9262
f 9322 9310 9309
f 9321 9262 9263
f 9322 9311 9310
f 9321 9263 9264
f 9322 9312 9311
f 9321 9264 9265
f 9322 9313 9312
f 9321 9265 9266
f 9322 9314 9313
f 9321 9266 9267
f 9322 9315 9314
f 9321 9267 9268
f 9322 9316 9315
f 9321 9268 9269
f 9322 9317 9316
f 9321 9269 9270
f 9322 9318 9317
f 9321 9270 9271
f 9322 9319 9318
f 9321 9271 9272
f 9322 9320 9319
f 9321 9272 9261
f 9322 9309 9320
f 9261 9273 9274
f 9261 9274 9262
f 9262 9274 9275
f 9262 9275 9263
f 9263 9275 9276
f 9263 9276 9264
f 9264 9276 9277
f 9264 9277 9265
f 9265 9277 9278
f 9265 9278 9266
f 9266 9278 9279
f 9266 9279 9267
f 9267 9279 9280
f 9267 9280 9268
f 9268 9280 9281
f 9268 9281 9269
f 9269 9281 9282
f 9269 9282 9270
f 9270 9282 9283
f 9270 9283 9271
f 9271 9283 9284
f 9271 9284 9272
f 9272 9284 9273
f 9272 9273 9261
f 9273 9285 9286
f 9273 9286 9274
f 9274 9286 9287
f 9274 9287 9275
f 9275 9287 9288
f 9275 9288 9276
f 9276 9288 9289
f 9276 9289 9277
f 9277 9289 9290
f 9277 9290 9278
f 9278 9290 9291
f 9278 9291 9279
f 9279 9291 9292
f 9279 9292 9280
f 9280 9292 9293
f 9280 9293 9281
f 9281 9293 9294
f 9281 9294 9282
f 9282 9294 9295
f 9282 9295 9283
f 9283 9295 9296
f 9283 9296 9284
f 9284 9296 9285
f 9284 9285 9273
f 9285 9297 9298
f 9285 9298 9286
f 9286 9298 9299
f 9286 9299 9287
f 9287 9299 9300
f 9287 9300 9288
f 9288 9300 9301
f 9288 9301 9289
f 9289 9301 9302
f 9289 9302 9290
f 9290 9302 9303
f 9290 9303 9291
f 9291 9303 9304
f 9291 9304 9292
f 9292 9304 9305
f 9292 9305 9293
f 9293 9305 9306
f 9293 9306 9294
f 9294 9306 9307
f 9294 9307 9295
f 9295 9307 9308
f 9295 9308 9296
f 9296 9308 9297
f 9296 9297 9285
f 9297 9309 9310
f 9297 9310 9298
f 9298 9310 9311
f 9298 9311 9299
f 9299 9311 9312
f 9299 9312 9300
f 9300 9312 9313
f 9300 9313 9301
f 9301 9313 9314
f 9301 9314 9302
f 9302 9314 9315
f 9302 9315 9303
f 9303 9315 9316
f 9303 9316 9304
f 9304 9316 9317
f 9304 9317 9305
f 9305 9317 9318
f 9305 9318 9306
f 9306 9318 9319
f 9306 9319 9307
f 9307 9319 9320
f 9307 9320 9308
f 9308 9320 9309
f 9308 9309 9297
f 9323 9325 9326
f 9323 9326 9324
f 9325 9327 9328
f 9325 9328 9326
f 9327 9329 9330
f 9327 9330 9328
f 9329 9331 9332
f 9329 9332 9330
f 9331 9333 9334
f 9331 9334 9332
f 9333 9335 9336
f 9333 9336 9334
f 9335 9337 9338
f 9335 9338 9336
f 9337 9339 9340
f 9337 9340 9338
f 9339 9341 9342
f 9339 9342 9340
f 9341 9323 9324
f 9341 9324 9342
f 9403 9343 9344
f 9404 9392 9391
f 9403 9344 9345
f 9404 9393 9392
f 9403 9345 9346
f 9404 9394 9393
f 9403 9346 9347
f 9404 9395 9394
f 9403 9347 9348
f 9404 9396 9395
f 9403 9348 9349
f 9404 9397 9396
f 9403 9349 9350
f 9404 9398 9397
f 9403 9350 9351
f 9404 9399 9398
f 9403 9351 9352
f 9404 9400 9399
f 9403 9352 9353
f 9404 9401 9400
f 9403 9353 9354
f 9404 9402 9401
f 9403 9354 9343
f 9404 9391 9402
f 9343 9355 9356
f 9343 9356 9344
f 9344 9356 9357
f 9344 9357 9345
f 9345 9357 9358
f 9345 9358 9346
f 9346 9358 9359
f 9346 9359 9347
f 9347 9359 9360
f 9347 9360 9348
f 9348 9360 9361
f 9348 9361 9349
f 9349 9361 9362
f 9349 9362 9350
f 9350 9362 9363
f 9350 9363 9351
f 9351 9363 9364
f 9351 9364 9352
f 9352 9364 9365
f 9352 9365 9353
f 9353 9365 9366
f 9353 9366 9354
f 9354 9366 9355
f 9354 9355 9343
f 9355 9367 9368
f 9355 9368 9356
f 9356 9368 9369
f 9356 9369 9357
f 9357 9369 9370
f 9357 9370 9358
f 9358 9370 9371
f 9358 9371 9359
f 9359 9371 9372
f 9359 9372 9360
f 9360 9372 9373
f 9360 9373 9361
f 9361 9373 9374
f 9361 9374 9362
f 9362 9374 9375
f 9362 9375 9363
f 9363 9375 9376
f 9363 9376 9364
f 9364 9376 9377
f 9364 9377 9365
f 9365 9377 9378
f 9365 9378 9366
f 9366 9378 9367
f 9366 9367 9355
f 9367 9379 9380
f 9367 9380 9368
f 9368 9380 9381
f 9368 9381 9369
f 9369 9381 9382
f 9369 9382 9370
f 9370 9382 9383
f 9370 9383 9371
f 9371 9383 9384
f 9371 9384 9372
f 9372 9384 9385
f 9372 9385 9373
f 9373 9385 9386
f 9373 9386 9374
f 9374 9386 9387
f 9374 9387 9375
f 9375 9387 9388
f 9375 9388 9376
f 9376 9388 9389
f 9376 9389 9377
f 9377 9389 9390
f 9377 9390 9378
f 9378 9390 9379
f 9378 9379 9367
f 9379 9391 9392
f 9379 9392 9380
f 9380 9392 9393
f 9380 9393 9381
f 9381 9393 9394
f 9381 9394 9382
f 9382 9394 9395
f 9382 9395 9383
f 9383 9395 9396
f 9383 9396 9384
f 9384 9396 9397
f 9384 9397 9385
f 9385 9397 9398
f 9385 9398 9386
f 9386 9398 9399
f 9386 9399 9387
f 9387 9399 9400
f 9387 9400 9388
f 9388 9400 9401
f 9388 9401 9389
f 9389 9401 9402
f 9389 9402 9390
f 9390 9402 9391
f 9390 9391 9379
f 9405 9407 9408
f 9405 9408 9406
f 9407 9409 9410
f 9407 9410 9408
f 9409 9411 9412
f 9409 9412 9410
f 9411 9413 9414
f 9411 9414 9412
f 9413 9415 9416
f 9413 9416 9414
f 9415 9417 9418
f 9415 9418 9416
f 9417 9419 9420
f 9417 9420 9418
f 9419 9421 9422
f 9419 9422 9420
f 9421 9423 9424
f 9421 9424 9422
f 9423 9405 9406
f 9423 9406 9424
f 9485 9425 9426
f 9486 9474 9473
f 9485 9426 9427
f 9486 9475 9474
f 9485 9427 9428
f 9486 9476 9475
f 9485 9428 9429
f 9486 9477 9476
f 9485 9429 9430
f 9486 9478 9477
f 9485 9430 9431
f 9486 9479 9478
f 9485 9431 9432
f 9486 9480 9479
f 9485 9432 9433
f 9486 9481 9480
f 9485 9433 9434
f 9486 9482 9481
f 9485 9434 9435
f 9486 9483 9482
f 9485 9435 9436
f 9486 9484 9483
f 9485 9436 9425
f 9486 9473 9484
f 9425 9437 9438
f 9425 9438 9426
f 9426 9438 9439
f 9426 9439 9427
f 9427 9439 9440
f 9427 9440 9428
f 9428 9440 9441
f 9428 9441 9429
f 9429 9441 9442
f 9429 9442 9430
f 9430 9442 9443
f 9430 9443 9431
f 9431 9443 9444
f 9431 9444 9432
f 9432 9444 9445
f 9432 9445 9433
f 9433 9445 9446
f 9433 9446 9434
f 9434 9446 9447
f 9434 9447 9435
f 9435 9447 9448
f 9435 9448 9436
f 9436 9448 9437
f 9436 9437 9425
f 9437 9449 9450
f 9437 9450 9438
f 9438 9450 9451
f 9438 9451 9439
f 9439 9451 9452
f 9439 9452 9440
f 9440 9452 9453
f 9440 9453 9441
f 9441 9453 9454
f 9441 9454 9442
f 9442 9454 9455
f 9442 9455 9443
f 9443 9455 9456
f 9443 9456 9444
f 9444 9456 9457
f 9444 9457 9445
f 9445 9457 9458
f 9445 9458 9446
f 9446 9458 9459
f 9446 9459 9447
f 9447 9459 9460
f 9447 9460 9448
f 9448 9460 9449
f 9448 9449 9437
f 9449 9461 9462
f 9449 9462 9450
f 9450 9462 9463
f 9450 9463 9451
f 9451 9463 9464
f 9451 9464 9452
f 9452 9464 9465
f 9452 9465 9453
f 9453 9465 9466
f 9453 9466 9454
f 9454 9466 9467
f 9454 9467 9455
f 9455 9467 9468
f 9455 9468 9456
f 9456 9468 9469
f 9456 9469 9457
f 9457 9469 9470
f 9457 9470 9458
f 9458 9470 9471
f 9458 9471 9459
f 9459 9471 9472
f 9459 9472 9460
f 9460 9472 9461
f 9460 9461 9449
f 9461 9473 9474
f 9461 9474 9462
f 9462 9474 9475
f 9462 9475 9463
f 9463 9475 9476
f 9463 9476 9464
f 9464 9476 9477
f 9464 9477 9465
f 9465 9477 9478
f 9465 9478 9466
f 9466 9478 9479
f 9466 9479 9467
f 9467 9479 9480
f 9467 9480 9468
f 9468 9480 9481
f 9468 9481 9469
f 9469 9481 9482
f 9469 9482 9470
f 9470 9482 9483
f 9470 9483 9471
f 9471 9483 9484
f 9471 9484 9472
f 9472 9484 9473
f 9472 9473 9461
f 9487 9489 9490
f 9487 9490 9488
f 9489 9491 9492
f 9489 9492 9490
f 9491 9493 9494
f 9491 9494 9492
f 9493 9495 9496
f 9493 9496 9494
f 9495 9497 9498
f 9495 9498 9496
f 9497 9499 9500
f 9497 9500 9498
f 9499 9501 9502
f 9499 9502 9500
f 9501 9503 9504
f 9501 9504 9502
f 9503 9505 9506
f 9503 9506 9504
f 9505 9487 9488
f 9505 9488 9506
f 9567 9507 9508
f 9568 9556 9555
f 9567 9508 9509
f 9568 9557 9556
f 9567 9509 9510
f 9568 9558 9557
f 9567 9510 9511
f 9568 9559 9558
f 9567 9511 9512
f 9568 9560 9559
f 9567 9512 9513
f 9568 9561 9560
f 9567 9513 9514
f 9568 9562 9561
f 9567 9514 9515
f 9568 9563 9562
f 9567 9515 9516
f 9568 9564 9563
f 9567 9516 9517
f 9568 9565 9564
f 9567 9517 9518
f 9568 9566 9565
f 9567 9518 9507
f 9568 9555 9566
f 9507 9519 9520
f 9507 9520 9508
f 9508 9520 9521
f 9508 9521 9509
f 9509 9521 9522
f 9509 9522 9510
f 9510 9522 9523
f 9510 9523 9511
f 9511 9523 9524
f 9511 9524 9512
f 9512 9524 9525
f 9512 9525 9513
f 9513 9525 9526
f 9513 9526 9514
f 9514 9526 9527
f 9514 9527 9515
f 9515 9527 9528
f 9515 9528 9516
f 9516 9528 9529
f 9516 9529 9517
f 9517 9529 9530
f 9517 9530 9518
f 9518 9530 9519
f 9518 9519 9507
f 9519 9531 9532
f 9519 9532 9520
f 9520 9532 9533
f 9520 9533 9521
f 9521 9533 9534
f 9521 9534 9522
f 9522 9534 9535
f 9522 9535 9523
f 9523 9535 9536
f 9523 9536 9524
f 9524 9536 9537
f 9524 9537 9525
f 9525 9537 9538
f 9525 9538 9526
f 9526 9538 9539
f 9526 9539 9527
f 9527 9539 9540
f 9527 9540 9528
f 9528 9540 9541
f 9528 9541 9529
f 9529 9541 9542
f 9529 9542 9530
f 9530 9542 9531
f 9530 9531 9519
f 9531 9543 9544
f 9531 9544 9532
f 9532 9544 9545
f 9532 9545 9533
f 9533 9545 9546
f 9533 9546 9534
f 9534 9546 9547
f 9534 9547 9535
f 9535 9547 9548
f 9535 9548 9536
f 9536 9548 9549
f 9536 9549 9537
f 9537 9549 9550
f 9537 9550 9538
f 9538 9550 9551
f 9538 9551 9539
f 9539 9551 9552
f 9539 9552 9540
f 9540 9552 9553
f 9540 9553 9541
f 9541 9553 9554
f 9541 9554 9542
f 9542 9554 9543
f 9542 9543 9531
f 9543 9555 9556
f 9543 9556 9544
f 9544 9556 9557
f 9544 9557 9545
f 9545 9557 9558
f 9545 9558 9546
f 9546 9558 9559
f 9546 9559 9547
f 9547 9559 9560
f 9547 9560 9548
f 9548 9560 9561
f 9548 9561 9549
f 9549 9561 9562
f 9549 9562 9550
f 9550 9562 9563
f 9550 9563 9551
f 9551 9563 9564
f 9551 9564 9552
f 9552 9564 9565
f 9552 9565 9553
f 9553 9565 9566
f 9553 9566 9554
f 9554 9566 9555
f 9554 9555 9543
f 9569 9571 9572
f 9569 9572 9570
f 9571 9573 9574
f 9571 9574 9572
f 9573 9575 9576
f 9573 9576 9574
f 9575 9577 9578
f 9575 9578 9576
f 9577 9579 9580
f 9577 9580 9578
f 9579 9581 9582
f 9579 9582 9580
f 9581 9583 9584
f 9581 9584 9582
f 9583 9585 9586
f 9583 9586 9584
f 9585 9587 9588
f 9585 9588 9586
f 9587 9569 9570
f 9587 9570 9588
f 9649 9589 9590
f 9650 9638 9637
f 9649 9590 9591
f 9650 9639 9638
f 9649 9591 9592
f 9650 9640 9639
f 9649 9592 9593
f 9650 9641 9640
f 9649 9593 9594
f 9650 9642 9641
f 9649 9594 9595
f 9650 9643 9642
f 9649 9595 9596
f 9650 9644 9643
f 9649 9596 9597
f 9650 9645 9644
f 9649 9597 9598
f 9650 9646 9645
f 9649 9598 9599
f 9650 9647 9646
f 9649 9599 9600
f 9650 9648 9647
f 9649 9600 9589
f 9650 9637 9648
f 9589 9601 9602
f 9589 9602 9590
f 9590 9602 9603
f 9590 9603 9591
f 9591 9603 9604
f 9591 9604 9592
f 9592 9604 9605
f 9592 9605 9593
f 9593 9605 9606
f 9593 9606 9594
f 9594 9606 9607
f 9594 9607 9595
f 9595 9607 9608
f 9595 9608 9596
f 9596 9608 9609
f 9596 9609 9597
f 9597 9609 9610
f 9597 9610 9598
f 9598 9610 9611
f 9598 9611 9599
f 9599 9611 9612
f 9599 9612 9600
f 9600 9612 9601
f 9600 9601 9589
f 9601 9613 9614
f 9601 9614 9602
f 9602 9614 9615
f 9602 9615 9603
f 9603 9615 9616
f 9603 9616 9604
f 9604 9616 9617
f 9604 9617 9605
f 9605 9617 9618
f 9605 9618 9606
f 9606 9618 9619
f 9606 9619 9607
f 9607 9619 9620
f 9607 9620 9608
f 9608 9620 9621
f 9608 9621 9609
f 9609 9621 9622
f 9609 9622 9610
f 9610 9622 9623
f 9610 9623 9611
f 9611 9623 9624
f 9611 9624 9612
f 9612 9624 9613
f 9612 9613 9601
f 9613 9625 9626
f 9613 9626 9614
f 9614 9626 9627
f 9614 9627 9615
f 9615 9627 9628
f 9615 9628 9616
f 9616 9628 9629
f 9616 9629 9617
f 9617 9629 9630
f 9617 9630 9618
f 9618 9630 9631
f 9618 9631 9619
f 9619 9631 9632
f 9619 9632 9620
f 9620 9632 9633
f 9620 9633 9621
f 9621 9633 9634
f 9621 9634 9622
f 9622 9634 9635
f 9622 9635 9623
f 9623 9635 9636
f 9623 9636 9624
f 9624 9636 9625
f 9624 9625 9613
f 9625 9637 9638
f 9625 9638 9626
f 9626 9638 9639
f 9626 9639 9627
f 9627 9639 9640
f 9627 9640 9628
f 9628 9640 9641
f 9628 9641 9629
f 9629 9641 9642
f 9629 9642 9630
f 9630 9642 9643
f 9630 9643 9631
f 9631 9643 9644
f 9631 9644 9632
f 9632 9644 9645
f 9632 9645 9633
f 9633 9645 9646
f 9633 9646 9634
f 9634 9646 9647
f 9634 9647 9635
f 9635 9647 9648
f 9635 9648 9636
f 9636 9648 9637
f 9636 9637 9625
f 9651 9653 9654
f 9651 9654 9652
f 9653 9655 9656
f 9653 9656 9654
f 9655 9657 9658
f 9655 9658 9656
f 9657 9659 9660
f 9657 9660 9658
f 9659 9661 9662
f 9659 9662 9660
f 9661 9663 9664
f 9661 9664 9662
f 9663 9665 9666
f 9663 9666 9664
f 9665 9667 9668
f 9665 9668 9666
f 9667 9669 9670
f 9667 9670 9668
f 9669 9651 9652
f 9669 9652 9670
f 9731 9671 9672
f 9732 9720 9719
f 9731 9672 9673
f 9732 9721 9720
f 9731 9673 9674
f 9732 9722 9721
f 9731 9674 9675
f 9732 9723 9722
f 9731 9675 9676
f 9732 9724 9723
f 9731 9676 9677
f 9732 9725 9724
f 9731 9677 9678
f 9732 9726 9725
f 9731 9678 9679
f 9732 9727 9726
f 9731 9679 9680
f 9732 9728 9727
f 9731 9680 9681
f 9732 9729 9728
f 9731 9681 9682
f 9732 9730 9729
f 9731 9682 9671
f 9732 9719 9730
f 9671 9683 9684
f 9671 9684 9672
f 9672 9684 9685
f 9672 9685 9673
f 9673 9685 9686
f 9673 9686 9674
f 9674 9686 9687
f 9674 9687 9675
f 9675 9687 9688
f 9675 9688 9676
f 9676 9688 9689
f 9676 9689 9677
f 9677 9689 9690
f 9677 9690 9678
f 9678 9690 9691
f 9678 9691 9679
f 9679 9691 9692
f 9679 9692 9680
f 9680 9692 9693
f 9680 9693 9681
f 9681 9693 9694
f 9681 9694 9682
f 9682 9694 9683
f 9682 9683 9671
f 9683 9695 9696
f 9683 9696 9684
f 9684 9696 9697
f 9684 9697 9685
f 9685 9697 9698
f 9685 9698 9686
f 9686 9698 9699
f 9686 9699 9687
f 9687 9699 9700
f 9687 9700 9688
f 9688 9700 9701
f 9688 9701 9689
f 9689 9701 9702
f 9689 9702 9690
f 9690 9702 9703
f 9690 9703 9691
f 9691 9703 9704
f 9691 9704 9692
f 9692 9704 9705
f 9692 9705 9693
f 9693 9705 9706
f 9693 9706 9694
f 9694 9706 9695
f 9694 9695 9683
f 9695 9707 9708
f 9695 9708 9696
f 9696 9708 9709
f 9696 9709 9697
f 9697 9709 9710
f 9697 9710 9698
f 9698 9710 9711
f 9698 9711 9699
f 9699 9711 9712
f 9699 9712 9700
f 9700 9712 9713
f 9700 9713 9701
f 9701 9713 9714
f 9701 9714 9702
f 9702 9714 9715
f 9702 9715 9703
f 9703 9715 9716
f 9703 9716 9704
f 9704 9716 9717
f 9704 9717 9705
f 9705 9717 9718
f 9705 9718 9706
f 9706 9718 9707
f 9706 9707 9695
f 9707 9719 9720
f 9707 9720 9708
f 9708 9720 9721
f 9708 9721 9709
f 9709 9721 9722
f 9709 9722 9710
f 9710 9722 9723
f 9710 9723 9711
f 9711 9723 9724
f 9711 9724 9712
f 9712 9724 9725
f 9712 9725 9713
f 9713 9725 9726
f 9713 9726 9714
f 9714 9726 9727
f 9714 9727 9715
f 9715 9727 9728
f 9715 9728 9716
f 9716 9728 9729
f 9716 9729 9717
f 9717 9729 9730
f 9717 9730 9718
f 9718 9730 9719
f 9718 9719 9707
f 9733 9735 9736
f 9733 9736 9734
f 9735 9737 9738
f 9735 9738 9736
f 9737 9739 9740
f 9737 9740 9738
f 9739 9741 9742
f 9739 9742 9740
f 9741 9743 9744
f 9741 9744 9742
f 9743 9745 9746
f 9743 9746 9744
f 9745 9747 9748
f 9745 9748 9746
f 9747 9749 9750
f 9747 9750 9748
f 9749 9751 9752
f 9749 9752 9750
f 9751 9733 9734
f 9751 9734 9752
f 9813 9753 9754
f 9814 9802 9801
f 9813 9754 9755
f 9814 9803 9802
f 9813 9755 9756
f 9814 9804 9803
f 9813 9756 9757
f 9814 9805 9804
f 9813 9757 9758
f 9814 9806 9805
f 9813 9758 9759
f 9814 9807 9806
f 9813 9759 9760
f 9814 9808 9807
f 9813 9760 9761
f 9814 9809 9808
f 9813 9761 9762
f 9814 9810 9809
f 9813 9762 9763
f 9814 9811 9810
f 9813 9763 9764
f 9814 9812 9811
f 9813 9764 9753
f 9814 9801 9812
f 9753 9765 9766
f 9753 9766 9754
f 9754 9766 9767
f 9754 9767 9755
f 9755 9767 9768
f 9755 9768 9756
f 9756 9768 9769
f 9756 9769 9757
f 9757 9769 9770
f 9757 9770 9758
f 9758 9770 9771
f 9758 9771 9759
f 9759 9771 9772
f 9759 9772 9760
f 9760 9772 9773
f 9760 9773 9761
f 9761 9773 9774
f 9761 9774 9762
f 9762 9774 9775
f 9762 9775 9763
f 9763 9775 9776
f 9763 9776 9764
f 9764 9776 9765
f 9764 9765 9753
f 9765 9777 9778
f 9765 9778 9766
f 9766 9778 9779
f 9766 9779 9767
f 9767 9779 9780
f 9767 9780 9768
f 9768 9780 9781
f 9768 9781 9769
f 9769 9781 9782
f 9769 9782 9770
f 9770 9782 9783
f 9770 9783 9771
f 9771 9783 9784
f 9771 9784 9772
f 9772 9784 9785
f 9772 9785 9773
f 9773 9785 9786
f 9773 9786 9774
f 9774 9786 9787
f 9774 9787 9775
f 9775 9787 9788
f 9775 9788 9776
f 9776 9788 9777
f 9776 9777 9765
f 9777 9789 9790
f 9777 9790 9778
f 9778 9790 9791
f 9778 9791 9779
f 9779 9791 9792
f 9779 9792 9780
f 9780 9792 9793
f 9780 9793 9781
f 9781 9793 9794
f 9781 9794 9782
f 9782 9794 9795
f 9782 9795 9783
f 9783 9795 9796
f 9783 9796 9784
f 9784 9796 9797
f 9784 9797 9785
f 9785 9797 9798
f 9785 9798 9786
f 9786 9798 9799
f 9786 9799 9787
f 9787 9799 9800
f 9787 9800 9788
f 9788 9800 9789
f 9788 9789 9777
f 9789 9801 9802
f 9789 9802 9790
f 9790 9802 9803
f 9790 9803 9791
f 9791 9803 9804
f 9791 9804 9792
f 9792 9804 9805
f 9792 9805 9793
f 9793 9805 9806
f 9793 9806 9794
f 9794 9806 9807
f 9794 9807 9795
f 9795 9807 9808
f 9795 9808 9796
f 9796 9808 9809
f 9796 9809 9797
f 9797 9809 9810
f 9797 9810 9798
f 9798 9810 9811
f 9798 9811 9799
f 9799 9811 9812
f 9799 9812 9800
f 9800 9812 9801
f 9800 9801 9789
f 9815 9817 9818
f 9815 9818 9816
f 9817 9819 9820
f 9817 9820 9818
f 9819 9821 9822
f 9819 9822 9820
f 9821 9823 9824
f 9821 9824 9822
f 9823 9825 9826
f 9823 9826 9824
f 9825 9827 9828
f 9825 9828 9826
f 9827 9829 9830
f 9827 9830 9828
f 9829 9831 9832
f 9829 9832 9830
f 9831 9833 9834
f 9831 9834 9832
f 9833 9815 9816
f 9833 9816 9834
f 9895 9835 9836
f 9896 9884 9883
f 9895 9836 9837
f 9896 9885 9884
f 9895 9837 9838
f 9896 9886 9885
f 9895 9838 9839
f 9896 9887 9886
f 9895 9839 9840
f 9896 9888 9887
f 9895 9840 9841
f 9896 9889 9888
f 9895 9841 9842
f 9896 9890 9889
f 9895 9842 9843
f 9896 9891 9890
f 9895 9843 9844
f 9896 9892 9891
f 9895 9844 9845
f 9896 9893 9892
f 9895 9845 9846
f 9896 9894 9893
f 9895 9846 9835
f 9896 9883 9894
f 9835 9847 9848
f 9835 9848 9836
f 9836 9848 9849
f 9836 9849 9837
f 9837 9849 9850
f 9837 9850 9838
f 9838 9850 9851
f 9838 9851 9839
f 9839 9851 9852
f 9839 9852 9840
f 9840 9852 9853
f 9840 9853 9841
f 9841 9853 9854
f 9841 9854 9842
f 9842 9854 9855
f 9842 9855 9843
f 9843 9855 9856
f 9843 9856 9844
f 9844 9856 9857
f 9844 9857 9845
f 9845 9857 9858
f 9845 9858 9846
f 9846 9858 9847
f 9846 9847 9835
f 9847 9859 9860
f 9847 9860 9848
f 9848 9860 9861
f 9848 9861 9849
f 9849 9861 9862
f 9849 9862 9850
f 9850 9862 9863
f 9850 9863 9851
f 9851 9863 9864
f 9851 9864 9852
f 9852 9864 9865
f 9852 9865 9853
f 9853 9865 9866
f 9853 9866 9854
f 9854 9866 9867
f 9854 9867 9855
f 9855 9867 9868
f 9855 9868 9856
f 9856 9868 9869
f 9856 9869 9857
f 9857 9869 9870
f 9857 9870 9858
f 9858 9870 9859
f 9858 9859 9847
f 9859 9871 9872
f 9859 9872 9860
f 9860 9872 9873
f 9860 9873 9861
f 9861 9873 9874
f 9861 9874 9862
f 9862 9874 9875
f 9862 9875 9863
f 9863 9875 9876
f 9863 9876 9864
f 9864 9876 9877
f 9864 9877 9865
f 9865 9877 9878
f 9865 9878 9866
f 9866 9878 9879
f 9866 9879 9867
f 9867 9879 9880
f 9867 9880 9868
f 9868 9880 9881
f 9868 9881 9869
f 9869 9881 9882
f 9869 9882 9870
f 9870 9882 9871
f 9870 9871 9859
f 9871 9883 9884
f 9871 9884 9872
f 9872 9884 9885
f 9872 9885 9873
f 9873 9885 9886
f 9873 9886 9874
f 9874 9886 9887
f 9874 9887 9875
f 9875 9887 9888
f 9875 9888 9876
f 9876 9888 9889
f 9876 9889 9877
f 9877 9889 9890
f 9877 9890 9878
f 9878 9890 9891
f 9878 9891 9879
f 9879 9891 9892
f 9879 9892 9880
f 9880 9892 9893
f 9880 9893 9881
f 9881 9893 9894
f 9881 9894 9882
f 9882 9894 9883
f 9882 9883 9871
f 9897 9899 9900
f 9897 9900 9898
f 9899 9901 9902
f 9899 9902 9900
f 9901 9903 9904
f 9901 9904 9902
f 9903 9905 9906
f 9903 9906 9904
f 9905 9907 9908
f 9905 9908 9906
f 9907 9909 9910
f 9907 9910 9908
f 9909 9911 9912
f 9909 9912 9910
f 9911 9913 9914
f 9911 9914 9912
f 9913 9915 9916
f 9913 9916 9914
f 9915 9897 9898
f 9915 9898 9916
f 9977 9917 9918
f 9978 9966 9965
f 9977 9918 9919
f 9978 9967 9966
f 9977 9919 9920
f 9978 9968 9967
f 9977 9920 9921
f 9978 9969 9968
f 9977 9921 9922
f 9978 9970 9969
f 9977 9922 9923
f 9978 9971 9970
f 9977 9923 9924
f 9978 9972 9971
f 9977 9924 9925
f 9978 9973 9972
f 9977 9925 9926
f 9978 9974 9973
f 9977 9926 9927
f 9978 9975 9974
f 9977 9927 9928
f 9978 9976 9975
f 9977 9928 9917
f 9978 9965 9976
f 9917 9929 9930
f 9917 9930 9918
f 9918 9930 9931
f 9918 9931 9919
f 9919 9931 9932
f 9919 9932 9920
f 9920 9932 9933
f 9920 9933 9921
f 9921 9933 9934
f 9921 9934 9922
f 9922 9934 9935
f 9922 9935 9923
f 9923 9935 9936
f 9923 9936 9924
f 9924 9936 9937
f 9924 9937 9925
f 9925 9937 9938
f 9925 9938 9926
f 9926 9938 9939
f 9926 9939 9927
f 9927 9939 9940
f 9927 9940 9928
f 9928 9940 9929
f 9928 9929 9917
f 9929 9941 9942
f 9929 9942 9930
f 9930 9942 9943
f 9930 9943 9931
f 9931 9943 9944
f 9931 9944 9932
f 9932 9944 9945
f 9932 9945 9933
f 9933 9945 9946
f 9933 9946 9934
f 9934 9946 9947
f 9934 9947 9935
f 9935 9947 9948
f 9935 9948 9936
f 9936 9948 9949
f 9936 9949 9937
f 9937 9949 9950
f 9937 9950 9938
f 9938 9950 9951
f 9938 9951 9939
f 9939 9951 9952
f 9939 9952 9940
f 9940 9952 9941
f 9940 9941 9929
f 9941 9953 9954
f 9941 9954 9942
f 9942 9954 9955
f 9942 9955 9943
f 9943 9955 9956
f 9943 9956 9944
f 9944 9956 9957
f 9944 9957 9945
f 9945 9957 9958
f 9945 9958 9946
f 9946 9958 9959
f 9946 9959 9947
f 9947 9959 9960
f 9947 9960 9948
f 9948 9960 9961
f 9948 9961 9949
f 9949 9961 9962
f 9949 9962 9950
f 9950 9962 9963
f 9950 9963 9951
f 9951 9963 9964
f 9951 9964 9952
f 9952 9964 9953
f 9952 9953 9941
f 9953 9965 9966
f 9953 9966 9954
f 9954 9966 9967
f 9954 9967 9955
f 9955 9967 9968
f 9955 9968 9956
f 9956 9968 9969
f 9956 9969 9957
f 9957 9969 9970
f 9957 9970 9958
f 9958 9970 9971
f 9958 9971 9959
f 9959 9971 9972
f 9959 9972 9960
f 9960 9972 9973
f 9960 9973 9961
f 9961 9973 9974
f 9961 9974 9962
f 9962 9974 9975
f 9962 9975 9963
f 9963 9975 9976
f 9963 9976 9964
f 9964 9976 9965
f 9964 9965 9953
f 9979 9981 9982
f 9979 9982 9980
f 9981 9983 9984
f 9981 9984 9982
f 9983 9985 9986
f 9983 9986 9984
f 9985 9987 9988
f 9985 9988 9986
f 9987 9989 9990
f 9987 9990 9988
f 9989 9991 9992
f 9989 9992 9990
f 9991 9993 9994
f 9991 9994 9992
f 9993 9995 9996
f 9993 9996 9994
f 9995 9997 9998
f 9995 9998 9996
f 9997 9979 9980
f 9997 9980 9998
f 10059 9999 10000
f 10060 10048 10047
f 10059 10000 10001
f 10060 10049 10048
f 10059 10001 10002
f 10060 10050 10049
f 10059 10002 10003
f 10060 10051 10050
f 10059 10003 10004
f 10060 10052 10051
f 10059 10004 10005
f 10060 10053 10052
f 10059 10005 10006
f 10060 10054 10053
f 10059 10006 10007
f 10060 10055 10054
f 10059 10007 10008
f 10060 10056 10055
f 10059 10008 10009
f 10060 10057 10056
f 10059 10009 10010
f 10060 10058 10057
f 10059 10010 9999
f 10060 10047 10058
f 9999 10011 10012
f 9999 10012 10000
f 10000 10012 10013
f 10000 10013 10001
f 10001 10013 10014
f 10001 10014 10002
f 10002 10014 10015
f 10002 10015 10003
f 10003 10015 10016
f 10003 10016 10004
f 10004 10016 10017
f 10004 10017 10005
f 10005 10017 10018
f 10005 10018 10006
f 10006 10018 10019
f 10006 10019 10007
f 10007 10019 10020
f 10007 10020 10008
f 10008 10020 10021
f 10008 10021 10009
f 10009 10021 10022
f 10009 10022 10010
f 10010 10022 10011
f 10010 10011 9999
f 10011 10023 10024
f 10011 10024 10012
f 10012 10024 10025
f 10012 10025 10013
f 10013 10025 10026
f 10013 10026 10014
f 10014 10026 10027
f 10014 10027 10015
f 10015 10027 10028
f 10015 10028 10016
f 10016 10028 10029
f 10016 10029 10017
f 10017 10029 10030
f 10017 10030 10018
f 10018 10030 10031
f 10018 10031 10019
f 10019 10031 10032
f 10019 10032 10020
f 10020 10032 10033
f 10020 10033 10021
f 10021 10033 10034
f 10021 10034 10022
f 10022 10034 10023
f 10022 10023 10011
f 10023 10035 10036
f 10023 10036 10024
f 10024 10036 10037
f 10024 10037 10025
f 10025 10037 10038
f 10025 10038 10026
f 10026 10038 10039
f 10026 10039 10027
f 10027 10039 10040
f 10027 10040 10028
f 10028 10040 10041
f 10028 10041 10029
f 10029 10041 10042
f 10029 10042 10030
f 10030 10042 10043
f 10030 10043 10031
f 10031 10043 10044
f 10031 10044 10032
f 10032 10044 10045
f 10032 10045 10033
f 10033 10045 10046
f 10033 10046 10034
f 10034 10046 10035
f 10034 10035 10023
f 10035 10047 10048
f 10035 10048 10036
f 10036 10048 10049
f 10036 10049 10037
f 10037 10049 10050
f 10037 10050 10038
f 10038 10050 10051
f 10038 10051 10039
f 10039 10051 10052
f 10039 10052 10040
f 10040 10052 10053
f 10040 10053 10041
f 10041 10053 10054
f 10041 10054 10042
f 10042 10054 10055
f 10042 10055 10043
f 10043 10055 10056
f 10043 10056 10044
f 10044 10056 10057
f 10044 10057 10045
f 10045 10057 10058
f 10045 10058 10046
f 10046 10058 10047
f 10046 10047 10035
f 10061 10063 10064
f 10061 10064 10062
f 10063 10065 10066
f 10063 10066 10064
f 10065 10067 10068
f 10065 10068 10066
f 10067 10069 10070
f 10067 10070 10068
f 10069 10071 10072
f 10069 10072 10070
f 10071 10073 10074
f 10071 10074 10072
f 10073 10075 10076
f 10073 10076 10074
f 10075 10077 10078
f 10075 10078 10076
f 10077 10079 10080
f 10077 10080 10078
f 10079 10061 10062
f 10079 10062 10080
f 10141 10081 10082
f 10142 10130 10129
f 10141 10082 10083
f 10142 10131 10130
f 10141 10083 10084
f 10142 10132 10131
f 10141 10084 10085
f 10142 10133 10132
f 10141 10085 10086
f 10142 10134 10133
f 10141 10086 10087
f 10142 10135 10134
f 10141 10087 10088
f 10142 10136 10135
f 10141 10088 10089
f 10142 10137 10136
f 10141 10089 10090
f 10142 10138 10137
f 10141 10090 10091
f 10142 10139 10138
f 10141 10091 10092
f 10142 10140 10139
f 10141 10092 10081
f 10142 10129 10140
f 10081 10093 10094
f 10081 10094 10082
f 10082 10094 10095
f 10082 10095 10083
f 10083 10095 10096
f 10083 10096 10084
f 10084 10096 10097
f 10084 10097 10085
f 10085 10097 10098
f 10085 10098 10086
f 10086 10098 10099
f 10086 10099 10087
f 10087 10099 10100
f 10087 10100 10088
f 10088 10100 10101
f 10088 10101 10089
f 10089 10101 10102
f 10089 10102 10090
f 10090 10102 10103
f 10090 10103 10091
f 10091 10103 10104
f 10091 10104 10092
f 10092 10104 10093
f 10092 10093 10081
f 10093 10105 10106
f 10093 10106 10094
f 10094 10106 10107
f 10094 10107 10095
f 10095 10107 10108
f 10095 10108 10096
f 10096 10108 10109
f 10096 10109 10097
f 10097 10109 10110
f 10097 10110 10098
f 10098 10110 10111
f 10098 10111 10099
f 10099 10111 10112
f 10099 10112 10100
f 10100 10112 10113
f 10100 10113 10101
f 10101 10113 10114
f 10101 10114 10102
f 10102 10114 10115
f 10102 10115 10103
f 10103 10115 10116
f 10103 10116 10104
f 10104 10116 10105
f 10104 10105 10093
f 10105 10117 10118
f 10105 10118 10106
f 10106 10118 10119
f 10106 10119 10107
f 10107 10119 10120
f 10107 10120 10108
f 10108 10120 10121
f 10108 10121 10109
f 10109 10121 10122
f 10109 10122 10110
f 10110 10122 10123
f 10110 10123 10111
f 10111 10123 10124
f 10111 10124 10112
f 10112 10124 10125
f 10112 10125 10113
f 10113 10125 10126
f 10113 10126 10114
f 10114 10126 10127
f 10114 10127 10115
f 10115 10127 10128
f 10115 10128 10116
f 10116 10128 10117
f 10116 10117 10105
f 10117 10129 10130
f 10117 10130 10118
f 10118 10130 10131
f 10118 10131 10119
f 10119 10131 10132
f 10119 10132 10120
f 10120 10132 10133
f 10120 10133 10121
f 10121 10133 10134
f 10121 10134 10122
f 10122 10134 10135
f 10122 10135 10123
f 10123 10135 10136
f 10123 10136 10124
f 10124 10136 10137
f 10124 10137 10125
f 10125 10137 10138
f 10125 10138 10126
f 10126 10138 10139
f 10126 10139 10127
f 10127 10139 10140
f 10127 10140 10128
f 10128 10140 10129
f 10128 10129 10117
f 10143 10145 10146
f 10143 10146 10144
f 10145 10147 10148
f 10145 10148 10146
f 10147 10149 10150
f 10147 10150 10148
f 10149 10151 10152
f 10149 10152 10150
f 10151 10153 10154
f 10151 10154 10152
f 10153 10155 10156
f 10153 10156 10154
f 10155 10157 10158
f 10155 10158 10156
f 10157 10159 10160
f 10157 10160 10158
f 10159 10161 10162
f 10159 10162 10160
f 10161 10143 10144
f 10161 10144 10162
f 10223 10163 10164
f 10224 10212 10211
f 10223 10164 10165
f 10224 10213 10212
f 10223 10165 10166
f 10224 10214 10213
f 10223 10166 10167
f 10224 10215 10214
f 10223 10167 10168
f 10224 10216 10215
f 10223 10168 10169
f 10224 10217 10216
f 10223 10169 10170
f 10224 10218 10217
f 10223 10170 10171
f 10224 10219 10218
f 10223 10171 10172
f 10224 10220 10219
f 10223 10172 10173
f 10224 10221 10220
f 10223 10173 10174
f 10224 10222 10221
f 10223 10174 10163
f 10224 10211 10222
f 10163 10175 10176
f 10163 10176 10164
f 10164 10176 10177
f 10164 10177 10165
f 10165 10177 10178
f 10165 10178 10166
f 10166 10178 10179
f 10166 10179 10167
f 10167 10179 10180
f 10167 10180 10168
f 10168 10180 10181
f 10168 10181 10169
f 10169 10181 10182
f 10169 10182 10170
f 10170 10182 10183
f 10170 10183 10171
f 10171 10183 10184
f 10171 10184 10172
f 10172 10184 10185
f 10172 10185 10173
f 10173 10185 10186
f 10173 10186 10174
f 10174 10186 10175
f 10174 10175 10163
f 10175 10187 10188
f 10175 10188 10176
f 10176 10188 10189
f 10176 10189 10177
f 10177 10189 10190
f 10177 10190 10178
f 10178 10190 10191
f 10178 10191 10179
f 10179 10191 10192
f 10179 10192 10180
f 10180 10192 10193
f 10180 10193 10181
f 10181 10193 10194
f 10181 10194 10182
f 10182 10194 10195
f 10182 10195 10183
f 10183 10195 10196
f 10183 10196 10184
f 10184 10196 10197
f 10184 10197 10185
f 10185 10197 10198
f 10185 10198 10186
f 10186 10198 10187
f 10186 10187 10175
f 10187 10199 10200
f 10187 10200 10188
f 10188 10200 10201
f 10188 10201 10189
f 10189 10201 10202
f 10189 10202 10190
f 10190 10202 10203
f 10190 10203 10191
f 10191 10203 10204
f 10191 10204 10192
f 10192 10204 10205
f 10192 10205 10193
f 10193 10205 10206
f 10193 10206 10194
f 10194 10206 10207
f 10194 10207 10195
f 10195 10207 10208
f 10195 10208 10196
f 10196 10208 10209
f 10196 10209 10197
f 10197 10209 10210
f 10197 10210 10198
f 10198 10210 10199
f 10198 10199 10187
f 10199 10211 10212
f 10199 10212 10200
f 10200 10212 10213
f 10200 10213 10201
f 10201 10213 10214
f 10201 10214 10202
f 10202 10214 10215
f 10202 10215 10203
f 10203 10215 10216
f 10203 10216 10204
f 10204 10216 10217
f 10204 10217 10205
f 10205 10217 10218
f 10205 10218 10206
f 10206 10218 10219
f 10206 10219 10207
f 10207 10219 10220
f 10207 10220 10208
f 10208 10220 10221
f 10208 10221 10209
f 10209 10221 10222
f 10209 10222 10210
f 10210 10222 10211
f 10210 10211 10199
f 10225 10227 10228
f 10225 10228 10226
f 10227 10229 10230
f 10227 10230 10228
f 10229 10231 10232
f 10229 10232 10230
f 10231 10233 10234
f 10231 10234 10232
f 10233 10235 10236
f 10233 10236 10234
f 10235 10237 10238
f 10235 10238 10236
f 10237 10239 10240
f 10237 10240 10238
f 10239 10241 10242
f 10239 10242 10240
f 10241 10243 10244
f 10241 10244 10242
f 10243 10225 10226
f 10243 10226 10244
f 10305 10245 10246
f 10306 10294 10293
f 10305 10246 10247
f 10306 10295 10294
f 10305 10247 10248
f 10306 10296 10295
f 10305 10248 10249
f 10306 10297 10296
f 10305 10249 10250
f 10306 10298 10297
f 10305 10250 10251
f 10306 10299 10298
f 10305 10251 10252
f 10306 10300 10299
f 10305 10252 10253
f 10306 10301 10300
f 10305 10253 10254
f 10306 10302 10301
f 10305 10254 10255
f 10306 10303 10302
f 10305 10255 10256
f 10306 10304 10303
f 10305 10256 10245
f 10306 10293 10304
f 10245 10257 10258
f 10245 10258 10246
f 10246 10258 10259
f 10246 10259 10247
f 10247 10259 10260
f 10247 10260 10248
f 10248 10260 10261
f 10248 10261 10249
f 10249 10261 10262
f 10249 10262 10250
f 10250 10262 10263
f 10250 10263 10251
f 10251 10263 10264
f 10251 10264 10252
f 10252 10264 10265
f 10252 10265 10253
f 10253 10265 10266
f 10253 10266 10254
f 10254 10266 10267
f 10254 10267 10255
f 10255 10267 10268
f 10255 10268 10256
f 10256 10268 10257
f 10256 10257 10245
f 10257 10269 10270
f 10257 10270 10258
f 10258 10270 10271
f 10258 10271 10259
f 10259 10271 10272
f 10259 10272 10260
f 10260 10272 10273
f 10260 10273 10261
f 10261 10273 10274
f 10261 10274 10262
f 10262 10274 10275
f 10262 10275 10263
f 10263 10275 10276
f 10263 10276 10264
f 10264 10276 10277
f 10264 10277 10265
f 10265 10277 10278
f 10265 10278 10266
f 10266 10278 10279
f 10266 10279 10267
f 10267 10279 10280
f 10267 10280 10268
f 10268 10280 10269
f 10268 10269 10257
f 10269 10281 10282
f 10269 10282 10270
f 10270 10282 10283
f 10270 10283 10271
f 10271 10283 10284
f 10271 10284 10272
f 10272 10284 10285
f 10272 10285 10273
f 10273 10285 10286
f 10273 10286 10274
f 10274 10286 10287
f 10274 10287 10275
f 10275 10287 10288
f 10275 10288 10276
f 10276 10288 10289
f 10276 10289 10277
f 10277 10289 10290
f 10277 10290 10278
f 10278 10290 10291
f 10278 10291 10279
f 10279 10291 10292
f 10279 10292 10280
f 10280 10292 10281
f 10280 10281 10269
f 10281 10293 10294
f 10281 10294 10282
f 10282 10294 10295
f 10282 10295 10283
f 10283 10295 10296
f 10283 10296 10284
f 10284 10296 10297
f 10284 10297 10285
f 10285 10297 10298
f 10285 10298 10286
f 10286 10298 10299
f 10286 10299 10287
f 10287 10299 10300
f 10287 10300 10288
f 10288 10300 10301
f 10288 10301 10289
f 10289 10301 10302
f 10289 10302 10290
f 10290 10302 10303
f 10290 10303 10291
f 10291 10303 10304
f 10291 10304 10292
f 10292 10304 10293
f 10292 10293 10281
f 10307 10309 10310
f 10307 10310 10308
f 10309 10311 10312
f 10309 10312 10310
f 10311 10313 10314
f 10311 10314 10312
f 10313 10315 10316
f 10313 10316 10314
f 10315 10317 10318
f 10315 10318 10316
f 10317 10319 10320
f 10317 10320 10318
f 10319 10321 10322
f 10319 10322 10320
f 10321 10323 10324
f 10321 10324 10322
f 10323 10325 10326
f 10323 10326 10324
f 10325 10307 10308
f 10325 10308 10326
f 10387 10327 10328
f 10388 10376 10375
f 10387 10328 10329
f 10388 10377 10376
f 10387 10329 10330
f 10388 10378 10377
f 10387 10330 10331
f 10388 10379 10378
f 10387 10331 10332
f 10388 10380 10379
f 10387 10332 10333
f 10388 10381 10380
f 10387 10333 10334
f 10388 10382 10381
f 10387 10334 10335
f 10388 10383 10382
f 10387 10335 10336
f 10388 10384 10383
f 10387 10336 10337
f 10388 10385 10384
f 10387 10337 10338
f 10388 10386 10385
f 10387 10338 10327
f 10388 10375 10386
f 10327 10339 10340
f 10327 10340 10328
f 10328 10340 10341
f 10328 10341 10329
f 10329 10341 10342
f 10329 10342 10330
f 10330 10342 10343
f 10330 10343 10331
f 10331 10343 10344
f 10331 10344 10332
f 10332 10344 10345
f 10332 10345 10333
f 10333 10345 10346
f 10333 10346 10334
f 10334 10346 10347
f 10334 10347 10335
f 10335 10347 10348
f 10335 10348 10336
f 10336 10348 10349
f 10336 10349 10337
f 10337 10349 10350
f 10337 10350 10338
f 10338 10350 10339
f 10338 10339 10327
f 10339 10351 10352
f 10339 10352 10340
f 10340 10352 10353
f 10340 10353 10341
f 10341 10353 10354
f 10341 10354 10342
f 10342 10354 10355
f 10342 10355 10343
f 10343 10355 10356
f 10343 10356 10344
f 10344 10356 10357
f 10344 10357 10345
f 10345 10357 10358
f 10345 10358 10346
f 10346 10358 10359
f 10346 10359 10347
f 10347 10359 10360
f 10347 10360 10348
f 10348 10360 10361
f 10348 10361 10349
f 10349 10361 10362
f 10349 10362 10350
f 10350 10362 10351
f 10350 10351 10339
f 10351 10363 10364
f 10351 10364 10352
f 10352 10364 10365
f 10352 10365 10353
f 10353 10365 10366
f 10353 10366 10354
f 10354 10366 10367
f 10354 10367 10355
f 10355 10367 10368
f 10355 10368 10356
f 10356 10368 10369
f 10356 10369 10357
f 10357 10369 10370
f 10357 10370 10358
f 10358 10370 10371
f 10358 10371 10359
f 10359 10371 10372
f 10359 10372 10360
f 10360 10372 10373
f 10360 10373 10361
f 10361 10373 10374
f 10361 10374 10362
f 10362 10374 10363
f 10362 10363 10351
f 10363 10375 10376
f 10363 10376 10364
f 10364 10376 10377
f 10364 10377 10365
f 10365 10377 10378
f 10365 10378 10366
f 10366 10378 10379
f 10366 10379 10367
f 10367 10379 10380
f 10367 10380 10368
f 10368 10380 10381
f 10368 10381 10369
f 10369 10381 10382
f 10369 10382 10370
f 10370 10382 10383
f 10370 10383 10371
f 10371 10383 10384
f 10371 10384 10372
f 10372 10384 10385
f 10372 10385 10373
f 10373 10385 10386
f 10373 10386 10374
f 10374 10386 10375
f 10374 10375 10363
f 10389 10391 10392
f 10389 10392 10390
f 10391 10393 10394
f 10391 10394 10392
f 10393 10395 10396
f 10393 10396 10394
f 10395 10397 10398
f 10395 10398 10396
f 10397 10399 10400
f 10397 10400 10398
f 10399 10401 10402
f 10399 10402 10400
f 10401 10403 10404
f 10401 10404 10402
f 10403 10405 10406
f 10403 10406 10404
f 10405 10407 10408
f 10405 10408 10406
f 10407 10389 10390
f 10407 10390 10408
f 10469 10409 10410
f 10470 10458 10457
f 10469 10410 10411
f 10470 10459 10458
f 10469 10411 10412
f 10470 10460 10459
f 10469 10412 10413
f 10470 10461 10460
f 10469 10413 10414
f 10470 10462 10461
f 10469 10414 10415
f 10470 10463 10462
f 10469 10415 10416
f 10470 10464 10463
f 10469 10416 10417
f 10470 10465 10464
f 10469 10417 10418
f 10470 10466 10465
f 10469 10418 10419
f 10470 10467 10466
f 10469 10419 10420
f 10470 10468 10467
f 10469 10420 10409
f 10470 10457 10468
f 10409 10421 10422
f 10409 10422 10410
f 10410 10422 10423
f 10410 10423 10411
f 10411 10423 10424
f 10411 10424 10412
f 10412 10424 10425
f 10412 10425 10413
f 10413 10425 10426
f 10413 10426 10414
f 10414 10426 10427
f 10414 10427 10415
f 10415 10427 10428
f 10415 10428 10416
f 10416 10428 10429
f 10416 10429 10417
f 10417 10429 10430
f 10417 10430 10418
f 10418 10430 10431
f 10418 10431 10419
f 10419 10431 10432
f 10419 10432 10420
f 10420 10432 10421
f 10420 10421 10409
f 10421 10433 10434
f 10421 10434 10422
f 10422 10434 10435
f 10422 10435 10423
f 10423 10435 10436
f 10423 10436 10424
f 10424 10436 10437
f 10424 10437 10425
f 10425 10437 10438
f 10425 10438 10426
f 10426 10438 10439
f 10426 10439 10427
f 10427 10439 10440
f 10427 10440 10428
f 10428 10440 10441
f 10428 10441 10429
f 10429 10441 10442
f 10429 10442 10430
f 10430 10442 10443
f 10430 10443 10431
f 10431 10443 10444
f 10431 10444 10432
f 10432 10444 10433
f 10432 10433 10421
f 10433 10445 10446
f 10433 10446 10434
f 10434 10446 10447
f 10434 10447 10435
f 10435 10447 10448
f 10435 10448 10436
f 10436 10448 10449
f 10436 10449 10437
f 10437 10449 10450
f 10437 10450 10438
f 10438 10450 10451
f 10438 10451 10439
f 10439 10451 10452
f 10439 10452 10440
f 10440 10452 10453
f 10440 10453 10441
f 10441 10453 10454
f 10441 10454 10442
f 10442 10454 10455
f 10442 10455 10443
f 10443 10455 10456
f 10443 10456 10444
f 10444 10456 10445
f 10444 10445 10433
f 10445 10457 10458
f 10445 10458 10446
f 10446 10458 10459
f 10446 10459 10447
f 10447 10459 10460
f 10447 10460 10448
f 10448 10460 10461
f 10448 10461 10449
f 10449 10461 10462
f 10449 10462 10450
f 10450 10462 10463
f 10450 10463 10451
f 10451 10463 10464
f 10451 10464 10452
f 10452 10464 10465
f 10452 10465 10453
f 10453 10465 10466
f 10453 10466 10454
f 10454 10466 10467
f 10454 10467 10455
f 10455 10467 10468
f 10455 10468 10456
f 10456 10468 10457
f 10456 10457 10445
f 10471 10473 10474
f 10471 10474 10472
f 10473 10475 10476
f 10473 10476 10474
f 10475 10477 10478
f 10475 10478 10476
f 10477 10479 10480
f 10477 10480 10478
f 10479 10481 10482
f 10479 10482 10480
f 10481 10483 10484
f 10481 10484 10482
f 10483 10485 10486
f 10483 10486 10484
f 10485 10487 10488
f 10485 10488 10486
f 10487 10489 10490
f 10487 10490 10488
f 10489 10471 10472
f 10489 10472 10490
f 10551 10491 10492
f 10552 10540 10539
f 10551 10492 10493
f 10552 10541 10540
f 10551 10493 10494
f 10552 10542 10541
f 10551 10494 10495
f 10552 10543 10542
f 10551 10495 10496
f 10552 10544 10543
f 10551 10496 10497
f 10552 10545 10544
f 10551 10497 10498
f 10552 10546 10545
f 10551 10498 10499
f 10552 10547 10546
f 10551 10499 10500
f 10552 10548 10547
f 10551 10500 10501
f 10552 10549 10548
f 10551 10501 10502
f 10552 10550 10549
f 10551 10502 10491
f 10552 10539 10550
f 10491 10503 10504
f 10491 10504 10492
f 10492 10504 10505
f 10492 10505 10493
f 10493 10505 10506
f 10493 10506 10494
f 10494 10506 10507
f 10494 10507 10495
f 10495 10507 10508
f 10495 10508 10496
f 10496 10508 10509
f 10496 10509 10497
f 10497 10509 10510
f 10497 10510 10498
f 10498 10510 10511
f 10498 10511 10499
f 10499 10511 10512
f 10499 10512 10500
f 10500 10512 10513
f 10500 10513 10501
f 10501 10513 10514
f 10501 10514 10502
f 10502 10514 10503
f 10502 10503 10491
f 10503 10515 10516
f 10503 10516 10504
f 10504 10516 10517
f 10504 10517 10505
f 10505 10517 10518
f 10505 10518 10506
f 10506 10518 10519
f 10506 10519 10507
f 10507 10519 10520
f 10507 10520 10508
f 10508 10520 10521
f 10508 10521 10509
f 10509 10521 10522
f 10509 10522 10510
f 10510 10522 10523
f 10510 10523 10511
f 10511 10523 10524
f 10511 10524 10512
f 10512 10524 10525
f 10512 10525 10513
f 10513 10525 10526
f 10513 10526 10514
f 10514 10526 10515
f 10514 10515 10503
f 10515 10527 10528
f 10515 10528 10516
f 10516 10528 10529
f 10516 10529 10517
f 10517 10529 10530
f 10517 10530 10518
f 10518 10530 10531
f 10518 10531 10519
f 10519 10531 10532
f 10519 10532 10520
f 10520 10532 10533
f 10520 10533 10521
f 10521 10533 10534
f 10521 10534 10522
f 10522 10534 10535
f 10522 10535 10523
f 10523 10535 10536
f 10523 10536 10524
f 10524 10536 10537
f 10524 10537 10525
f 10525 10537 10538
f 10525 10538 10526
f 10526 10538 10527
f 10526 10527 10515
f 10527 10539 10540
f 10527 10540 10528
f 10528 10540 10541
f 10528 10541 10529
f 10529 10541 10542
f 10529 10542 10530
f 10530 10542 10543
f 10530 10543 10531
f 10531 10543 10544
f 10531 10544 10532
f 10532 10544 10545
f 10532 10545 10533
f 10533 10545 10546
f 10533 10546 10534
f 10534 10546 10547
f 10534 10547 10535
f 10535 10547 10548
f 10535 10548 10536
f 10536 10548 10549
f 10536 10549 10537
f 10537 10549 10550
f 10537 10550 10538
f 10538 10550 10539
f 10538 10539 10527
f 10553 10555 10556
f 10553 10556 10554
f 10555 10557 10558
f 10555 10558 10556
f 10557 10559 10560
f 10557 10560 10558
f 10559 10561 10562
f 10559 10562 10560
f 10561 10563 10564
f 10561 10564 10562
f 10563 10565 10566
f 10563 10566 10564
f 10565 10567 10568
f 10565 10568 10566
f 10567 10569 10570
f 10567 10570 10568
f 10569 10571 10572
f 10569 10572 10570
f 10571 10553 10554
f 10571 10554 10572
f 10633 10573 10574
f 10634 10622 10621
f 10633 10574 10575
f 10634 10623 10622
f 10633 10575 10576
f 10634 10624 10623
f 10633 10576 10577
f 10634 10625 10624
f 10633 10577 10578
f 10634 10626 10625
f 10633 10578 10579
f 10634 10627 10626
f 10633 10579 10580
f 10634 10628 10627
f 10633 10580 10581
f 10634 10629 10628
f 10633 10581 10582
f 10634 10630 10629
f 10633 10582 10583
f 10634 10631 10630
f 10633 10583 10584
f 10634 10632 10631
f 10633 10584 10573
f 10634 10621 10632
f 10573 10585 10586
f 10573 10586 10574
f 10574 10586 10587
f 10574 10587 10575
f 10575 10587 10588
f 10575 10588 10576
f 10576 10588 10589
f 10576 10589 10577
f 10577 10589 10590
f 10577 10590 10578
f 10578 10590 10591
f 10578 10591 10579
f 10579 10591 10592
f 10579 10592 10580
f 10580 10592 10593
f 10580 10593 10581
f 10581 10593 10594
f 10581 10594 10582
f 10582 10594 10595
f 10582 10595 10583
f 10583 10595 10596
f 10583 10596 10584
f 10584 10596 10585
f 10584 10585 10573
f 10585 10597 10598
f 10585 10598 10586
f 10586 10598 10599
f 10586 10599 10587
f 10587 10599 10600
f 10587 10600 10588
f 10588 10600 10601
f 10588 10601 10589
f 10589 10601 10602
f 10589 10602 10590
f 10590 10602 10603
f 10590 10603 10591
f 10591 10603 10604
f 10591 10604 10592
f 10592 10604 10605
f 10592 10605 10593
f 10593 10605 10606
f 10593 10606 10594
f 10594 10606 10607
f 10594 10607 10595
f 10595 10607 10608
f 10595 10608 10596
f 10596 10608 10597
f 10596 10597 10585
f 10597 10609 10610
f 10597 10610 10598
f 10598 10610 10611
f 10598 10611 10599
f 10599 10611 10612
f 10599 10612 10600
f 10600 10612 10613
f 10600 10613 10601
f 10601 10613 10614
f 10601 10614 10602
f 10602 10614 10615
f 10602 10615 10603
f 10603 10615 10616
f 10603 10616 10604
f 10604 10616 10617
f 10604 10617 10605
f 10605 10617 10618
f 10605 10618 10606
f 10606 10618 10619
f 10606 10619 10607
f 10607 10619 10620
f 10607 10620 10608
f 10608 10620 10609
f 10608 10609 10597
f 10609 10621 10622
f 10609 10622 10610
f 10610 10622 10623
f 10610 10623 10611
f 10611 10623 10624
f 10611 10624 10612
f 10612 10624 10625
f 10612 10625 10613
f 10613 10625 10626
f 10613 10626 10614
f 10614 10626 10627
f 10614 10627 10615
f 10615 10627 10628
f 10615 10628 10616
f 10616 10628 10629
f 10616 10629 10617
f 10617 10629 10630
f 10617 10630 10618
f 10618 10630 10631
f 10618 10631 10619
f 10619 10631 10632
f 10619 10632 10620
f 10620 10632 10621
f 10620 10621 10609
f 10635 10637 10638
f 10635 10638 10636
f 10637 10639 10640
f 10637 10640 10638
f 10639 10641 10642
f 10639 10642 10640
f 10641 10643 10644
f 10641 10644 10642
f 10643 10645 10646
f 10643 10646 10644
f 10645 10647 10648
f 10645 10648 10646
f 10647 10649 10650
f 10647 10650 10648
f 10649 10651 10652
f 10649 10652 10650
f 10651 10653 10654
f 10651 10654 10652
f 10653 10635 10636
f 10653 10636 10654
f 10715 10655 10656
f 10716 10704 10703
f 10715 10656 10657
f 10716 10705 10704
f 10715 10657 10658
f 10716 10706 10705
f 10715 10658 10659
f 10716 10707 10706
f 10715 10659 10660
f 10716 10708 10707
f 10715 10660 10661
f 10716 10709 10708
f 10715 10661 10662
f 10716 10710 10709
f 10715 10662 10663
f 10716 10711 10710
f 10715 10663 10664
f 10716 10712 10711
f 10715 10664 10665
f 10716 10713 10712
f 10715 10665 10666
f 10716 10714 10713
f 10715 10666 10655
f 10716 10703 10714
f 10655 10667 10668
f 10655 10668 10656
f 10656 10668 10669
f 10656 10669 10657
f 10657 10669 10670
f 10657 10670 10658
f 10658 10670 10671
f 10658 10671 10659
f 10659 10671 10672
f 10659 10672 10660
f 10660 10672 10673
f 10660 10673 10661
f 10661 10673 10674
f 10661 10674 10662
f 10662 10674 10675
f 10662 10675 10663
f 10663 10675 10676
f 10663 10676 10664
f 10664 10676 10677
f 10664 10677 10665
f 10665 10677 10678
f 10665 10678 10666
f 10666 10678 10667
f 10666 10667 10655
f 10667 10679 10680
f 10667 10680 10668
f 10668 10680 10681
f 10668 10681 10669
f 10669 10681 10682
f 10669 10682 10670
f 10670 10682 10683
f 10670 10683 10671
f 10671 10683 10684
f 10671 10684 10672
f 10672 10684 10685
f 10672 10685 10673
f 10673 10685 10686
f 10673 10686 10674
f 10674 10686 10687
f 10674 10687 10675
f 10675 10687 10688
f 10675 10688 10676
f 10676 10688 10689
f 10676 10689 10677
f 10677 10689 10690
f 10677 10690 10678
f 10678 10690 10679
f 10678 10679 10667
f 10679 10691 10692
f 10679 10692 10680
f 10680 10692 10693
f 10680 10693 10681
f 10681 10693 10694
f 10681 10694 10682
f 10682 10694 10695
f 10682 10695 10683
f 10683 10695 10696
f 10683 10696 10684
f 10684 10696 10697
f 10684 10697 10685
f 10685 10697 10698
f 10685 10698 10686
f 10686 10698 10699
f 10686 10699 10687
f 10687 10699 10700
f 10687 10700 10688
f 10688 10700 10701
f 10688 10701 10689
f 10689 10701 10702
f 10689 10702 10690
f 10690 10702 10691
f 10690 10691 10679
f 10691 10703 10704
f 10691 10704 10692
f 10692 10704 10705
f 10692 10705 10693
f 10693 10705 10706
f 10693 10706 10694
f 10694 10706 10707
f 10694 10707 10695
f 10695 10707 10708
f 10695 10708 10696
f 10696 10708 10709
f 10696 10709 10697
f 10697 10709 10710
f 10697 10710 10698
f 10698 10710 10711
f 10698 10711 10699
f 10699 10711 10712
f 10699 10712 10700
f 10700 10712 10713
f 10700 10713 10701
f 10701 10713 10714
f 10701 10714 10702
f 10702 10714 10703
f 10702 10703 10691
